condition,task,seed,metric,value
A/gain=0,beacon,1,score,25
A/gain=0,beacon,2,score,15
A/gain=0,beacon,3,score,23
A/gain=0,beacon,4,score,21
A/gain=0,beacon,5,score,17
A/gain=0,beacon,6,score,12
A/gain=0,beacon,7,score,25
A/gain=0,beacon,8,score,12
A/gain=0,beacon,9,score,16
A/gain=0,beacon,10,score,24
A/gain=0,beacon,11,score,19
A/gain=0,beacon,12,score,11
A/gain=0,beacon,13,score,13
A/gain=0,beacon,14,score,12
A/gain=0,beacon,15,score,26
A/gain=0,beacon,16,score,24
A/gain=0,beacon,17,score,17
A/gain=0,beacon,18,score,12
A/gain=0,beacon,19,score,26
A/gain=0,beacon,20,score,12
A/gain=0,beacon,21,score,27
A/gain=0,beacon,22,score,16
A/gain=0,beacon,23,score,12
A/gain=0,beacon,24,score,20
A/gain=0,beacon,25,score,22
A/gain=0,beacon,26,score,25
A/gain=0,beacon,27,score,16
A/gain=0,beacon,28,score,16
A/gain=0,beacon,29,score,19
A/gain=0,beacon,30,score,19
A/gain=0,beacon,1,vrest,0
A/gain=0,beacon,2,vrest,0
A/gain=0,beacon,3,vrest,0
A/gain=0,beacon,4,vrest,0
A/gain=0,beacon,5,vrest,0
A/gain=0,beacon,6,vrest,0
A/gain=0,beacon,7,vrest,0
A/gain=0,beacon,8,vrest,0
A/gain=0,beacon,9,vrest,0
A/gain=0,beacon,10,vrest,0
A/gain=0,beacon,11,vrest,0
A/gain=0,beacon,12,vrest,0
A/gain=0,beacon,13,vrest,0
A/gain=0,beacon,14,vrest,0
A/gain=0,beacon,15,vrest,0.000333333
A/gain=0,beacon,16,vrest,0
A/gain=0,beacon,17,vrest,0.000333333
A/gain=0,beacon,18,vrest,0
A/gain=0,beacon,19,vrest,0.000333333
A/gain=0,beacon,20,vrest,0
A/gain=0,beacon,21,vrest,0
A/gain=0,beacon,22,vrest,0.000333333
A/gain=0,beacon,23,vrest,0
A/gain=0,beacon,24,vrest,0
A/gain=0,beacon,25,vrest,0
A/gain=0,beacon,26,vrest,0
A/gain=0,beacon,27,vrest,0
A/gain=0,beacon,28,vrest,0
A/gain=0,beacon,29,vrest,0
A/gain=0,beacon,30,vrest,0
A/gain=0,foraging,1,score,49
A/gain=0,foraging,2,score,39
A/gain=0,foraging,3,score,44
A/gain=0,foraging,4,score,38
A/gain=0,foraging,5,score,47
A/gain=0,foraging,6,score,38
A/gain=0,foraging,7,score,49
A/gain=0,foraging,8,score,44
A/gain=0,foraging,9,score,46
A/gain=0,foraging,10,score,48
A/gain=0,foraging,11,score,50
A/gain=0,foraging,12,score,59
A/gain=0,foraging,13,score,55
A/gain=0,foraging,14,score,47
A/gain=0,foraging,15,score,52
A/gain=0,foraging,16,score,53
A/gain=0,foraging,17,score,47
A/gain=0,foraging,18,score,41
A/gain=0,foraging,19,score,44
A/gain=0,foraging,20,score,49
A/gain=0,foraging,21,score,49
A/gain=0,foraging,22,score,42
A/gain=0,foraging,23,score,39
A/gain=0,foraging,24,score,39
A/gain=0,foraging,25,score,44
A/gain=0,foraging,26,score,39
A/gain=0,foraging,27,score,47
A/gain=0,foraging,28,score,49
A/gain=0,foraging,29,score,54
A/gain=0,foraging,30,score,49
A/gain=0,foraging,1,vrest,0.000333333
A/gain=0,foraging,2,vrest,0
A/gain=0,foraging,3,vrest,0
A/gain=0,foraging,4,vrest,0
A/gain=0,foraging,5,vrest,0
A/gain=0,foraging,6,vrest,0
A/gain=0,foraging,7,vrest,0
A/gain=0,foraging,8,vrest,0
A/gain=0,foraging,9,vrest,0
A/gain=0,foraging,10,vrest,0
A/gain=0,foraging,11,vrest,0
A/gain=0,foraging,12,vrest,0
A/gain=0,foraging,13,vrest,0
A/gain=0,foraging,14,vrest,0
A/gain=0,foraging,15,vrest,0.000333333
A/gain=0,foraging,16,vrest,0
A/gain=0,foraging,17,vrest,0
A/gain=0,foraging,18,vrest,0
A/gain=0,foraging,19,vrest,0
A/gain=0,foraging,20,vrest,0.000333333
A/gain=0,foraging,21,vrest,0
A/gain=0,foraging,22,vrest,0
A/gain=0,foraging,23,vrest,0
A/gain=0,foraging,24,vrest,0
A/gain=0,foraging,25,vrest,0
A/gain=0,foraging,26,vrest,0
A/gain=0,foraging,27,vrest,0
A/gain=0,foraging,28,vrest,0
A/gain=0,foraging,29,vrest,0
A/gain=0,foraging,30,vrest,0
A/gain=0,hazard_field,1,score,32
A/gain=0,hazard_field,2,score,34
A/gain=0,hazard_field,3,score,38
A/gain=0,hazard_field,4,score,38
A/gain=0,hazard_field,5,score,36
A/gain=0,hazard_field,6,score,37
A/gain=0,hazard_field,7,score,33
A/gain=0,hazard_field,8,score,29
A/gain=0,hazard_field,9,score,31
A/gain=0,hazard_field,10,score,32
A/gain=0,hazard_field,11,score,37
A/gain=0,hazard_field,12,score,35
A/gain=0,hazard_field,13,score,32
A/gain=0,hazard_field,14,score,32
A/gain=0,hazard_field,15,score,34
A/gain=0,hazard_field,16,score,34
A/gain=0,hazard_field,17,score,37
A/gain=0,hazard_field,18,score,34
A/gain=0,hazard_field,19,score,38
A/gain=0,hazard_field,20,score,32
A/gain=0,hazard_field,21,score,32
A/gain=0,hazard_field,22,score,35
A/gain=0,hazard_field,23,score,34
A/gain=0,hazard_field,24,score,37
A/gain=0,hazard_field,25,score,32
A/gain=0,hazard_field,26,score,32
A/gain=0,hazard_field,27,score,35
A/gain=0,hazard_field,28,score,35
A/gain=0,hazard_field,29,score,34
A/gain=0,hazard_field,30,score,35
A/gain=0,hazard_field,1,vrest,0.000333333
A/gain=0,hazard_field,2,vrest,0
A/gain=0,hazard_field,3,vrest,0
A/gain=0,hazard_field,4,vrest,0
A/gain=0,hazard_field,5,vrest,0
A/gain=0,hazard_field,6,vrest,0
A/gain=0,hazard_field,7,vrest,0
A/gain=0,hazard_field,8,vrest,0.001
A/gain=0,hazard_field,9,vrest,0
A/gain=0,hazard_field,10,vrest,0
A/gain=0,hazard_field,11,vrest,0
A/gain=0,hazard_field,12,vrest,0
A/gain=0,hazard_field,13,vrest,0
A/gain=0,hazard_field,14,vrest,0.000666667
A/gain=0,hazard_field,15,vrest,0
A/gain=0,hazard_field,16,vrest,0.000666667
A/gain=0,hazard_field,17,vrest,0
A/gain=0,hazard_field,18,vrest,0.000666667
A/gain=0,hazard_field,19,vrest,0.001
A/gain=0,hazard_field,20,vrest,0.000666667
A/gain=0,hazard_field,21,vrest,0.000333333
A/gain=0,hazard_field,22,vrest,0
A/gain=0,hazard_field,23,vrest,0
A/gain=0,hazard_field,24,vrest,0
A/gain=0,hazard_field,25,vrest,0
A/gain=0,hazard_field,26,vrest,0
A/gain=0,hazard_field,27,vrest,0
A/gain=0,hazard_field,28,vrest,0.000333333
A/gain=0,hazard_field,29,vrest,0.000666667
A/gain=0,hazard_field,30,vrest,0.000333333
A/gain=0,memory_maze,1,attempted,4
A/gain=0,memory_maze,2,attempted,4
A/gain=0,memory_maze,3,attempted,4
A/gain=0,memory_maze,4,attempted,4
A/gain=0,memory_maze,5,attempted,4
A/gain=0,memory_maze,6,attempted,4
A/gain=0,memory_maze,7,attempted,4
A/gain=0,memory_maze,8,attempted,4
A/gain=0,memory_maze,9,attempted,4
A/gain=0,memory_maze,10,attempted,4
A/gain=0,memory_maze,11,attempted,4
A/gain=0,memory_maze,12,attempted,4
A/gain=0,memory_maze,13,attempted,4
A/gain=0,memory_maze,14,attempted,4
A/gain=0,memory_maze,15,attempted,4
A/gain=0,memory_maze,16,attempted,4
A/gain=0,memory_maze,17,attempted,4
A/gain=0,memory_maze,18,attempted,4
A/gain=0,memory_maze,19,attempted,4
A/gain=0,memory_maze,20,attempted,4
A/gain=0,memory_maze,21,attempted,4
A/gain=0,memory_maze,22,attempted,4
A/gain=0,memory_maze,23,attempted,4
A/gain=0,memory_maze,24,attempted,4
A/gain=0,memory_maze,25,attempted,4
A/gain=0,memory_maze,26,attempted,4
A/gain=0,memory_maze,27,attempted,4
A/gain=0,memory_maze,28,attempted,4
A/gain=0,memory_maze,29,attempted,4
A/gain=0,memory_maze,30,attempted,4
A/gain=0,memory_maze,1,score,0
A/gain=0,memory_maze,2,score,0
A/gain=0,memory_maze,3,score,0
A/gain=0,memory_maze,4,score,0
A/gain=0,memory_maze,5,score,0
A/gain=0,memory_maze,6,score,0
A/gain=0,memory_maze,7,score,0
A/gain=0,memory_maze,8,score,0
A/gain=0,memory_maze,9,score,0
A/gain=0,memory_maze,10,score,0
A/gain=0,memory_maze,11,score,0
A/gain=0,memory_maze,12,score,0
A/gain=0,memory_maze,13,score,0
A/gain=0,memory_maze,14,score,0
A/gain=0,memory_maze,15,score,0
A/gain=0,memory_maze,16,score,0
A/gain=0,memory_maze,17,score,0
A/gain=0,memory_maze,18,score,0
A/gain=0,memory_maze,19,score,0
A/gain=0,memory_maze,20,score,0
A/gain=0,memory_maze,21,score,0
A/gain=0,memory_maze,22,score,0
A/gain=0,memory_maze,23,score,0
A/gain=0,memory_maze,24,score,0
A/gain=0,memory_maze,25,score,0
A/gain=0,memory_maze,26,score,0
A/gain=0,memory_maze,27,score,0
A/gain=0,memory_maze,28,score,0
A/gain=0,memory_maze,29,score,0
A/gain=0,memory_maze,30,score,0
A/gain=0.2,beacon,1,score,24
A/gain=0.2,beacon,2,score,14
A/gain=0.2,beacon,3,score,18
A/gain=0.2,beacon,4,score,21
A/gain=0.2,beacon,5,score,17
A/gain=0.2,beacon,6,score,12
A/gain=0.2,beacon,7,score,23
A/gain=0.2,beacon,8,score,12
A/gain=0.2,beacon,9,score,15
A/gain=0.2,beacon,10,score,24
A/gain=0.2,beacon,11,score,21
A/gain=0.2,beacon,12,score,14
A/gain=0.2,beacon,13,score,13
A/gain=0.2,beacon,14,score,12
A/gain=0.2,beacon,15,score,25
A/gain=0.2,beacon,16,score,23
A/gain=0.2,beacon,17,score,16
A/gain=0.2,beacon,18,score,12
A/gain=0.2,beacon,19,score,25
A/gain=0.2,beacon,20,score,13
A/gain=0.2,beacon,21,score,22
A/gain=0.2,beacon,22,score,16
A/gain=0.2,beacon,23,score,16
A/gain=0.2,beacon,24,score,24
A/gain=0.2,beacon,25,score,25
A/gain=0.2,beacon,26,score,24
A/gain=0.2,beacon,27,score,24
A/gain=0.2,beacon,28,score,14
A/gain=0.2,beacon,29,score,21
A/gain=0.2,beacon,30,score,21
A/gain=0.2,beacon,1,vrest,0
A/gain=0.2,beacon,2,vrest,0
A/gain=0.2,beacon,3,vrest,0
A/gain=0.2,beacon,4,vrest,0
A/gain=0.2,beacon,5,vrest,0
A/gain=0.2,beacon,6,vrest,0
A/gain=0.2,beacon,7,vrest,0
A/gain=0.2,beacon,8,vrest,0
A/gain=0.2,beacon,9,vrest,0
A/gain=0.2,beacon,10,vrest,0
A/gain=0.2,beacon,11,vrest,0
A/gain=0.2,beacon,12,vrest,0
A/gain=0.2,beacon,13,vrest,0
A/gain=0.2,beacon,14,vrest,0
A/gain=0.2,beacon,15,vrest,0.000333333
A/gain=0.2,beacon,16,vrest,0
A/gain=0.2,beacon,17,vrest,0.000333333
A/gain=0.2,beacon,18,vrest,0
A/gain=0.2,beacon,19,vrest,0.000333333
A/gain=0.2,beacon,20,vrest,0
A/gain=0.2,beacon,21,vrest,0
A/gain=0.2,beacon,22,vrest,0.000333333
A/gain=0.2,beacon,23,vrest,0
A/gain=0.2,beacon,24,vrest,0
A/gain=0.2,beacon,25,vrest,0
A/gain=0.2,beacon,26,vrest,0
A/gain=0.2,beacon,27,vrest,0
A/gain=0.2,beacon,28,vrest,0
A/gain=0.2,beacon,29,vrest,0
A/gain=0.2,beacon,30,vrest,0
A/gain=0.2,foraging,1,score,34
A/gain=0.2,foraging,2,score,37
A/gain=0.2,foraging,3,score,48
A/gain=0.2,foraging,4,score,49
A/gain=0.2,foraging,5,score,54
A/gain=0.2,foraging,6,score,39
A/gain=0.2,foraging,7,score,49
A/gain=0.2,foraging,8,score,42
A/gain=0.2,foraging,9,score,47
A/gain=0.2,foraging,10,score,58
A/gain=0.2,foraging,11,score,53
A/gain=0.2,foraging,12,score,49
A/gain=0.2,foraging,13,score,39
A/gain=0.2,foraging,14,score,47
A/gain=0.2,foraging,15,score,53
A/gain=0.2,foraging,16,score,57
A/gain=0.2,foraging,17,score,39
A/gain=0.2,foraging,18,score,61
A/gain=0.2,foraging,19,score,49
A/gain=0.2,foraging,20,score,62
A/gain=0.2,foraging,21,score,49
A/gain=0.2,foraging,22,score,49
A/gain=0.2,foraging,23,score,44
A/gain=0.2,foraging,24,score,38
A/gain=0.2,foraging,25,score,42
A/gain=0.2,foraging,26,score,49
A/gain=0.2,foraging,27,score,44
A/gain=0.2,foraging,28,score,38
A/gain=0.2,foraging,29,score,52
A/gain=0.2,foraging,30,score,46
A/gain=0.2,foraging,1,vrest,0.000333333
A/gain=0.2,foraging,2,vrest,0
A/gain=0.2,foraging,3,vrest,0
A/gain=0.2,foraging,4,vrest,0
A/gain=0.2,foraging,5,vrest,0
A/gain=0.2,foraging,6,vrest,0
A/gain=0.2,foraging,7,vrest,0
A/gain=0.2,foraging,8,vrest,0
A/gain=0.2,foraging,9,vrest,0
A/gain=0.2,foraging,10,vrest,0
A/gain=0.2,foraging,11,vrest,0
A/gain=0.2,foraging,12,vrest,0
A/gain=0.2,foraging,13,vrest,0
A/gain=0.2,foraging,14,vrest,0.000333333
A/gain=0.2,foraging,15,vrest,0
A/gain=0.2,foraging,16,vrest,0
A/gain=0.2,foraging,17,vrest,0
A/gain=0.2,foraging,18,vrest,0
A/gain=0.2,foraging,19,vrest,0
A/gain=0.2,foraging,20,vrest,0.000333333
A/gain=0.2,foraging,21,vrest,0
A/gain=0.2,foraging,22,vrest,0
A/gain=0.2,foraging,23,vrest,0
A/gain=0.2,foraging,24,vrest,0
A/gain=0.2,foraging,25,vrest,0
A/gain=0.2,foraging,26,vrest,0
A/gain=0.2,foraging,27,vrest,0
A/gain=0.2,foraging,28,vrest,0
A/gain=0.2,foraging,29,vrest,0
A/gain=0.2,foraging,30,vrest,0
A/gain=0.2,hazard_field,1,score,32
A/gain=0.2,hazard_field,2,score,33
A/gain=0.2,hazard_field,3,score,34
A/gain=0.2,hazard_field,4,score,38
A/gain=0.2,hazard_field,5,score,37
A/gain=0.2,hazard_field,6,score,35
A/gain=0.2,hazard_field,7,score,31
A/gain=0.2,hazard_field,8,score,31
A/gain=0.2,hazard_field,9,score,31
A/gain=0.2,hazard_field,10,score,34
A/gain=0.2,hazard_field,11,score,37
A/gain=0.2,hazard_field,12,score,37
A/gain=0.2,hazard_field,13,score,31
A/gain=0.2,hazard_field,14,score,38
A/gain=0.2,hazard_field,15,score,32
A/gain=0.2,hazard_field,16,score,32
A/gain=0.2,hazard_field,17,score,35
A/gain=0.2,hazard_field,18,score,31
A/gain=0.2,hazard_field,19,score,35
A/gain=0.2,hazard_field,20,score,35
A/gain=0.2,hazard_field,21,score,34
A/gain=0.2,hazard_field,22,score,32
A/gain=0.2,hazard_field,23,score,34
A/gain=0.2,hazard_field,24,score,31
A/gain=0.2,hazard_field,25,score,35
A/gain=0.2,hazard_field,26,score,29
A/gain=0.2,hazard_field,27,score,34
A/gain=0.2,hazard_field,28,score,34
A/gain=0.2,hazard_field,29,score,35
A/gain=0.2,hazard_field,30,score,34
A/gain=0.2,hazard_field,1,vrest,0
A/gain=0.2,hazard_field,2,vrest,0
A/gain=0.2,hazard_field,3,vrest,0
A/gain=0.2,hazard_field,4,vrest,0
A/gain=0.2,hazard_field,5,vrest,0
A/gain=0.2,hazard_field,6,vrest,0
A/gain=0.2,hazard_field,7,vrest,0
A/gain=0.2,hazard_field,8,vrest,0
A/gain=0.2,hazard_field,9,vrest,0
A/gain=0.2,hazard_field,10,vrest,0
A/gain=0.2,hazard_field,11,vrest,0
A/gain=0.2,hazard_field,12,vrest,0.000333333
A/gain=0.2,hazard_field,13,vrest,0.000666667
A/gain=0.2,hazard_field,14,vrest,0
A/gain=0.2,hazard_field,15,vrest,0
A/gain=0.2,hazard_field,16,vrest,0
A/gain=0.2,hazard_field,17,vrest,0
A/gain=0.2,hazard_field,18,vrest,0.000333333
A/gain=0.2,hazard_field,19,vrest,0
A/gain=0.2,hazard_field,20,vrest,0
A/gain=0.2,hazard_field,21,vrest,0
A/gain=0.2,hazard_field,22,vrest,0.000333333
A/gain=0.2,hazard_field,23,vrest,0
A/gain=0.2,hazard_field,24,vrest,0
A/gain=0.2,hazard_field,25,vrest,0.000333333
A/gain=0.2,hazard_field,26,vrest,0
A/gain=0.2,hazard_field,27,vrest,0
A/gain=0.2,hazard_field,28,vrest,0
A/gain=0.2,hazard_field,29,vrest,0
A/gain=0.2,hazard_field,30,vrest,0
A/gain=0.2,memory_maze,1,attempted,21
A/gain=0.2,memory_maze,2,attempted,27
A/gain=0.2,memory_maze,3,attempted,19
A/gain=0.2,memory_maze,4,attempted,35
A/gain=0.2,memory_maze,5,attempted,43
A/gain=0.2,memory_maze,6,attempted,38
A/gain=0.2,memory_maze,7,attempted,28
A/gain=0.2,memory_maze,8,attempted,42
A/gain=0.2,memory_maze,9,attempted,25
A/gain=0.2,memory_maze,10,attempted,29
A/gain=0.2,memory_maze,11,attempted,23
A/gain=0.2,memory_maze,12,attempted,16
A/gain=0.2,memory_maze,13,attempted,50
A/gain=0.2,memory_maze,14,attempted,22
A/gain=0.2,memory_maze,15,attempted,28
A/gain=0.2,memory_maze,16,attempted,27
A/gain=0.2,memory_maze,17,attempted,24
A/gain=0.2,memory_maze,18,attempted,49
A/gain=0.2,memory_maze,19,attempted,55
A/gain=0.2,memory_maze,20,attempted,41
A/gain=0.2,memory_maze,21,attempted,38
A/gain=0.2,memory_maze,22,attempted,22
A/gain=0.2,memory_maze,23,attempted,27
A/gain=0.2,memory_maze,24,attempted,41
A/gain=0.2,memory_maze,25,attempted,25
A/gain=0.2,memory_maze,26,attempted,30
A/gain=0.2,memory_maze,27,attempted,33
A/gain=0.2,memory_maze,28,attempted,18
A/gain=0.2,memory_maze,29,attempted,25
A/gain=0.2,memory_maze,30,attempted,38
A/gain=0.2,memory_maze,1,score,21
A/gain=0.2,memory_maze,2,score,27
A/gain=0.2,memory_maze,3,score,15
A/gain=0.2,memory_maze,4,score,34
A/gain=0.2,memory_maze,5,score,43
A/gain=0.2,memory_maze,6,score,38
A/gain=0.2,memory_maze,7,score,27
A/gain=0.2,memory_maze,8,score,42
A/gain=0.2,memory_maze,9,score,25
A/gain=0.2,memory_maze,10,score,28
A/gain=0.2,memory_maze,11,score,23
A/gain=0.2,memory_maze,12,score,16
A/gain=0.2,memory_maze,13,score,50
A/gain=0.2,memory_maze,14,score,22
A/gain=0.2,memory_maze,15,score,27
A/gain=0.2,memory_maze,16,score,26
A/gain=0.2,memory_maze,17,score,24
A/gain=0.2,memory_maze,18,score,49
A/gain=0.2,memory_maze,19,score,55
A/gain=0.2,memory_maze,20,score,41
A/gain=0.2,memory_maze,21,score,38
A/gain=0.2,memory_maze,22,score,21
A/gain=0.2,memory_maze,23,score,27
A/gain=0.2,memory_maze,24,score,41
A/gain=0.2,memory_maze,25,score,22
A/gain=0.2,memory_maze,26,score,28
A/gain=0.2,memory_maze,27,score,33
A/gain=0.2,memory_maze,28,score,18
A/gain=0.2,memory_maze,29,score,25
A/gain=0.2,memory_maze,30,score,36
A/gain=0.4,beacon,1,score,25
A/gain=0.4,beacon,2,score,18
A/gain=0.4,beacon,3,score,20
A/gain=0.4,beacon,4,score,20
A/gain=0.4,beacon,5,score,18
A/gain=0.4,beacon,6,score,10
A/gain=0.4,beacon,7,score,23
A/gain=0.4,beacon,8,score,16
A/gain=0.4,beacon,9,score,16
A/gain=0.4,beacon,10,score,24
A/gain=0.4,beacon,11,score,20
A/gain=0.4,beacon,12,score,11
A/gain=0.4,beacon,13,score,13
A/gain=0.4,beacon,14,score,12
A/gain=0.4,beacon,15,score,26
A/gain=0.4,beacon,16,score,14
A/gain=0.4,beacon,17,score,16
A/gain=0.4,beacon,18,score,11
A/gain=0.4,beacon,19,score,26
A/gain=0.4,beacon,20,score,14
A/gain=0.4,beacon,21,score,19
A/gain=0.4,beacon,22,score,16
A/gain=0.4,beacon,23,score,21
A/gain=0.4,beacon,24,score,24
A/gain=0.4,beacon,25,score,19
A/gain=0.4,beacon,26,score,24
A/gain=0.4,beacon,27,score,22
A/gain=0.4,beacon,28,score,15
A/gain=0.4,beacon,29,score,18
A/gain=0.4,beacon,30,score,24
A/gain=0.4,beacon,1,vrest,0
A/gain=0.4,beacon,2,vrest,0
A/gain=0.4,beacon,3,vrest,0
A/gain=0.4,beacon,4,vrest,0
A/gain=0.4,beacon,5,vrest,0
A/gain=0.4,beacon,6,vrest,0
A/gain=0.4,beacon,7,vrest,0
A/gain=0.4,beacon,8,vrest,0
A/gain=0.4,beacon,9,vrest,0
A/gain=0.4,beacon,10,vrest,0
A/gain=0.4,beacon,11,vrest,0
A/gain=0.4,beacon,12,vrest,0
A/gain=0.4,beacon,13,vrest,0
A/gain=0.4,beacon,14,vrest,0
A/gain=0.4,beacon,15,vrest,0.000333333
A/gain=0.4,beacon,16,vrest,0
A/gain=0.4,beacon,17,vrest,0.000333333
A/gain=0.4,beacon,18,vrest,0
A/gain=0.4,beacon,19,vrest,0.000333333
A/gain=0.4,beacon,20,vrest,0
A/gain=0.4,beacon,21,vrest,0
A/gain=0.4,beacon,22,vrest,0.000333333
A/gain=0.4,beacon,23,vrest,0
A/gain=0.4,beacon,24,vrest,0
A/gain=0.4,beacon,25,vrest,0
A/gain=0.4,beacon,26,vrest,0
A/gain=0.4,beacon,27,vrest,0
A/gain=0.4,beacon,28,vrest,0
A/gain=0.4,beacon,29,vrest,0
A/gain=0.4,beacon,30,vrest,0
A/gain=0.4,foraging,1,score,50
A/gain=0.4,foraging,2,score,37
A/gain=0.4,foraging,3,score,43
A/gain=0.4,foraging,4,score,47
A/gain=0.4,foraging,5,score,38
A/gain=0.4,foraging,6,score,44
A/gain=0.4,foraging,7,score,43
A/gain=0.4,foraging,8,score,46
A/gain=0.4,foraging,9,score,39
A/gain=0.4,foraging,10,score,52
A/gain=0.4,foraging,11,score,54
A/gain=0.4,foraging,12,score,49
A/gain=0.4,foraging,13,score,47
A/gain=0.4,foraging,14,score,47
A/gain=0.4,foraging,15,score,47
A/gain=0.4,foraging,16,score,44
A/gain=0.4,foraging,17,score,39
A/gain=0.4,foraging,18,score,44
A/gain=0.4,foraging,19,score,51
A/gain=0.4,foraging,20,score,42
A/gain=0.4,foraging,21,score,50
A/gain=0.4,foraging,22,score,50
A/gain=0.4,foraging,23,score,43
A/gain=0.4,foraging,24,score,51
A/gain=0.4,foraging,25,score,39
A/gain=0.4,foraging,26,score,52
A/gain=0.4,foraging,27,score,48
A/gain=0.4,foraging,28,score,47
A/gain=0.4,foraging,29,score,47
A/gain=0.4,foraging,30,score,44
A/gain=0.4,foraging,1,vrest,0.000333333
A/gain=0.4,foraging,2,vrest,0
A/gain=0.4,foraging,3,vrest,0
A/gain=0.4,foraging,4,vrest,0
A/gain=0.4,foraging,5,vrest,0
A/gain=0.4,foraging,6,vrest,0
A/gain=0.4,foraging,7,vrest,0
A/gain=0.4,foraging,8,vrest,0
A/gain=0.4,foraging,9,vrest,0
A/gain=0.4,foraging,10,vrest,0
A/gain=0.4,foraging,11,vrest,0.000333333
A/gain=0.4,foraging,12,vrest,0
A/gain=0.4,foraging,13,vrest,0
A/gain=0.4,foraging,14,vrest,0
A/gain=0.4,foraging,15,vrest,0
A/gain=0.4,foraging,16,vrest,0
A/gain=0.4,foraging,17,vrest,0
A/gain=0.4,foraging,18,vrest,0
A/gain=0.4,foraging,19,vrest,0
A/gain=0.4,foraging,20,vrest,0.000333333
A/gain=0.4,foraging,21,vrest,0
A/gain=0.4,foraging,22,vrest,0
A/gain=0.4,foraging,23,vrest,0
A/gain=0.4,foraging,24,vrest,0
A/gain=0.4,foraging,25,vrest,0
A/gain=0.4,foraging,26,vrest,0
A/gain=0.4,foraging,27,vrest,0
A/gain=0.4,foraging,28,vrest,0
A/gain=0.4,foraging,29,vrest,0
A/gain=0.4,foraging,30,vrest,0
A/gain=0.4,hazard_field,1,score,32
A/gain=0.4,hazard_field,2,score,38
A/gain=0.4,hazard_field,3,score,37
A/gain=0.4,hazard_field,4,score,28
A/gain=0.4,hazard_field,5,score,32
A/gain=0.4,hazard_field,6,score,34
A/gain=0.4,hazard_field,7,score,34
A/gain=0.4,hazard_field,8,score,28
A/gain=0.4,hazard_field,9,score,28
A/gain=0.4,hazard_field,10,score,38
A/gain=0.4,hazard_field,11,score,29
A/gain=0.4,hazard_field,12,score,29
A/gain=0.4,hazard_field,13,score,35
A/gain=0.4,hazard_field,14,score,35
A/gain=0.4,hazard_field,15,score,34
A/gain=0.4,hazard_field,16,score,34
A/gain=0.4,hazard_field,17,score,34
A/gain=0.4,hazard_field,18,score,31
A/gain=0.4,hazard_field,19,score,29
A/gain=0.4,hazard_field,20,score,37
A/gain=0.4,hazard_field,21,score,32
A/gain=0.4,hazard_field,22,score,31
A/gain=0.4,hazard_field,23,score,34
A/gain=0.4,hazard_field,24,score,34
A/gain=0.4,hazard_field,25,score,31
A/gain=0.4,hazard_field,26,score,34
A/gain=0.4,hazard_field,27,score,36
A/gain=0.4,hazard_field,28,score,37
A/gain=0.4,hazard_field,29,score,32
A/gain=0.4,hazard_field,30,score,32
A/gain=0.4,hazard_field,1,vrest,0
A/gain=0.4,hazard_field,2,vrest,0
A/gain=0.4,hazard_field,3,vrest,0
A/gain=0.4,hazard_field,4,vrest,0
A/gain=0.4,hazard_field,5,vrest,0
A/gain=0.4,hazard_field,6,vrest,0
A/gain=0.4,hazard_field,7,vrest,0
A/gain=0.4,hazard_field,8,vrest,0
A/gain=0.4,hazard_field,9,vrest,0
A/gain=0.4,hazard_field,10,vrest,0
A/gain=0.4,hazard_field,11,vrest,0
A/gain=0.4,hazard_field,12,vrest,0
A/gain=0.4,hazard_field,13,vrest,0
A/gain=0.4,hazard_field,14,vrest,0
A/gain=0.4,hazard_field,15,vrest,0.000333333
A/gain=0.4,hazard_field,16,vrest,0
A/gain=0.4,hazard_field,17,vrest,0
A/gain=0.4,hazard_field,18,vrest,0
A/gain=0.4,hazard_field,19,vrest,0
A/gain=0.4,hazard_field,20,vrest,0
A/gain=0.4,hazard_field,21,vrest,0
A/gain=0.4,hazard_field,22,vrest,0
A/gain=0.4,hazard_field,23,vrest,0
A/gain=0.4,hazard_field,24,vrest,0
A/gain=0.4,hazard_field,25,vrest,0.001
A/gain=0.4,hazard_field,26,vrest,0
A/gain=0.4,hazard_field,27,vrest,0.000333333
A/gain=0.4,hazard_field,28,vrest,0
A/gain=0.4,hazard_field,29,vrest,0
A/gain=0.4,hazard_field,30,vrest,0
A/gain=0.4,memory_maze,1,attempted,118
A/gain=0.4,memory_maze,2,attempted,133
A/gain=0.4,memory_maze,3,attempted,120
A/gain=0.4,memory_maze,4,attempted,99
A/gain=0.4,memory_maze,5,attempted,132
A/gain=0.4,memory_maze,6,attempted,129
A/gain=0.4,memory_maze,7,attempted,118
A/gain=0.4,memory_maze,8,attempted,141
A/gain=0.4,memory_maze,9,attempted,142
A/gain=0.4,memory_maze,10,attempted,116
A/gain=0.4,memory_maze,11,attempted,132
A/gain=0.4,memory_maze,12,attempted,132
A/gain=0.4,memory_maze,13,attempted,133
A/gain=0.4,memory_maze,14,attempted,135
A/gain=0.4,memory_maze,15,attempted,137
A/gain=0.4,memory_maze,16,attempted,132
A/gain=0.4,memory_maze,17,attempted,120
A/gain=0.4,memory_maze,18,attempted,139
A/gain=0.4,memory_maze,19,attempted,133
A/gain=0.4,memory_maze,20,attempted,124
A/gain=0.4,memory_maze,21,attempted,136
A/gain=0.4,memory_maze,22,attempted,132
A/gain=0.4,memory_maze,23,attempted,134
A/gain=0.4,memory_maze,24,attempted,137
A/gain=0.4,memory_maze,25,attempted,143
A/gain=0.4,memory_maze,26,attempted,113
A/gain=0.4,memory_maze,27,attempted,141
A/gain=0.4,memory_maze,28,attempted,132
A/gain=0.4,memory_maze,29,attempted,110
A/gain=0.4,memory_maze,30,attempted,138
A/gain=0.4,memory_maze,1,score,118
A/gain=0.4,memory_maze,2,score,133
A/gain=0.4,memory_maze,3,score,120
A/gain=0.4,memory_maze,4,score,99
A/gain=0.4,memory_maze,5,score,132
A/gain=0.4,memory_maze,6,score,129
A/gain=0.4,memory_maze,7,score,118
A/gain=0.4,memory_maze,8,score,141
A/gain=0.4,memory_maze,9,score,142
A/gain=0.4,memory_maze,10,score,116
A/gain=0.4,memory_maze,11,score,132
A/gain=0.4,memory_maze,12,score,132
A/gain=0.4,memory_maze,13,score,133
A/gain=0.4,memory_maze,14,score,135
A/gain=0.4,memory_maze,15,score,137
A/gain=0.4,memory_maze,16,score,132
A/gain=0.4,memory_maze,17,score,120
A/gain=0.4,memory_maze,18,score,139
A/gain=0.4,memory_maze,19,score,133
A/gain=0.4,memory_maze,20,score,124
A/gain=0.4,memory_maze,21,score,136
A/gain=0.4,memory_maze,22,score,132
A/gain=0.4,memory_maze,23,score,134
A/gain=0.4,memory_maze,24,score,137
A/gain=0.4,memory_maze,25,score,143
A/gain=0.4,memory_maze,26,score,113
A/gain=0.4,memory_maze,27,score,141
A/gain=0.4,memory_maze,28,score,132
A/gain=0.4,memory_maze,29,score,110
A/gain=0.4,memory_maze,30,score,138
A/gain=0.6,beacon,1,score,25
A/gain=0.6,beacon,2,score,15
A/gain=0.6,beacon,3,score,20
A/gain=0.6,beacon,4,score,20
A/gain=0.6,beacon,5,score,18
A/gain=0.6,beacon,6,score,10
A/gain=0.6,beacon,7,score,23
A/gain=0.6,beacon,8,score,16
A/gain=0.6,beacon,9,score,16
A/gain=0.6,beacon,10,score,24
A/gain=0.6,beacon,11,score,20
A/gain=0.6,beacon,12,score,11
A/gain=0.6,beacon,13,score,13
A/gain=0.6,beacon,14,score,12
A/gain=0.6,beacon,15,score,25
A/gain=0.6,beacon,16,score,14
A/gain=0.6,beacon,17,score,16
A/gain=0.6,beacon,18,score,11
A/gain=0.6,beacon,19,score,26
A/gain=0.6,beacon,20,score,14
A/gain=0.6,beacon,21,score,19
A/gain=0.6,beacon,22,score,16
A/gain=0.6,beacon,23,score,21
A/gain=0.6,beacon,24,score,25
A/gain=0.6,beacon,25,score,19
A/gain=0.6,beacon,26,score,24
A/gain=0.6,beacon,27,score,20
A/gain=0.6,beacon,28,score,23
A/gain=0.6,beacon,29,score,18
A/gain=0.6,beacon,30,score,21
A/gain=0.6,beacon,1,vrest,0
A/gain=0.6,beacon,2,vrest,0
A/gain=0.6,beacon,3,vrest,0
A/gain=0.6,beacon,4,vrest,0
A/gain=0.6,beacon,5,vrest,0
A/gain=0.6,beacon,6,vrest,0
A/gain=0.6,beacon,7,vrest,0
A/gain=0.6,beacon,8,vrest,0
A/gain=0.6,beacon,9,vrest,0
A/gain=0.6,beacon,10,vrest,0
A/gain=0.6,beacon,11,vrest,0
A/gain=0.6,beacon,12,vrest,0
A/gain=0.6,beacon,13,vrest,0
A/gain=0.6,beacon,14,vrest,0
A/gain=0.6,beacon,15,vrest,0.000333333
A/gain=0.6,beacon,16,vrest,0
A/gain=0.6,beacon,17,vrest,0.000333333
A/gain=0.6,beacon,18,vrest,0
A/gain=0.6,beacon,19,vrest,0.000333333
A/gain=0.6,beacon,20,vrest,0
A/gain=0.6,beacon,21,vrest,0
A/gain=0.6,beacon,22,vrest,0.000333333
A/gain=0.6,beacon,23,vrest,0
A/gain=0.6,beacon,24,vrest,0
A/gain=0.6,beacon,25,vrest,0
A/gain=0.6,beacon,26,vrest,0
A/gain=0.6,beacon,27,vrest,0
A/gain=0.6,beacon,28,vrest,0
A/gain=0.6,beacon,29,vrest,0
A/gain=0.6,beacon,30,vrest,0
A/gain=0.6,foraging,1,score,44
A/gain=0.6,foraging,2,score,37
A/gain=0.6,foraging,3,score,43
A/gain=0.6,foraging,4,score,47
A/gain=0.6,foraging,5,score,47
A/gain=0.6,foraging,6,score,56
A/gain=0.6,foraging,7,score,49
A/gain=0.6,foraging,8,score,46
A/gain=0.6,foraging,9,score,39
A/gain=0.6,foraging,10,score,56
A/gain=0.6,foraging,11,score,46
A/gain=0.6,foraging,12,score,42
A/gain=0.6,foraging,13,score,47
A/gain=0.6,foraging,14,score,52
A/gain=0.6,foraging,15,score,39
A/gain=0.6,foraging,16,score,49
A/gain=0.6,foraging,17,score,39
A/gain=0.6,foraging,18,score,54
A/gain=0.6,foraging,19,score,48
A/gain=0.6,foraging,20,score,47
A/gain=0.6,foraging,21,score,48
A/gain=0.6,foraging,22,score,50
A/gain=0.6,foraging,23,score,42
A/gain=0.6,foraging,24,score,49
A/gain=0.6,foraging,25,score,39
A/gain=0.6,foraging,26,score,53
A/gain=0.6,foraging,27,score,45
A/gain=0.6,foraging,28,score,46
A/gain=0.6,foraging,29,score,43
A/gain=0.6,foraging,30,score,51
A/gain=0.6,foraging,1,vrest,0.000333333
A/gain=0.6,foraging,2,vrest,0
A/gain=0.6,foraging,3,vrest,0
A/gain=0.6,foraging,4,vrest,0
A/gain=0.6,foraging,5,vrest,0
A/gain=0.6,foraging,6,vrest,0
A/gain=0.6,foraging,7,vrest,0
A/gain=0.6,foraging,8,vrest,0
A/gain=0.6,foraging,9,vrest,0
A/gain=0.6,foraging,10,vrest,0.000333333
A/gain=0.6,foraging,11,vrest,0
A/gain=0.6,foraging,12,vrest,0
A/gain=0.6,foraging,13,vrest,0
A/gain=0.6,foraging,14,vrest,0
A/gain=0.6,foraging,15,vrest,0
A/gain=0.6,foraging,16,vrest,0
A/gain=0.6,foraging,17,vrest,0
A/gain=0.6,foraging,18,vrest,0
A/gain=0.6,foraging,19,vrest,0
A/gain=0.6,foraging,20,vrest,0.000333333
A/gain=0.6,foraging,21,vrest,0
A/gain=0.6,foraging,22,vrest,0
A/gain=0.6,foraging,23,vrest,0
A/gain=0.6,foraging,24,vrest,0
A/gain=0.6,foraging,25,vrest,0
A/gain=0.6,foraging,26,vrest,0
A/gain=0.6,foraging,27,vrest,0
A/gain=0.6,foraging,28,vrest,0
A/gain=0.6,foraging,29,vrest,0
A/gain=0.6,foraging,30,vrest,0
A/gain=0.6,hazard_field,1,score,34
A/gain=0.6,hazard_field,2,score,32
A/gain=0.6,hazard_field,3,score,33
A/gain=0.6,hazard_field,4,score,31
A/gain=0.6,hazard_field,5,score,29
A/gain=0.6,hazard_field,6,score,36
A/gain=0.6,hazard_field,7,score,35
A/gain=0.6,hazard_field,8,score,31
A/gain=0.6,hazard_field,9,score,36
A/gain=0.6,hazard_field,10,score,31
A/gain=0.6,hazard_field,11,score,32
A/gain=0.6,hazard_field,12,score,35
A/gain=0.6,hazard_field,13,score,35
A/gain=0.6,hazard_field,14,score,35
A/gain=0.6,hazard_field,15,score,38
A/gain=0.6,hazard_field,16,score,31
A/gain=0.6,hazard_field,17,score,37
A/gain=0.6,hazard_field,18,score,32
A/gain=0.6,hazard_field,19,score,29
A/gain=0.6,hazard_field,20,score,29
A/gain=0.6,hazard_field,21,score,28
A/gain=0.6,hazard_field,22,score,34
A/gain=0.6,hazard_field,23,score,33
A/gain=0.6,hazard_field,24,score,29
A/gain=0.6,hazard_field,25,score,35
A/gain=0.6,hazard_field,26,score,34
A/gain=0.6,hazard_field,27,score,35
A/gain=0.6,hazard_field,28,score,28
A/gain=0.6,hazard_field,29,score,34
A/gain=0.6,hazard_field,30,score,35
A/gain=0.6,hazard_field,1,vrest,0
A/gain=0.6,hazard_field,2,vrest,0
A/gain=0.6,hazard_field,3,vrest,0
A/gain=0.6,hazard_field,4,vrest,0
A/gain=0.6,hazard_field,5,vrest,0
A/gain=0.6,hazard_field,6,vrest,0
A/gain=0.6,hazard_field,7,vrest,0
A/gain=0.6,hazard_field,8,vrest,0
A/gain=0.6,hazard_field,9,vrest,0
A/gain=0.6,hazard_field,10,vrest,0
A/gain=0.6,hazard_field,11,vrest,0
A/gain=0.6,hazard_field,12,vrest,0
A/gain=0.6,hazard_field,13,vrest,0
A/gain=0.6,hazard_field,14,vrest,0
A/gain=0.6,hazard_field,15,vrest,0
A/gain=0.6,hazard_field,16,vrest,0
A/gain=0.6,hazard_field,17,vrest,0
A/gain=0.6,hazard_field,18,vrest,0
A/gain=0.6,hazard_field,19,vrest,0
A/gain=0.6,hazard_field,20,vrest,0
A/gain=0.6,hazard_field,21,vrest,0
A/gain=0.6,hazard_field,22,vrest,0.000666667
A/gain=0.6,hazard_field,23,vrest,0
A/gain=0.6,hazard_field,24,vrest,0
A/gain=0.6,hazard_field,25,vrest,0
A/gain=0.6,hazard_field,26,vrest,0
A/gain=0.6,hazard_field,27,vrest,0
A/gain=0.6,hazard_field,28,vrest,0.000333333
A/gain=0.6,hazard_field,29,vrest,0.000333333
A/gain=0.6,hazard_field,30,vrest,0
A/gain=0.6,memory_maze,1,attempted,118
A/gain=0.6,memory_maze,2,attempted,115
A/gain=0.6,memory_maze,3,attempted,149
A/gain=0.6,memory_maze,4,attempted,139
A/gain=0.6,memory_maze,5,attempted,137
A/gain=0.6,memory_maze,6,attempted,135
A/gain=0.6,memory_maze,7,attempted,144
A/gain=0.6,memory_maze,8,attempted,141
A/gain=0.6,memory_maze,9,attempted,132
A/gain=0.6,memory_maze,10,attempted,146
A/gain=0.6,memory_maze,11,attempted,145
A/gain=0.6,memory_maze,12,attempted,127
A/gain=0.6,memory_maze,13,attempted,132
A/gain=0.6,memory_maze,14,attempted,144
A/gain=0.6,memory_maze,15,attempted,134
A/gain=0.6,memory_maze,16,attempted,141
A/gain=0.6,memory_maze,17,attempted,138
A/gain=0.6,memory_maze,18,attempted,133
A/gain=0.6,memory_maze,19,attempted,135
A/gain=0.6,memory_maze,20,attempted,140
A/gain=0.6,memory_maze,21,attempted,127
A/gain=0.6,memory_maze,22,attempted,142
A/gain=0.6,memory_maze,23,attempted,122
A/gain=0.6,memory_maze,24,attempted,143
A/gain=0.6,memory_maze,25,attempted,130
A/gain=0.6,memory_maze,26,attempted,141
A/gain=0.6,memory_maze,27,attempted,145
A/gain=0.6,memory_maze,28,attempted,133
A/gain=0.6,memory_maze,29,attempted,127
A/gain=0.6,memory_maze,30,attempted,136
A/gain=0.6,memory_maze,1,score,118
A/gain=0.6,memory_maze,2,score,115
A/gain=0.6,memory_maze,3,score,149
A/gain=0.6,memory_maze,4,score,139
A/gain=0.6,memory_maze,5,score,137
A/gain=0.6,memory_maze,6,score,135
A/gain=0.6,memory_maze,7,score,144
A/gain=0.6,memory_maze,8,score,141
A/gain=0.6,memory_maze,9,score,132
A/gain=0.6,memory_maze,10,score,146
A/gain=0.6,memory_maze,11,score,145
A/gain=0.6,memory_maze,12,score,127
A/gain=0.6,memory_maze,13,score,132
A/gain=0.6,memory_maze,14,score,144
A/gain=0.6,memory_maze,15,score,134
A/gain=0.6,memory_maze,16,score,141
A/gain=0.6,memory_maze,17,score,138
A/gain=0.6,memory_maze,18,score,133
A/gain=0.6,memory_maze,19,score,135
A/gain=0.6,memory_maze,20,score,140
A/gain=0.6,memory_maze,21,score,127
A/gain=0.6,memory_maze,22,score,142
A/gain=0.6,memory_maze,23,score,122
A/gain=0.6,memory_maze,24,score,143
A/gain=0.6,memory_maze,25,score,130
A/gain=0.6,memory_maze,26,score,141
A/gain=0.6,memory_maze,27,score,145
A/gain=0.6,memory_maze,28,score,133
A/gain=0.6,memory_maze,29,score,127
A/gain=0.6,memory_maze,30,score,136
A/gain=0.8,beacon,1,score,25
A/gain=0.8,beacon,2,score,21
A/gain=0.8,beacon,3,score,20
A/gain=0.8,beacon,4,score,20
A/gain=0.8,beacon,5,score,18
A/gain=0.8,beacon,6,score,10
A/gain=0.8,beacon,7,score,23
A/gain=0.8,beacon,8,score,16
A/gain=0.8,beacon,9,score,16
A/gain=0.8,beacon,10,score,24
A/gain=0.8,beacon,11,score,20
A/gain=0.8,beacon,12,score,11
A/gain=0.8,beacon,13,score,13
A/gain=0.8,beacon,14,score,12
A/gain=0.8,beacon,15,score,24
A/gain=0.8,beacon,16,score,14
A/gain=0.8,beacon,17,score,16
A/gain=0.8,beacon,18,score,11
A/gain=0.8,beacon,19,score,26
A/gain=0.8,beacon,20,score,14
A/gain=0.8,beacon,21,score,19
A/gain=0.8,beacon,22,score,16
A/gain=0.8,beacon,23,score,21
A/gain=0.8,beacon,24,score,25
A/gain=0.8,beacon,25,score,15
A/gain=0.8,beacon,26,score,24
A/gain=0.8,beacon,27,score,20
A/gain=0.8,beacon,28,score,23
A/gain=0.8,beacon,29,score,18
A/gain=0.8,beacon,30,score,21
A/gain=0.8,beacon,1,vrest,0
A/gain=0.8,beacon,2,vrest,0
A/gain=0.8,beacon,3,vrest,0
A/gain=0.8,beacon,4,vrest,0
A/gain=0.8,beacon,5,vrest,0
A/gain=0.8,beacon,6,vrest,0
A/gain=0.8,beacon,7,vrest,0
A/gain=0.8,beacon,8,vrest,0
A/gain=0.8,beacon,9,vrest,0
A/gain=0.8,beacon,10,vrest,0
A/gain=0.8,beacon,11,vrest,0
A/gain=0.8,beacon,12,vrest,0
A/gain=0.8,beacon,13,vrest,0
A/gain=0.8,beacon,14,vrest,0
A/gain=0.8,beacon,15,vrest,0
A/gain=0.8,beacon,16,vrest,0
A/gain=0.8,beacon,17,vrest,0.000333333
A/gain=0.8,beacon,18,vrest,0
A/gain=0.8,beacon,19,vrest,0.000333333
A/gain=0.8,beacon,20,vrest,0
A/gain=0.8,beacon,21,vrest,0
A/gain=0.8,beacon,22,vrest,0.000333333
A/gain=0.8,beacon,23,vrest,0
A/gain=0.8,beacon,24,vrest,0
A/gain=0.8,beacon,25,vrest,0
A/gain=0.8,beacon,26,vrest,0
A/gain=0.8,beacon,27,vrest,0
A/gain=0.8,beacon,28,vrest,0
A/gain=0.8,beacon,29,vrest,0
A/gain=0.8,beacon,30,vrest,0
A/gain=0.8,foraging,1,score,49
A/gain=0.8,foraging,2,score,37
A/gain=0.8,foraging,3,score,43
A/gain=0.8,foraging,4,score,47
A/gain=0.8,foraging,5,score,47
A/gain=0.8,foraging,6,score,56
A/gain=0.8,foraging,7,score,49
A/gain=0.8,foraging,8,score,46
A/gain=0.8,foraging,9,score,39
A/gain=0.8,foraging,10,score,54
A/gain=0.8,foraging,11,score,51
A/gain=0.8,foraging,12,score,44
A/gain=0.8,foraging,13,score,46
A/gain=0.8,foraging,14,score,52
A/gain=0.8,foraging,15,score,44
A/gain=0.8,foraging,16,score,49
A/gain=0.8,foraging,17,score,39
A/gain=0.8,foraging,18,score,54
A/gain=0.8,foraging,19,score,48
A/gain=0.8,foraging,20,score,47
A/gain=0.8,foraging,21,score,49
A/gain=0.8,foraging,22,score,49
A/gain=0.8,foraging,23,score,42
A/gain=0.8,foraging,24,score,52
A/gain=0.8,foraging,25,score,39
A/gain=0.8,foraging,26,score,47
A/gain=0.8,foraging,27,score,36
A/gain=0.8,foraging,28,score,46
A/gain=0.8,foraging,29,score,43
A/gain=0.8,foraging,30,score,44
A/gain=0.8,foraging,1,vrest,0.000333333
A/gain=0.8,foraging,2,vrest,0
A/gain=0.8,foraging,3,vrest,0
A/gain=0.8,foraging,4,vrest,0
A/gain=0.8,foraging,5,vrest,0
A/gain=0.8,foraging,6,vrest,0
A/gain=0.8,foraging,7,vrest,0
A/gain=0.8,foraging,8,vrest,0
A/gain=0.8,foraging,9,vrest,0
A/gain=0.8,foraging,10,vrest,0.000333333
A/gain=0.8,foraging,11,vrest,0
A/gain=0.8,foraging,12,vrest,0
A/gain=0.8,foraging,13,vrest,0
A/gain=0.8,foraging,14,vrest,0
A/gain=0.8,foraging,15,vrest,0
A/gain=0.8,foraging,16,vrest,0
A/gain=0.8,foraging,17,vrest,0
A/gain=0.8,foraging,18,vrest,0
A/gain=0.8,foraging,19,vrest,0
A/gain=0.8,foraging,20,vrest,0.000333333
A/gain=0.8,foraging,21,vrest,0
A/gain=0.8,foraging,22,vrest,0
A/gain=0.8,foraging,23,vrest,0
A/gain=0.8,foraging,24,vrest,0
A/gain=0.8,foraging,25,vrest,0
A/gain=0.8,foraging,26,vrest,0
A/gain=0.8,foraging,27,vrest,0
A/gain=0.8,foraging,28,vrest,0
A/gain=0.8,foraging,29,vrest,0
A/gain=0.8,foraging,30,vrest,0
A/gain=0.8,hazard_field,1,score,32
A/gain=0.8,hazard_field,2,score,34
A/gain=0.8,hazard_field,3,score,34
A/gain=0.8,hazard_field,4,score,37
A/gain=0.8,hazard_field,5,score,35
A/gain=0.8,hazard_field,6,score,32
A/gain=0.8,hazard_field,7,score,34
A/gain=0.8,hazard_field,8,score,35
A/gain=0.8,hazard_field,9,score,31
A/gain=0.8,hazard_field,10,score,32
A/gain=0.8,hazard_field,11,score,38
A/gain=0.8,hazard_field,12,score,28
A/gain=0.8,hazard_field,13,score,32
A/gain=0.8,hazard_field,14,score,31
A/gain=0.8,hazard_field,15,score,32
A/gain=0.8,hazard_field,16,score,31
A/gain=0.8,hazard_field,17,score,31
A/gain=0.8,hazard_field,18,score,28
A/gain=0.8,hazard_field,19,score,32
A/gain=0.8,hazard_field,20,score,33
A/gain=0.8,hazard_field,21,score,30
A/gain=0.8,hazard_field,22,score,29
A/gain=0.8,hazard_field,23,score,37
A/gain=0.8,hazard_field,24,score,32
A/gain=0.8,hazard_field,25,score,30
A/gain=0.8,hazard_field,26,score,35
A/gain=0.8,hazard_field,27,score,31
A/gain=0.8,hazard_field,28,score,30
A/gain=0.8,hazard_field,29,score,28
A/gain=0.8,hazard_field,30,score,35
A/gain=0.8,hazard_field,1,vrest,0
A/gain=0.8,hazard_field,2,vrest,0.000333333
A/gain=0.8,hazard_field,3,vrest,0
A/gain=0.8,hazard_field,4,vrest,0
A/gain=0.8,hazard_field,5,vrest,0
A/gain=0.8,hazard_field,6,vrest,0
A/gain=0.8,hazard_field,7,vrest,0
A/gain=0.8,hazard_field,8,vrest,0
A/gain=0.8,hazard_field,9,vrest,0
A/gain=0.8,hazard_field,10,vrest,0
A/gain=0.8,hazard_field,11,vrest,0
A/gain=0.8,hazard_field,12,vrest,0
A/gain=0.8,hazard_field,13,vrest,0
A/gain=0.8,hazard_field,14,vrest,0
A/gain=0.8,hazard_field,15,vrest,0
A/gain=0.8,hazard_field,16,vrest,0
A/gain=0.8,hazard_field,17,vrest,0
A/gain=0.8,hazard_field,18,vrest,0
A/gain=0.8,hazard_field,19,vrest,0
A/gain=0.8,hazard_field,20,vrest,0.000333333
A/gain=0.8,hazard_field,21,vrest,0
A/gain=0.8,hazard_field,22,vrest,0
A/gain=0.8,hazard_field,23,vrest,0
A/gain=0.8,hazard_field,24,vrest,0
A/gain=0.8,hazard_field,25,vrest,0
A/gain=0.8,hazard_field,26,vrest,0
A/gain=0.8,hazard_field,27,vrest,0.000333333
A/gain=0.8,hazard_field,28,vrest,0.000666667
A/gain=0.8,hazard_field,29,vrest,0.000333333
A/gain=0.8,hazard_field,30,vrest,0
A/gain=0.8,memory_maze,1,attempted,144
A/gain=0.8,memory_maze,2,attempted,128
A/gain=0.8,memory_maze,3,attempted,147
A/gain=0.8,memory_maze,4,attempted,148
A/gain=0.8,memory_maze,5,attempted,139
A/gain=0.8,memory_maze,6,attempted,147
A/gain=0.8,memory_maze,7,attempted,140
A/gain=0.8,memory_maze,8,attempted,144
A/gain=0.8,memory_maze,9,attempted,145
A/gain=0.8,memory_maze,10,attempted,136
A/gain=0.8,memory_maze,11,attempted,143
A/gain=0.8,memory_maze,12,attempted,138
A/gain=0.8,memory_maze,13,attempted,135
A/gain=0.8,memory_maze,14,attempted,135
A/gain=0.8,memory_maze,15,attempted,148
A/gain=0.8,memory_maze,16,attempted,140
A/gain=0.8,memory_maze,17,attempted,131
A/gain=0.8,memory_maze,18,attempted,131
A/gain=0.8,memory_maze,19,attempted,144
A/gain=0.8,memory_maze,20,attempted,143
A/gain=0.8,memory_maze,21,attempted,138
A/gain=0.8,memory_maze,22,attempted,137
A/gain=0.8,memory_maze,23,attempted,141
A/gain=0.8,memory_maze,24,attempted,139
A/gain=0.8,memory_maze,25,attempted,150
A/gain=0.8,memory_maze,26,attempted,133
A/gain=0.8,memory_maze,27,attempted,146
A/gain=0.8,memory_maze,28,attempted,141
A/gain=0.8,memory_maze,29,attempted,151
A/gain=0.8,memory_maze,30,attempted,141
A/gain=0.8,memory_maze,1,score,144
A/gain=0.8,memory_maze,2,score,128
A/gain=0.8,memory_maze,3,score,147
A/gain=0.8,memory_maze,4,score,148
A/gain=0.8,memory_maze,5,score,139
A/gain=0.8,memory_maze,6,score,147
A/gain=0.8,memory_maze,7,score,140
A/gain=0.8,memory_maze,8,score,144
A/gain=0.8,memory_maze,9,score,145
A/gain=0.8,memory_maze,10,score,136
A/gain=0.8,memory_maze,11,score,143
A/gain=0.8,memory_maze,12,score,138
A/gain=0.8,memory_maze,13,score,135
A/gain=0.8,memory_maze,14,score,135
A/gain=0.8,memory_maze,15,score,148
A/gain=0.8,memory_maze,16,score,140
A/gain=0.8,memory_maze,17,score,131
A/gain=0.8,memory_maze,18,score,131
A/gain=0.8,memory_maze,19,score,144
A/gain=0.8,memory_maze,20,score,143
A/gain=0.8,memory_maze,21,score,138
A/gain=0.8,memory_maze,22,score,137
A/gain=0.8,memory_maze,23,score,141
A/gain=0.8,memory_maze,24,score,139
A/gain=0.8,memory_maze,25,score,150
A/gain=0.8,memory_maze,26,score,133
A/gain=0.8,memory_maze,27,score,146
A/gain=0.8,memory_maze,28,score,141
A/gain=0.8,memory_maze,29,score,151
A/gain=0.8,memory_maze,30,score,141
A/gain=1,beacon,1,score,25
A/gain=1,beacon,2,score,26
A/gain=1,beacon,3,score,20
A/gain=1,beacon,4,score,20
A/gain=1,beacon,5,score,18
A/gain=1,beacon,6,score,11
A/gain=1,beacon,7,score,23
A/gain=1,beacon,8,score,16
A/gain=1,beacon,9,score,16
A/gain=1,beacon,10,score,24
A/gain=1,beacon,11,score,20
A/gain=1,beacon,12,score,11
A/gain=1,beacon,13,score,13
A/gain=1,beacon,14,score,12
A/gain=1,beacon,15,score,27
A/gain=1,beacon,16,score,14
A/gain=1,beacon,17,score,16
A/gain=1,beacon,18,score,11
A/gain=1,beacon,19,score,26
A/gain=1,beacon,20,score,14
A/gain=1,beacon,21,score,19
A/gain=1,beacon,22,score,16
A/gain=1,beacon,23,score,21
A/gain=1,beacon,24,score,25
A/gain=1,beacon,25,score,15
A/gain=1,beacon,26,score,24
A/gain=1,beacon,27,score,20
A/gain=1,beacon,28,score,24
A/gain=1,beacon,29,score,18
A/gain=1,beacon,30,score,21
A/gain=1,beacon,1,vrest,0
A/gain=1,beacon,2,vrest,0
A/gain=1,beacon,3,vrest,0
A/gain=1,beacon,4,vrest,0
A/gain=1,beacon,5,vrest,0
A/gain=1,beacon,6,vrest,0
A/gain=1,beacon,7,vrest,0
A/gain=1,beacon,8,vrest,0
A/gain=1,beacon,9,vrest,0
A/gain=1,beacon,10,vrest,0
A/gain=1,beacon,11,vrest,0
A/gain=1,beacon,12,vrest,0
A/gain=1,beacon,13,vrest,0
A/gain=1,beacon,14,vrest,0
A/gain=1,beacon,15,vrest,0
A/gain=1,beacon,16,vrest,0
A/gain=1,beacon,17,vrest,0.000333333
A/gain=1,beacon,18,vrest,0
A/gain=1,beacon,19,vrest,0.000333333
A/gain=1,beacon,20,vrest,0
A/gain=1,beacon,21,vrest,0
A/gain=1,beacon,22,vrest,0.000333333
A/gain=1,beacon,23,vrest,0
A/gain=1,beacon,24,vrest,0
A/gain=1,beacon,25,vrest,0
A/gain=1,beacon,26,vrest,0
A/gain=1,beacon,27,vrest,0
A/gain=1,beacon,28,vrest,0
A/gain=1,beacon,29,vrest,0
A/gain=1,beacon,30,vrest,0
A/gain=1,foraging,1,score,47
A/gain=1,foraging,2,score,37
A/gain=1,foraging,3,score,43
A/gain=1,foraging,4,score,47
A/gain=1,foraging,5,score,44
A/gain=1,foraging,6,score,53
A/gain=1,foraging,7,score,49
A/gain=1,foraging,8,score,46
A/gain=1,foraging,9,score,39
A/gain=1,foraging,10,score,46
A/gain=1,foraging,11,score,51
A/gain=1,foraging,12,score,44
A/gain=1,foraging,13,score,46
A/gain=1,foraging,14,score,52
A/gain=1,foraging,15,score,51
A/gain=1,foraging,16,score,49
A/gain=1,foraging,17,score,34
A/gain=1,foraging,18,score,54
A/gain=1,foraging,19,score,48
A/gain=1,foraging,20,score,54
A/gain=1,foraging,21,score,49
A/gain=1,foraging,22,score,44
A/gain=1,foraging,23,score,42
A/gain=1,foraging,24,score,49
A/gain=1,foraging,25,score,39
A/gain=1,foraging,26,score,51
A/gain=1,foraging,27,score,36
A/gain=1,foraging,28,score,46
A/gain=1,foraging,29,score,42
A/gain=1,foraging,30,score,53
A/gain=1,foraging,1,vrest,0.000333333
A/gain=1,foraging,2,vrest,0
A/gain=1,foraging,3,vrest,0
A/gain=1,foraging,4,vrest,0
A/gain=1,foraging,5,vrest,0
A/gain=1,foraging,6,vrest,0
A/gain=1,foraging,7,vrest,0
A/gain=1,foraging,8,vrest,0
A/gain=1,foraging,9,vrest,0
A/gain=1,foraging,10,vrest,0
A/gain=1,foraging,11,vrest,0
A/gain=1,foraging,12,vrest,0
A/gain=1,foraging,13,vrest,0
A/gain=1,foraging,14,vrest,0
A/gain=1,foraging,15,vrest,0
A/gain=1,foraging,16,vrest,0
A/gain=1,foraging,17,vrest,0
A/gain=1,foraging,18,vrest,0
A/gain=1,foraging,19,vrest,0
A/gain=1,foraging,20,vrest,0.000333333
A/gain=1,foraging,21,vrest,0
A/gain=1,foraging,22,vrest,0
A/gain=1,foraging,23,vrest,0
A/gain=1,foraging,24,vrest,0
A/gain=1,foraging,25,vrest,0
A/gain=1,foraging,26,vrest,0
A/gain=1,foraging,27,vrest,0
A/gain=1,foraging,28,vrest,0
A/gain=1,foraging,29,vrest,0
A/gain=1,foraging,30,vrest,0
A/gain=1,hazard_field,1,score,32
A/gain=1,hazard_field,2,score,34
A/gain=1,hazard_field,3,score,34
A/gain=1,hazard_field,4,score,35
A/gain=1,hazard_field,5,score,31
A/gain=1,hazard_field,6,score,23
A/gain=1,hazard_field,7,score,34
A/gain=1,hazard_field,8,score,35
A/gain=1,hazard_field,9,score,31
A/gain=1,hazard_field,10,score,32
A/gain=1,hazard_field,11,score,37
A/gain=1,hazard_field,12,score,28
A/gain=1,hazard_field,13,score,34
A/gain=1,hazard_field,14,score,31
A/gain=1,hazard_field,15,score,29
A/gain=1,hazard_field,16,score,31
A/gain=1,hazard_field,17,score,28
A/gain=1,hazard_field,18,score,28
A/gain=1,hazard_field,19,score,33
A/gain=1,hazard_field,20,score,33
A/gain=1,hazard_field,21,score,30
A/gain=1,hazard_field,22,score,34
A/gain=1,hazard_field,23,score,33
A/gain=1,hazard_field,24,score,37
A/gain=1,hazard_field,25,score,30
A/gain=1,hazard_field,26,score,29
A/gain=1,hazard_field,27,score,31
A/gain=1,hazard_field,28,score,32
A/gain=1,hazard_field,29,score,28
A/gain=1,hazard_field,30,score,29
A/gain=1,hazard_field,1,vrest,0
A/gain=1,hazard_field,2,vrest,0.000333333
A/gain=1,hazard_field,3,vrest,0
A/gain=1,hazard_field,4,vrest,0.000666667
A/gain=1,hazard_field,5,vrest,0
A/gain=1,hazard_field,6,vrest,0.000666667
A/gain=1,hazard_field,7,vrest,0
A/gain=1,hazard_field,8,vrest,0
A/gain=1,hazard_field,9,vrest,0
A/gain=1,hazard_field,10,vrest,0
A/gain=1,hazard_field,11,vrest,0
A/gain=1,hazard_field,12,vrest,0
A/gain=1,hazard_field,13,vrest,0
A/gain=1,hazard_field,14,vrest,0
A/gain=1,hazard_field,15,vrest,0.000333333
A/gain=1,hazard_field,16,vrest,0
A/gain=1,hazard_field,17,vrest,0
A/gain=1,hazard_field,18,vrest,0
A/gain=1,hazard_field,19,vrest,0
A/gain=1,hazard_field,20,vrest,0.000333333
A/gain=1,hazard_field,21,vrest,0
A/gain=1,hazard_field,22,vrest,0
A/gain=1,hazard_field,23,vrest,0
A/gain=1,hazard_field,24,vrest,0
A/gain=1,hazard_field,25,vrest,0
A/gain=1,hazard_field,26,vrest,0.000333333
A/gain=1,hazard_field,27,vrest,0.000333333
A/gain=1,hazard_field,28,vrest,0.000333333
A/gain=1,hazard_field,29,vrest,0.000333333
A/gain=1,hazard_field,30,vrest,0
A/gain=1,memory_maze,1,attempted,148
A/gain=1,memory_maze,2,attempted,142
A/gain=1,memory_maze,3,attempted,148
A/gain=1,memory_maze,4,attempted,149
A/gain=1,memory_maze,5,attempted,137
A/gain=1,memory_maze,6,attempted,146
A/gain=1,memory_maze,7,attempted,144
A/gain=1,memory_maze,8,attempted,146
A/gain=1,memory_maze,9,attempted,139
A/gain=1,memory_maze,10,attempted,150
A/gain=1,memory_maze,11,attempted,150
A/gain=1,memory_maze,12,attempted,136
A/gain=1,memory_maze,13,attempted,139
A/gain=1,memory_maze,14,attempted,148
A/gain=1,memory_maze,15,attempted,129
A/gain=1,memory_maze,16,attempted,142
A/gain=1,memory_maze,17,attempted,128
A/gain=1,memory_maze,18,attempted,139
A/gain=1,memory_maze,19,attempted,143
A/gain=1,memory_maze,20,attempted,142
A/gain=1,memory_maze,21,attempted,146
A/gain=1,memory_maze,22,attempted,131
A/gain=1,memory_maze,23,attempted,146
A/gain=1,memory_maze,24,attempted,140
A/gain=1,memory_maze,25,attempted,146
A/gain=1,memory_maze,26,attempted,144
A/gain=1,memory_maze,27,attempted,145
A/gain=1,memory_maze,28,attempted,142
A/gain=1,memory_maze,29,attempted,121
A/gain=1,memory_maze,30,attempted,137
A/gain=1,memory_maze,1,score,148
A/gain=1,memory_maze,2,score,142
A/gain=1,memory_maze,3,score,148
A/gain=1,memory_maze,4,score,149
A/gain=1,memory_maze,5,score,137
A/gain=1,memory_maze,6,score,146
A/gain=1,memory_maze,7,score,144
A/gain=1,memory_maze,8,score,146
A/gain=1,memory_maze,9,score,139
A/gain=1,memory_maze,10,score,150
A/gain=1,memory_maze,11,score,150
A/gain=1,memory_maze,12,score,136
A/gain=1,memory_maze,13,score,139
A/gain=1,memory_maze,14,score,148
A/gain=1,memory_maze,15,score,129
A/gain=1,memory_maze,16,score,142
A/gain=1,memory_maze,17,score,128
A/gain=1,memory_maze,18,score,139
A/gain=1,memory_maze,19,score,143
A/gain=1,memory_maze,20,score,142
A/gain=1,memory_maze,21,score,146
A/gain=1,memory_maze,22,score,131
A/gain=1,memory_maze,23,score,146
A/gain=1,memory_maze,24,score,140
A/gain=1,memory_maze,25,score,146
A/gain=1,memory_maze,26,score,144
A/gain=1,memory_maze,27,score,145
A/gain=1,memory_maze,28,score,142
A/gain=1,memory_maze,29,score,121
A/gain=1,memory_maze,30,score,137
A/gain=1.2,beacon,1,score,25
A/gain=1.2,beacon,2,score,21
A/gain=1.2,beacon,3,score,20
A/gain=1.2,beacon,4,score,20
A/gain=1.2,beacon,5,score,18
A/gain=1.2,beacon,6,score,11
A/gain=1.2,beacon,7,score,23
A/gain=1.2,beacon,8,score,16
A/gain=1.2,beacon,9,score,16
A/gain=1.2,beacon,10,score,24
A/gain=1.2,beacon,11,score,20
A/gain=1.2,beacon,12,score,11
A/gain=1.2,beacon,13,score,13
A/gain=1.2,beacon,14,score,12
A/gain=1.2,beacon,15,score,27
A/gain=1.2,beacon,16,score,14
A/gain=1.2,beacon,17,score,16
A/gain=1.2,beacon,18,score,11
A/gain=1.2,beacon,19,score,26
A/gain=1.2,beacon,20,score,14
A/gain=1.2,beacon,21,score,19
A/gain=1.2,beacon,22,score,16
A/gain=1.2,beacon,23,score,21
A/gain=1.2,beacon,24,score,25
A/gain=1.2,beacon,25,score,15
A/gain=1.2,beacon,26,score,24
A/gain=1.2,beacon,27,score,20
A/gain=1.2,beacon,28,score,24
A/gain=1.2,beacon,29,score,18
A/gain=1.2,beacon,30,score,21
A/gain=1.2,beacon,1,vrest,0
A/gain=1.2,beacon,2,vrest,0
A/gain=1.2,beacon,3,vrest,0
A/gain=1.2,beacon,4,vrest,0
A/gain=1.2,beacon,5,vrest,0
A/gain=1.2,beacon,6,vrest,0
A/gain=1.2,beacon,7,vrest,0
A/gain=1.2,beacon,8,vrest,0
A/gain=1.2,beacon,9,vrest,0
A/gain=1.2,beacon,10,vrest,0
A/gain=1.2,beacon,11,vrest,0
A/gain=1.2,beacon,12,vrest,0
A/gain=1.2,beacon,13,vrest,0
A/gain=1.2,beacon,14,vrest,0
A/gain=1.2,beacon,15,vrest,0
A/gain=1.2,beacon,16,vrest,0
A/gain=1.2,beacon,17,vrest,0.000333333
A/gain=1.2,beacon,18,vrest,0
A/gain=1.2,beacon,19,vrest,0.000333333
A/gain=1.2,beacon,20,vrest,0
A/gain=1.2,beacon,21,vrest,0
A/gain=1.2,beacon,22,vrest,0.000333333
A/gain=1.2,beacon,23,vrest,0
A/gain=1.2,beacon,24,vrest,0
A/gain=1.2,beacon,25,vrest,0
A/gain=1.2,beacon,26,vrest,0
A/gain=1.2,beacon,27,vrest,0
A/gain=1.2,beacon,28,vrest,0
A/gain=1.2,beacon,29,vrest,0
A/gain=1.2,beacon,30,vrest,0
A/gain=1.2,foraging,1,score,44
A/gain=1.2,foraging,2,score,37
A/gain=1.2,foraging,3,score,43
A/gain=1.2,foraging,4,score,47
A/gain=1.2,foraging,5,score,44
A/gain=1.2,foraging,6,score,53
A/gain=1.2,foraging,7,score,49
A/gain=1.2,foraging,8,score,46
A/gain=1.2,foraging,9,score,39
A/gain=1.2,foraging,10,score,46
A/gain=1.2,foraging,11,score,54
A/gain=1.2,foraging,12,score,44
A/gain=1.2,foraging,13,score,41
A/gain=1.2,foraging,14,score,52
A/gain=1.2,foraging,15,score,51
A/gain=1.2,foraging,16,score,49
A/gain=1.2,foraging,17,score,34
A/gain=1.2,foraging,18,score,54
A/gain=1.2,foraging,19,score,39
A/gain=1.2,foraging,20,score,54
A/gain=1.2,foraging,21,score,49
A/gain=1.2,foraging,22,score,44
A/gain=1.2,foraging,23,score,42
A/gain=1.2,foraging,24,score,49
A/gain=1.2,foraging,25,score,39
A/gain=1.2,foraging,26,score,51
A/gain=1.2,foraging,27,score,47
A/gain=1.2,foraging,28,score,34
A/gain=1.2,foraging,29,score,42
A/gain=1.2,foraging,30,score,53
A/gain=1.2,foraging,1,vrest,0.000333333
A/gain=1.2,foraging,2,vrest,0
A/gain=1.2,foraging,3,vrest,0
A/gain=1.2,foraging,4,vrest,0
A/gain=1.2,foraging,5,vrest,0
A/gain=1.2,foraging,6,vrest,0
A/gain=1.2,foraging,7,vrest,0
A/gain=1.2,foraging,8,vrest,0
A/gain=1.2,foraging,9,vrest,0
A/gain=1.2,foraging,10,vrest,0
A/gain=1.2,foraging,11,vrest,0
A/gain=1.2,foraging,12,vrest,0
A/gain=1.2,foraging,13,vrest,0
A/gain=1.2,foraging,14,vrest,0
A/gain=1.2,foraging,15,vrest,0
A/gain=1.2,foraging,16,vrest,0
A/gain=1.2,foraging,17,vrest,0
A/gain=1.2,foraging,18,vrest,0
A/gain=1.2,foraging,19,vrest,0
A/gain=1.2,foraging,20,vrest,0.000333333
A/gain=1.2,foraging,21,vrest,0
A/gain=1.2,foraging,22,vrest,0
A/gain=1.2,foraging,23,vrest,0
A/gain=1.2,foraging,24,vrest,0
A/gain=1.2,foraging,25,vrest,0
A/gain=1.2,foraging,26,vrest,0
A/gain=1.2,foraging,27,vrest,0
A/gain=1.2,foraging,28,vrest,0
A/gain=1.2,foraging,29,vrest,0
A/gain=1.2,foraging,30,vrest,0
A/gain=1.2,hazard_field,1,score,32
A/gain=1.2,hazard_field,2,score,34
A/gain=1.2,hazard_field,3,score,35
A/gain=1.2,hazard_field,4,score,35
A/gain=1.2,hazard_field,5,score,31
A/gain=1.2,hazard_field,6,score,31
A/gain=1.2,hazard_field,7,score,34
A/gain=1.2,hazard_field,8,score,35
A/gain=1.2,hazard_field,9,score,31
A/gain=1.2,hazard_field,10,score,32
A/gain=1.2,hazard_field,11,score,37
A/gain=1.2,hazard_field,12,score,32
A/gain=1.2,hazard_field,13,score,34
A/gain=1.2,hazard_field,14,score,31
A/gain=1.2,hazard_field,15,score,29
A/gain=1.2,hazard_field,16,score,31
A/gain=1.2,hazard_field,17,score,32
A/gain=1.2,hazard_field,18,score,28
A/gain=1.2,hazard_field,19,score,31
A/gain=1.2,hazard_field,20,score,33
A/gain=1.2,hazard_field,21,score,30
A/gain=1.2,hazard_field,22,score,34
A/gain=1.2,hazard_field,23,score,33
A/gain=1.2,hazard_field,24,score,35
A/gain=1.2,hazard_field,25,score,30
A/gain=1.2,hazard_field,26,score,29
A/gain=1.2,hazard_field,27,score,35
A/gain=1.2,hazard_field,28,score,32
A/gain=1.2,hazard_field,29,score,28
A/gain=1.2,hazard_field,30,score,28
A/gain=1.2,hazard_field,1,vrest,0
A/gain=1.2,hazard_field,2,vrest,0.000333333
A/gain=1.2,hazard_field,3,vrest,0
A/gain=1.2,hazard_field,4,vrest,0.000666667
A/gain=1.2,hazard_field,5,vrest,0
A/gain=1.2,hazard_field,6,vrest,0
A/gain=1.2,hazard_field,7,vrest,0
A/gain=1.2,hazard_field,8,vrest,0
A/gain=1.2,hazard_field,9,vrest,0
A/gain=1.2,hazard_field,10,vrest,0
A/gain=1.2,hazard_field,11,vrest,0
A/gain=1.2,hazard_field,12,vrest,0
A/gain=1.2,hazard_field,13,vrest,0
A/gain=1.2,hazard_field,14,vrest,0
A/gain=1.2,hazard_field,15,vrest,0.000333333
A/gain=1.2,hazard_field,16,vrest,0
A/gain=1.2,hazard_field,17,vrest,0
A/gain=1.2,hazard_field,18,vrest,0
A/gain=1.2,hazard_field,19,vrest,0
A/gain=1.2,hazard_field,20,vrest,0.000333333
A/gain=1.2,hazard_field,21,vrest,0
A/gain=1.2,hazard_field,22,vrest,0
A/gain=1.2,hazard_field,23,vrest,0
A/gain=1.2,hazard_field,24,vrest,0
A/gain=1.2,hazard_field,25,vrest,0
A/gain=1.2,hazard_field,26,vrest,0
A/gain=1.2,hazard_field,27,vrest,0
A/gain=1.2,hazard_field,28,vrest,0.000333333
A/gain=1.2,hazard_field,29,vrest,0.000333333
A/gain=1.2,hazard_field,30,vrest,0
A/gain=1.2,memory_maze,1,attempted,148
A/gain=1.2,memory_maze,2,attempted,143
A/gain=1.2,memory_maze,3,attempted,139
A/gain=1.2,memory_maze,4,attempted,149
A/gain=1.2,memory_maze,5,attempted,140
A/gain=1.2,memory_maze,6,attempted,132
A/gain=1.2,memory_maze,7,attempted,144
A/gain=1.2,memory_maze,8,attempted,145
A/gain=1.2,memory_maze,9,attempted,136
A/gain=1.2,memory_maze,10,attempted,139
A/gain=1.2,memory_maze,11,attempted,150
A/gain=1.2,memory_maze,12,attempted,142
A/gain=1.2,memory_maze,13,attempted,140
A/gain=1.2,memory_maze,14,attempted,145
A/gain=1.2,memory_maze,15,attempted,146
A/gain=1.2,memory_maze,16,attempted,134
A/gain=1.2,memory_maze,17,attempted,125
A/gain=1.2,memory_maze,18,attempted,142
A/gain=1.2,memory_maze,19,attempted,144
A/gain=1.2,memory_maze,20,attempted,145
A/gain=1.2,memory_maze,21,attempted,152
A/gain=1.2,memory_maze,22,attempted,141
A/gain=1.2,memory_maze,23,attempted,143
A/gain=1.2,memory_maze,24,attempted,137
A/gain=1.2,memory_maze,25,attempted,138
A/gain=1.2,memory_maze,26,attempted,154
A/gain=1.2,memory_maze,27,attempted,140
A/gain=1.2,memory_maze,28,attempted,150
A/gain=1.2,memory_maze,29,attempted,143
A/gain=1.2,memory_maze,30,attempted,150
A/gain=1.2,memory_maze,1,score,148
A/gain=1.2,memory_maze,2,score,143
A/gain=1.2,memory_maze,3,score,139
A/gain=1.2,memory_maze,4,score,149
A/gain=1.2,memory_maze,5,score,140
A/gain=1.2,memory_maze,6,score,132
A/gain=1.2,memory_maze,7,score,144
A/gain=1.2,memory_maze,8,score,145
A/gain=1.2,memory_maze,9,score,136
A/gain=1.2,memory_maze,10,score,139
A/gain=1.2,memory_maze,11,score,150
A/gain=1.2,memory_maze,12,score,142
A/gain=1.2,memory_maze,13,score,140
A/gain=1.2,memory_maze,14,score,145
A/gain=1.2,memory_maze,15,score,146
A/gain=1.2,memory_maze,16,score,134
A/gain=1.2,memory_maze,17,score,125
A/gain=1.2,memory_maze,18,score,142
A/gain=1.2,memory_maze,19,score,144
A/gain=1.2,memory_maze,20,score,145
A/gain=1.2,memory_maze,21,score,152
A/gain=1.2,memory_maze,22,score,141
A/gain=1.2,memory_maze,23,score,143
A/gain=1.2,memory_maze,24,score,137
A/gain=1.2,memory_maze,25,score,138
A/gain=1.2,memory_maze,26,score,154
A/gain=1.2,memory_maze,27,score,140
A/gain=1.2,memory_maze,28,score,150
A/gain=1.2,memory_maze,29,score,143
A/gain=1.2,memory_maze,30,score,150
A/gain=1.5,beacon,1,score,25
A/gain=1.5,beacon,2,score,21
A/gain=1.5,beacon,3,score,20
A/gain=1.5,beacon,4,score,20
A/gain=1.5,beacon,5,score,18
A/gain=1.5,beacon,6,score,11
A/gain=1.5,beacon,7,score,23
A/gain=1.5,beacon,8,score,16
A/gain=1.5,beacon,9,score,16
A/gain=1.5,beacon,10,score,24
A/gain=1.5,beacon,11,score,20
A/gain=1.5,beacon,12,score,11
A/gain=1.5,beacon,13,score,13
A/gain=1.5,beacon,14,score,12
A/gain=1.5,beacon,15,score,27
A/gain=1.5,beacon,16,score,16
A/gain=1.5,beacon,17,score,16
A/gain=1.5,beacon,18,score,11
A/gain=1.5,beacon,19,score,26
A/gain=1.5,beacon,20,score,14
A/gain=1.5,beacon,21,score,19
A/gain=1.5,beacon,22,score,16
A/gain=1.5,beacon,23,score,21
A/gain=1.5,beacon,24,score,25
A/gain=1.5,beacon,25,score,16
A/gain=1.5,beacon,26,score,24
A/gain=1.5,beacon,27,score,20
A/gain=1.5,beacon,28,score,22
A/gain=1.5,beacon,29,score,18
A/gain=1.5,beacon,30,score,21
A/gain=1.5,beacon,1,vrest,0
A/gain=1.5,beacon,2,vrest,0
A/gain=1.5,beacon,3,vrest,0
A/gain=1.5,beacon,4,vrest,0
A/gain=1.5,beacon,5,vrest,0
A/gain=1.5,beacon,6,vrest,0
A/gain=1.5,beacon,7,vrest,0
A/gain=1.5,beacon,8,vrest,0
A/gain=1.5,beacon,9,vrest,0
A/gain=1.5,beacon,10,vrest,0
A/gain=1.5,beacon,11,vrest,0
A/gain=1.5,beacon,12,vrest,0
A/gain=1.5,beacon,13,vrest,0
A/gain=1.5,beacon,14,vrest,0
A/gain=1.5,beacon,15,vrest,0
A/gain=1.5,beacon,16,vrest,0
A/gain=1.5,beacon,17,vrest,0.000333333
A/gain=1.5,beacon,18,vrest,0
A/gain=1.5,beacon,19,vrest,0.000333333
A/gain=1.5,beacon,20,vrest,0
A/gain=1.5,beacon,21,vrest,0
A/gain=1.5,beacon,22,vrest,0.000333333
A/gain=1.5,beacon,23,vrest,0
A/gain=1.5,beacon,24,vrest,0
A/gain=1.5,beacon,25,vrest,0
A/gain=1.5,beacon,26,vrest,0
A/gain=1.5,beacon,27,vrest,0
A/gain=1.5,beacon,28,vrest,0
A/gain=1.5,beacon,29,vrest,0
A/gain=1.5,beacon,30,vrest,0
A/gain=1.5,foraging,1,score,47
A/gain=1.5,foraging,2,score,37
A/gain=1.5,foraging,3,score,43
A/gain=1.5,foraging,4,score,47
A/gain=1.5,foraging,5,score,44
A/gain=1.5,foraging,6,score,50
A/gain=1.5,foraging,7,score,49
A/gain=1.5,foraging,8,score,46
A/gain=1.5,foraging,9,score,39
A/gain=1.5,foraging,10,score,46
A/gain=1.5,foraging,11,score,54
A/gain=1.5,foraging,12,score,44
A/gain=1.5,foraging,13,score,47
A/gain=1.5,foraging,14,score,49
A/gain=1.5,foraging,15,score,39
A/gain=1.5,foraging,16,score,49
A/gain=1.5,foraging,17,score,41
A/gain=1.5,foraging,18,score,54
A/gain=1.5,foraging,19,score,39
A/gain=1.5,foraging,20,score,46
A/gain=1.5,foraging,21,score,49
A/gain=1.5,foraging,22,score,44
A/gain=1.5,foraging,23,score,42
A/gain=1.5,foraging,24,score,49
A/gain=1.5,foraging,25,score,39
A/gain=1.5,foraging,26,score,51
A/gain=1.5,foraging,27,score,49
A/gain=1.5,foraging,28,score,44
A/gain=1.5,foraging,29,score,44
A/gain=1.5,foraging,30,score,54
A/gain=1.5,foraging,1,vrest,0.000666667
A/gain=1.5,foraging,2,vrest,0
A/gain=1.5,foraging,3,vrest,0
A/gain=1.5,foraging,4,vrest,0
A/gain=1.5,foraging,5,vrest,0
A/gain=1.5,foraging,6,vrest,0
A/gain=1.5,foraging,7,vrest,0
A/gain=1.5,foraging,8,vrest,0
A/gain=1.5,foraging,9,vrest,0
A/gain=1.5,foraging,10,vrest,0
A/gain=1.5,foraging,11,vrest,0
A/gain=1.5,foraging,12,vrest,0
A/gain=1.5,foraging,13,vrest,0
A/gain=1.5,foraging,14,vrest,0
A/gain=1.5,foraging,15,vrest,0
A/gain=1.5,foraging,16,vrest,0
A/gain=1.5,foraging,17,vrest,0
A/gain=1.5,foraging,18,vrest,0
A/gain=1.5,foraging,19,vrest,0
A/gain=1.5,foraging,20,vrest,0.000333333
A/gain=1.5,foraging,21,vrest,0
A/gain=1.5,foraging,22,vrest,0
A/gain=1.5,foraging,23,vrest,0
A/gain=1.5,foraging,24,vrest,0
A/gain=1.5,foraging,25,vrest,0
A/gain=1.5,foraging,26,vrest,0
A/gain=1.5,foraging,27,vrest,0
A/gain=1.5,foraging,28,vrest,0
A/gain=1.5,foraging,29,vrest,0
A/gain=1.5,foraging,30,vrest,0.000333333
A/gain=1.5,hazard_field,1,score,32
A/gain=1.5,hazard_field,2,score,40
A/gain=1.5,hazard_field,3,score,35
A/gain=1.5,hazard_field,4,score,35
A/gain=1.5,hazard_field,5,score,31
A/gain=1.5,hazard_field,6,score,31
A/gain=1.5,hazard_field,7,score,31
A/gain=1.5,hazard_field,8,score,35
A/gain=1.5,hazard_field,9,score,31
A/gain=1.5,hazard_field,10,score,32
A/gain=1.5,hazard_field,11,score,37
A/gain=1.5,hazard_field,12,score,32
A/gain=1.5,hazard_field,13,score,34
A/gain=1.5,hazard_field,14,score,31
A/gain=1.5,hazard_field,15,score,29
A/gain=1.5,hazard_field,16,score,31
A/gain=1.5,hazard_field,17,score,32
A/gain=1.5,hazard_field,18,score,28
A/gain=1.5,hazard_field,19,score,35
A/gain=1.5,hazard_field,20,score,33
A/gain=1.5,hazard_field,21,score,30
A/gain=1.5,hazard_field,22,score,34
A/gain=1.5,hazard_field,23,score,33
A/gain=1.5,hazard_field,24,score,35
A/gain=1.5,hazard_field,25,score,30
A/gain=1.5,hazard_field,26,score,29
A/gain=1.5,hazard_field,27,score,35
A/gain=1.5,hazard_field,28,score,32
A/gain=1.5,hazard_field,29,score,28
A/gain=1.5,hazard_field,30,score,29
A/gain=1.5,hazard_field,1,vrest,0
A/gain=1.5,hazard_field,2,vrest,0
A/gain=1.5,hazard_field,3,vrest,0
A/gain=1.5,hazard_field,4,vrest,0
A/gain=1.5,hazard_field,5,vrest,0
A/gain=1.5,hazard_field,6,vrest,0
A/gain=1.5,hazard_field,7,vrest,0
A/gain=1.5,hazard_field,8,vrest,0
A/gain=1.5,hazard_field,9,vrest,0
A/gain=1.5,hazard_field,10,vrest,0
A/gain=1.5,hazard_field,11,vrest,0
A/gain=1.5,hazard_field,12,vrest,0
A/gain=1.5,hazard_field,13,vrest,0
A/gain=1.5,hazard_field,14,vrest,0
A/gain=1.5,hazard_field,15,vrest,0.000333333
A/gain=1.5,hazard_field,16,vrest,0
A/gain=1.5,hazard_field,17,vrest,0
A/gain=1.5,hazard_field,18,vrest,0
A/gain=1.5,hazard_field,19,vrest,0
A/gain=1.5,hazard_field,20,vrest,0.000333333
A/gain=1.5,hazard_field,21,vrest,0
A/gain=1.5,hazard_field,22,vrest,0
A/gain=1.5,hazard_field,23,vrest,0
A/gain=1.5,hazard_field,24,vrest,0
A/gain=1.5,hazard_field,25,vrest,0
A/gain=1.5,hazard_field,26,vrest,0
A/gain=1.5,hazard_field,27,vrest,0
A/gain=1.5,hazard_field,28,vrest,0.000333333
A/gain=1.5,hazard_field,29,vrest,0.000333333
A/gain=1.5,hazard_field,30,vrest,0
A/gain=1.5,memory_maze,1,attempted,144
A/gain=1.5,memory_maze,2,attempted,130
A/gain=1.5,memory_maze,3,attempted,141
A/gain=1.5,memory_maze,4,attempted,148
A/gain=1.5,memory_maze,5,attempted,138
A/gain=1.5,memory_maze,6,attempted,154
A/gain=1.5,memory_maze,7,attempted,149
A/gain=1.5,memory_maze,8,attempted,139
A/gain=1.5,memory_maze,9,attempted,139
A/gain=1.5,memory_maze,10,attempted,135
A/gain=1.5,memory_maze,11,attempted,146
A/gain=1.5,memory_maze,12,attempted,147
A/gain=1.5,memory_maze,13,attempted,141
A/gain=1.5,memory_maze,14,attempted,145
A/gain=1.5,memory_maze,15,attempted,150
A/gain=1.5,memory_maze,16,attempted,148
A/gain=1.5,memory_maze,17,attempted,140
A/gain=1.5,memory_maze,18,attempted,144
A/gain=1.5,memory_maze,19,attempted,149
A/gain=1.5,memory_maze,20,attempted,148
A/gain=1.5,memory_maze,21,attempted,144
A/gain=1.5,memory_maze,22,attempted,146
A/gain=1.5,memory_maze,23,attempted,143
A/gain=1.5,memory_maze,24,attempted,143
A/gain=1.5,memory_maze,25,attempted,141
A/gain=1.5,memory_maze,26,attempted,141
A/gain=1.5,memory_maze,27,attempted,142
A/gain=1.5,memory_maze,28,attempted,148
A/gain=1.5,memory_maze,29,attempted,152
A/gain=1.5,memory_maze,30,attempted,153
A/gain=1.5,memory_maze,1,score,144
A/gain=1.5,memory_maze,2,score,130
A/gain=1.5,memory_maze,3,score,141
A/gain=1.5,memory_maze,4,score,148
A/gain=1.5,memory_maze,5,score,138
A/gain=1.5,memory_maze,6,score,154
A/gain=1.5,memory_maze,7,score,149
A/gain=1.5,memory_maze,8,score,139
A/gain=1.5,memory_maze,9,score,139
A/gain=1.5,memory_maze,10,score,135
A/gain=1.5,memory_maze,11,score,146
A/gain=1.5,memory_maze,12,score,147
A/gain=1.5,memory_maze,13,score,141
A/gain=1.5,memory_maze,14,score,145
A/gain=1.5,memory_maze,15,score,150
A/gain=1.5,memory_maze,16,score,148
A/gain=1.5,memory_maze,17,score,140
A/gain=1.5,memory_maze,18,score,144
A/gain=1.5,memory_maze,19,score,149
A/gain=1.5,memory_maze,20,score,148
A/gain=1.5,memory_maze,21,score,144
A/gain=1.5,memory_maze,22,score,146
A/gain=1.5,memory_maze,23,score,143
A/gain=1.5,memory_maze,24,score,143
A/gain=1.5,memory_maze,25,score,141
A/gain=1.5,memory_maze,26,score,141
A/gain=1.5,memory_maze,27,score,142
A/gain=1.5,memory_maze,28,score,148
A/gain=1.5,memory_maze,29,score,152
A/gain=1.5,memory_maze,30,score,153
A/gain=2,beacon,1,score,25
A/gain=2,beacon,2,score,21
A/gain=2,beacon,3,score,20
A/gain=2,beacon,4,score,20
A/gain=2,beacon,5,score,18
A/gain=2,beacon,6,score,11
A/gain=2,beacon,7,score,23
A/gain=2,beacon,8,score,16
A/gain=2,beacon,9,score,16
A/gain=2,beacon,10,score,24
A/gain=2,beacon,11,score,20
A/gain=2,beacon,12,score,11
A/gain=2,beacon,13,score,13
A/gain=2,beacon,14,score,12
A/gain=2,beacon,15,score,27
A/gain=2,beacon,16,score,16
A/gain=2,beacon,17,score,16
A/gain=2,beacon,18,score,11
A/gain=2,beacon,19,score,26
A/gain=2,beacon,20,score,14
A/gain=2,beacon,21,score,19
A/gain=2,beacon,22,score,16
A/gain=2,beacon,23,score,21
A/gain=2,beacon,24,score,25
A/gain=2,beacon,25,score,16
A/gain=2,beacon,26,score,24
A/gain=2,beacon,27,score,20
A/gain=2,beacon,28,score,22
A/gain=2,beacon,29,score,18
A/gain=2,beacon,30,score,21
A/gain=2,beacon,1,vrest,0
A/gain=2,beacon,2,vrest,0
A/gain=2,beacon,3,vrest,0
A/gain=2,beacon,4,vrest,0
A/gain=2,beacon,5,vrest,0
A/gain=2,beacon,6,vrest,0
A/gain=2,beacon,7,vrest,0
A/gain=2,beacon,8,vrest,0
A/gain=2,beacon,9,vrest,0
A/gain=2,beacon,10,vrest,0
A/gain=2,beacon,11,vrest,0
A/gain=2,beacon,12,vrest,0
A/gain=2,beacon,13,vrest,0
A/gain=2,beacon,14,vrest,0
A/gain=2,beacon,15,vrest,0
A/gain=2,beacon,16,vrest,0
A/gain=2,beacon,17,vrest,0.000333333
A/gain=2,beacon,18,vrest,0
A/gain=2,beacon,19,vrest,0.000333333
A/gain=2,beacon,20,vrest,0
A/gain=2,beacon,21,vrest,0
A/gain=2,beacon,22,vrest,0.000333333
A/gain=2,beacon,23,vrest,0
A/gain=2,beacon,24,vrest,0
A/gain=2,beacon,25,vrest,0
A/gain=2,beacon,26,vrest,0
A/gain=2,beacon,27,vrest,0
A/gain=2,beacon,28,vrest,0
A/gain=2,beacon,29,vrest,0
A/gain=2,beacon,30,vrest,0
A/gain=2,foraging,1,score,39
A/gain=2,foraging,2,score,37
A/gain=2,foraging,3,score,43
A/gain=2,foraging,4,score,47
A/gain=2,foraging,5,score,44
A/gain=2,foraging,6,score,49
A/gain=2,foraging,7,score,49
A/gain=2,foraging,8,score,46
A/gain=2,foraging,9,score,39
A/gain=2,foraging,10,score,46
A/gain=2,foraging,11,score,54
A/gain=2,foraging,12,score,44
A/gain=2,foraging,13,score,47
A/gain=2,foraging,14,score,49
A/gain=2,foraging,15,score,39
A/gain=2,foraging,16,score,49
A/gain=2,foraging,17,score,41
A/gain=2,foraging,18,score,52
A/gain=2,foraging,19,score,39
A/gain=2,foraging,20,score,44
A/gain=2,foraging,21,score,49
A/gain=2,foraging,22,score,44
A/gain=2,foraging,23,score,42
A/gain=2,foraging,24,score,46
A/gain=2,foraging,25,score,39
A/gain=2,foraging,26,score,51
A/gain=2,foraging,27,score,41
A/gain=2,foraging,28,score,44
A/gain=2,foraging,29,score,44
A/gain=2,foraging,30,score,52
A/gain=2,foraging,1,vrest,0.000666667
A/gain=2,foraging,2,vrest,0
A/gain=2,foraging,3,vrest,0
A/gain=2,foraging,4,vrest,0
A/gain=2,foraging,5,vrest,0
A/gain=2,foraging,6,vrest,0
A/gain=2,foraging,7,vrest,0
A/gain=2,foraging,8,vrest,0
A/gain=2,foraging,9,vrest,0
A/gain=2,foraging,10,vrest,0
A/gain=2,foraging,11,vrest,0
A/gain=2,foraging,12,vrest,0
A/gain=2,foraging,13,vrest,0
A/gain=2,foraging,14,vrest,0
A/gain=2,foraging,15,vrest,0
A/gain=2,foraging,16,vrest,0
A/gain=2,foraging,17,vrest,0
A/gain=2,foraging,18,vrest,0
A/gain=2,foraging,19,vrest,0
A/gain=2,foraging,20,vrest,0.000333333
A/gain=2,foraging,21,vrest,0
A/gain=2,foraging,22,vrest,0
A/gain=2,foraging,23,vrest,0
A/gain=2,foraging,24,vrest,0
A/gain=2,foraging,25,vrest,0
A/gain=2,foraging,26,vrest,0
A/gain=2,foraging,27,vrest,0
A/gain=2,foraging,28,vrest,0
A/gain=2,foraging,29,vrest,0
A/gain=2,foraging,30,vrest,0
A/gain=2,hazard_field,1,score,32
A/gain=2,hazard_field,2,score,34
A/gain=2,hazard_field,3,score,33
A/gain=2,hazard_field,4,score,35
A/gain=2,hazard_field,5,score,31
A/gain=2,hazard_field,6,score,31
A/gain=2,hazard_field,7,score,37
A/gain=2,hazard_field,8,score,35
A/gain=2,hazard_field,9,score,31
A/gain=2,hazard_field,10,score,32
A/gain=2,hazard_field,11,score,37
A/gain=2,hazard_field,12,score,32
A/gain=2,hazard_field,13,score,37
A/gain=2,hazard_field,14,score,31
A/gain=2,hazard_field,15,score,29
A/gain=2,hazard_field,16,score,31
A/gain=2,hazard_field,17,score,32
A/gain=2,hazard_field,18,score,28
A/gain=2,hazard_field,19,score,35
A/gain=2,hazard_field,20,score,33
A/gain=2,hazard_field,21,score,30
A/gain=2,hazard_field,22,score,34
A/gain=2,hazard_field,23,score,33
A/gain=2,hazard_field,24,score,29
A/gain=2,hazard_field,25,score,32
A/gain=2,hazard_field,26,score,32
A/gain=2,hazard_field,27,score,35
A/gain=2,hazard_field,28,score,32
A/gain=2,hazard_field,29,score,28
A/gain=2,hazard_field,30,score,29
A/gain=2,hazard_field,1,vrest,0
A/gain=2,hazard_field,2,vrest,0
A/gain=2,hazard_field,3,vrest,0
A/gain=2,hazard_field,4,vrest,0
A/gain=2,hazard_field,5,vrest,0
A/gain=2,hazard_field,6,vrest,0
A/gain=2,hazard_field,7,vrest,0
A/gain=2,hazard_field,8,vrest,0
A/gain=2,hazard_field,9,vrest,0
A/gain=2,hazard_field,10,vrest,0
A/gain=2,hazard_field,11,vrest,0
A/gain=2,hazard_field,12,vrest,0
A/gain=2,hazard_field,13,vrest,0.000333333
A/gain=2,hazard_field,14,vrest,0
A/gain=2,hazard_field,15,vrest,0.000333333
A/gain=2,hazard_field,16,vrest,0
A/gain=2,hazard_field,17,vrest,0
A/gain=2,hazard_field,18,vrest,0
A/gain=2,hazard_field,19,vrest,0
A/gain=2,hazard_field,20,vrest,0.000333333
A/gain=2,hazard_field,21,vrest,0
A/gain=2,hazard_field,22,vrest,0
A/gain=2,hazard_field,23,vrest,0
A/gain=2,hazard_field,24,vrest,0
A/gain=2,hazard_field,25,vrest,0
A/gain=2,hazard_field,26,vrest,0
A/gain=2,hazard_field,27,vrest,0
A/gain=2,hazard_field,28,vrest,0.000333333
A/gain=2,hazard_field,29,vrest,0.000333333
A/gain=2,hazard_field,30,vrest,0
A/gain=2,memory_maze,1,attempted,151
A/gain=2,memory_maze,2,attempted,143
A/gain=2,memory_maze,3,attempted,142
A/gain=2,memory_maze,4,attempted,152
A/gain=2,memory_maze,5,attempted,146
A/gain=2,memory_maze,6,attempted,151
A/gain=2,memory_maze,7,attempted,145
A/gain=2,memory_maze,8,attempted,142
A/gain=2,memory_maze,9,attempted,142
A/gain=2,memory_maze,10,attempted,148
A/gain=2,memory_maze,11,attempted,151
A/gain=2,memory_maze,12,attempted,145
A/gain=2,memory_maze,13,attempted,152
A/gain=2,memory_maze,14,attempted,142
A/gain=2,memory_maze,15,attempted,141
A/gain=2,memory_maze,16,attempted,149
A/gain=2,memory_maze,17,attempted,148
A/gain=2,memory_maze,18,attempted,148
A/gain=2,memory_maze,19,attempted,147
A/gain=2,memory_maze,20,attempted,140
A/gain=2,memory_maze,21,attempted,146
A/gain=2,memory_maze,22,attempted,143
A/gain=2,memory_maze,23,attempted,146
A/gain=2,memory_maze,24,attempted,140
A/gain=2,memory_maze,25,attempted,146
A/gain=2,memory_maze,26,attempted,144
A/gain=2,memory_maze,27,attempted,136
A/gain=2,memory_maze,28,attempted,143
A/gain=2,memory_maze,29,attempted,150
A/gain=2,memory_maze,30,attempted,145
A/gain=2,memory_maze,1,score,151
A/gain=2,memory_maze,2,score,143
A/gain=2,memory_maze,3,score,142
A/gain=2,memory_maze,4,score,152
A/gain=2,memory_maze,5,score,146
A/gain=2,memory_maze,6,score,151
A/gain=2,memory_maze,7,score,145
A/gain=2,memory_maze,8,score,142
A/gain=2,memory_maze,9,score,142
A/gain=2,memory_maze,10,score,148
A/gain=2,memory_maze,11,score,151
A/gain=2,memory_maze,12,score,145
A/gain=2,memory_maze,13,score,152
A/gain=2,memory_maze,14,score,142
A/gain=2,memory_maze,15,score,141
A/gain=2,memory_maze,16,score,149
A/gain=2,memory_maze,17,score,148
A/gain=2,memory_maze,18,score,148
A/gain=2,memory_maze,19,score,147
A/gain=2,memory_maze,20,score,140
A/gain=2,memory_maze,21,score,146
A/gain=2,memory_maze,22,score,143
A/gain=2,memory_maze,23,score,146
A/gain=2,memory_maze,24,score,140
A/gain=2,memory_maze,25,score,146
A/gain=2,memory_maze,26,score,144
A/gain=2,memory_maze,27,score,136
A/gain=2,memory_maze,28,score,143
A/gain=2,memory_maze,29,score,150
A/gain=2,memory_maze,30,score,145
A/gain=3,beacon,1,score,22
A/gain=3,beacon,2,score,21
A/gain=3,beacon,3,score,20
A/gain=3,beacon,4,score,20
A/gain=3,beacon,5,score,18
A/gain=3,beacon,6,score,11
A/gain=3,beacon,7,score,23
A/gain=3,beacon,8,score,16
A/gain=3,beacon,9,score,16
A/gain=3,beacon,10,score,24
A/gain=3,beacon,11,score,20
A/gain=3,beacon,12,score,11
A/gain=3,beacon,13,score,13
A/gain=3,beacon,14,score,12
A/gain=3,beacon,15,score,27
A/gain=3,beacon,16,score,14
A/gain=3,beacon,17,score,16
A/gain=3,beacon,18,score,11
A/gain=3,beacon,19,score,26
A/gain=3,beacon,20,score,14
A/gain=3,beacon,21,score,19
A/gain=3,beacon,22,score,16
A/gain=3,beacon,23,score,21
A/gain=3,beacon,24,score,25
A/gain=3,beacon,25,score,16
A/gain=3,beacon,26,score,24
A/gain=3,beacon,27,score,20
A/gain=3,beacon,28,score,22
A/gain=3,beacon,29,score,18
A/gain=3,beacon,30,score,21
A/gain=3,beacon,1,vrest,0
A/gain=3,beacon,2,vrest,0
A/gain=3,beacon,3,vrest,0
A/gain=3,beacon,4,vrest,0
A/gain=3,beacon,5,vrest,0
A/gain=3,beacon,6,vrest,0
A/gain=3,beacon,7,vrest,0
A/gain=3,beacon,8,vrest,0
A/gain=3,beacon,9,vrest,0
A/gain=3,beacon,10,vrest,0
A/gain=3,beacon,11,vrest,0
A/gain=3,beacon,12,vrest,0
A/gain=3,beacon,13,vrest,0
A/gain=3,beacon,14,vrest,0
A/gain=3,beacon,15,vrest,0
A/gain=3,beacon,16,vrest,0
A/gain=3,beacon,17,vrest,0.000333333
A/gain=3,beacon,18,vrest,0
A/gain=3,beacon,19,vrest,0.000333333
A/gain=3,beacon,20,vrest,0
A/gain=3,beacon,21,vrest,0
A/gain=3,beacon,22,vrest,0.000333333
A/gain=3,beacon,23,vrest,0
A/gain=3,beacon,24,vrest,0
A/gain=3,beacon,25,vrest,0
A/gain=3,beacon,26,vrest,0
A/gain=3,beacon,27,vrest,0
A/gain=3,beacon,28,vrest,0
A/gain=3,beacon,29,vrest,0
A/gain=3,beacon,30,vrest,0
A/gain=3,foraging,1,score,39
A/gain=3,foraging,2,score,37
A/gain=3,foraging,3,score,43
A/gain=3,foraging,4,score,41
A/gain=3,foraging,5,score,44
A/gain=3,foraging,6,score,51
A/gain=3,foraging,7,score,49
A/gain=3,foraging,8,score,46
A/gain=3,foraging,9,score,39
A/gain=3,foraging,10,score,44
A/gain=3,foraging,11,score,54
A/gain=3,foraging,12,score,44
A/gain=3,foraging,13,score,41
A/gain=3,foraging,14,score,48
A/gain=3,foraging,15,score,39
A/gain=3,foraging,16,score,49
A/gain=3,foraging,17,score,41
A/gain=3,foraging,18,score,52
A/gain=3,foraging,19,score,39
A/gain=3,foraging,20,score,53
A/gain=3,foraging,21,score,48
A/gain=3,foraging,22,score,44
A/gain=3,foraging,23,score,42
A/gain=3,foraging,24,score,46
A/gain=3,foraging,25,score,39
A/gain=3,foraging,26,score,51
A/gain=3,foraging,27,score,42
A/gain=3,foraging,28,score,32
A/gain=3,foraging,29,score,44
A/gain=3,foraging,30,score,52
A/gain=3,foraging,1,vrest,0.000666667
A/gain=3,foraging,2,vrest,0
A/gain=3,foraging,3,vrest,0
A/gain=3,foraging,4,vrest,0
A/gain=3,foraging,5,vrest,0
A/gain=3,foraging,6,vrest,0
A/gain=3,foraging,7,vrest,0
A/gain=3,foraging,8,vrest,0
A/gain=3,foraging,9,vrest,0
A/gain=3,foraging,10,vrest,0
A/gain=3,foraging,11,vrest,0
A/gain=3,foraging,12,vrest,0
A/gain=3,foraging,13,vrest,0
A/gain=3,foraging,14,vrest,0
A/gain=3,foraging,15,vrest,0
A/gain=3,foraging,16,vrest,0
A/gain=3,foraging,17,vrest,0
A/gain=3,foraging,18,vrest,0
A/gain=3,foraging,19,vrest,0
A/gain=3,foraging,20,vrest,0.000333333
A/gain=3,foraging,21,vrest,0
A/gain=3,foraging,22,vrest,0
A/gain=3,foraging,23,vrest,0
A/gain=3,foraging,24,vrest,0
A/gain=3,foraging,25,vrest,0
A/gain=3,foraging,26,vrest,0
A/gain=3,foraging,27,vrest,0
A/gain=3,foraging,28,vrest,0
A/gain=3,foraging,29,vrest,0
A/gain=3,foraging,30,vrest,0
A/gain=3,hazard_field,1,score,32
A/gain=3,hazard_field,2,score,31
A/gain=3,hazard_field,3,score,35
A/gain=3,hazard_field,4,score,35
A/gain=3,hazard_field,5,score,31
A/gain=3,hazard_field,6,score,31
A/gain=3,hazard_field,7,score,37
A/gain=3,hazard_field,8,score,35
A/gain=3,hazard_field,9,score,26
A/gain=3,hazard_field,10,score,32
A/gain=3,hazard_field,11,score,37
A/gain=3,hazard_field,12,score,32
A/gain=3,hazard_field,13,score,31
A/gain=3,hazard_field,14,score,31
A/gain=3,hazard_field,15,score,29
A/gain=3,hazard_field,16,score,31
A/gain=3,hazard_field,17,score,33
A/gain=3,hazard_field,18,score,28
A/gain=3,hazard_field,19,score,37
A/gain=3,hazard_field,20,score,33
A/gain=3,hazard_field,21,score,30
A/gain=3,hazard_field,22,score,34
A/gain=3,hazard_field,23,score,33
A/gain=3,hazard_field,24,score,32
A/gain=3,hazard_field,25,score,32
A/gain=3,hazard_field,26,score,32
A/gain=3,hazard_field,27,score,35
A/gain=3,hazard_field,28,score,32
A/gain=3,hazard_field,29,score,28
A/gain=3,hazard_field,30,score,29
A/gain=3,hazard_field,1,vrest,0
A/gain=3,hazard_field,2,vrest,0
A/gain=3,hazard_field,3,vrest,0
A/gain=3,hazard_field,4,vrest,0.000666667
A/gain=3,hazard_field,5,vrest,0
A/gain=3,hazard_field,6,vrest,0
A/gain=3,hazard_field,7,vrest,0
A/gain=3,hazard_field,8,vrest,0
A/gain=3,hazard_field,9,vrest,0.000333333
A/gain=3,hazard_field,10,vrest,0
A/gain=3,hazard_field,11,vrest,0
A/gain=3,hazard_field,12,vrest,0
A/gain=3,hazard_field,13,vrest,0.000333333
A/gain=3,hazard_field,14,vrest,0
A/gain=3,hazard_field,15,vrest,0.000333333
A/gain=3,hazard_field,16,vrest,0
A/gain=3,hazard_field,17,vrest,0
A/gain=3,hazard_field,18,vrest,0
A/gain=3,hazard_field,19,vrest,0
A/gain=3,hazard_field,20,vrest,0.000333333
A/gain=3,hazard_field,21,vrest,0
A/gain=3,hazard_field,22,vrest,0
A/gain=3,hazard_field,23,vrest,0
A/gain=3,hazard_field,24,vrest,0
A/gain=3,hazard_field,25,vrest,0
A/gain=3,hazard_field,26,vrest,0
A/gain=3,hazard_field,27,vrest,0
A/gain=3,hazard_field,28,vrest,0.000333333
A/gain=3,hazard_field,29,vrest,0.000333333
A/gain=3,hazard_field,30,vrest,0
A/gain=3,memory_maze,1,attempted,149
A/gain=3,memory_maze,2,attempted,141
A/gain=3,memory_maze,3,attempted,148
A/gain=3,memory_maze,4,attempted,146
A/gain=3,memory_maze,5,attempted,142
A/gain=3,memory_maze,6,attempted,141
A/gain=3,memory_maze,7,attempted,148
A/gain=3,memory_maze,8,attempted,140
A/gain=3,memory_maze,9,attempted,139
A/gain=3,memory_maze,10,attempted,141
A/gain=3,memory_maze,11,attempted,139
A/gain=3,memory_maze,12,attempted,139
A/gain=3,memory_maze,13,attempted,147
A/gain=3,memory_maze,14,attempted,149
A/gain=3,memory_maze,15,attempted,138
A/gain=3,memory_maze,16,attempted,131
A/gain=3,memory_maze,17,attempted,144
A/gain=3,memory_maze,18,attempted,143
A/gain=3,memory_maze,19,attempted,147
A/gain=3,memory_maze,20,attempted,143
A/gain=3,memory_maze,21,attempted,147
A/gain=3,memory_maze,22,attempted,148
A/gain=3,memory_maze,23,attempted,139
A/gain=3,memory_maze,24,attempted,131
A/gain=3,memory_maze,25,attempted,144
A/gain=3,memory_maze,26,attempted,150
A/gain=3,memory_maze,27,attempted,149
A/gain=3,memory_maze,28,attempted,141
A/gain=3,memory_maze,29,attempted,143
A/gain=3,memory_maze,30,attempted,154
A/gain=3,memory_maze,1,score,149
A/gain=3,memory_maze,2,score,141
A/gain=3,memory_maze,3,score,148
A/gain=3,memory_maze,4,score,146
A/gain=3,memory_maze,5,score,142
A/gain=3,memory_maze,6,score,141
A/gain=3,memory_maze,7,score,148
A/gain=3,memory_maze,8,score,140
A/gain=3,memory_maze,9,score,139
A/gain=3,memory_maze,10,score,141
A/gain=3,memory_maze,11,score,139
A/gain=3,memory_maze,12,score,139
A/gain=3,memory_maze,13,score,147
A/gain=3,memory_maze,14,score,149
A/gain=3,memory_maze,15,score,138
A/gain=3,memory_maze,16,score,131
A/gain=3,memory_maze,17,score,144
A/gain=3,memory_maze,18,score,143
A/gain=3,memory_maze,19,score,147
A/gain=3,memory_maze,20,score,143
A/gain=3,memory_maze,21,score,147
A/gain=3,memory_maze,22,score,148
A/gain=3,memory_maze,23,score,139
A/gain=3,memory_maze,24,score,131
A/gain=3,memory_maze,25,score,144
A/gain=3,memory_maze,26,score,150
A/gain=3,memory_maze,27,score,149
A/gain=3,memory_maze,28,score,141
A/gain=3,memory_maze,29,score,143
A/gain=3,memory_maze,30,score,154
B/gain=0,beacon,1,score,27
B/gain=0,beacon,2,score,28
B/gain=0,beacon,3,score,25
B/gain=0,beacon,4,score,26
B/gain=0,beacon,5,score,24
B/gain=0,beacon,6,score,26
B/gain=0,beacon,7,score,25
B/gain=0,beacon,8,score,23
B/gain=0,beacon,9,score,26
B/gain=0,beacon,10,score,27
B/gain=0,beacon,11,score,24
B/gain=0,beacon,12,score,26
B/gain=0,beacon,13,score,27
B/gain=0,beacon,14,score,27
B/gain=0,beacon,15,score,27
B/gain=0,beacon,16,score,27
B/gain=0,beacon,17,score,23
B/gain=0,beacon,18,score,25
B/gain=0,beacon,19,score,27
B/gain=0,beacon,20,score,27
B/gain=0,beacon,21,score,26
B/gain=0,beacon,22,score,26
B/gain=0,beacon,23,score,24
B/gain=0,beacon,24,score,26
B/gain=0,beacon,25,score,24
B/gain=0,beacon,26,score,25
B/gain=0,beacon,27,score,27
B/gain=0,beacon,28,score,26
B/gain=0,beacon,29,score,27
B/gain=0,beacon,30,score,26
B/gain=0,beacon,1,vrest,0
B/gain=0,beacon,2,vrest,0
B/gain=0,beacon,3,vrest,0
B/gain=0,beacon,4,vrest,0
B/gain=0,beacon,5,vrest,0
B/gain=0,beacon,6,vrest,0
B/gain=0,beacon,7,vrest,0
B/gain=0,beacon,8,vrest,0
B/gain=0,beacon,9,vrest,0
B/gain=0,beacon,10,vrest,0
B/gain=0,beacon,11,vrest,0
B/gain=0,beacon,12,vrest,0
B/gain=0,beacon,13,vrest,0
B/gain=0,beacon,14,vrest,0
B/gain=0,beacon,15,vrest,0
B/gain=0,beacon,16,vrest,0
B/gain=0,beacon,17,vrest,0
B/gain=0,beacon,18,vrest,0
B/gain=0,beacon,19,vrest,0
B/gain=0,beacon,20,vrest,0
B/gain=0,beacon,21,vrest,0
B/gain=0,beacon,22,vrest,0
B/gain=0,beacon,23,vrest,0
B/gain=0,beacon,24,vrest,0
B/gain=0,beacon,25,vrest,0
B/gain=0,beacon,26,vrest,0
B/gain=0,beacon,27,vrest,0
B/gain=0,beacon,28,vrest,0
B/gain=0,beacon,29,vrest,0
B/gain=0,beacon,30,vrest,0
B/gain=0,foraging,1,score,47
B/gain=0,foraging,2,score,49
B/gain=0,foraging,3,score,50
B/gain=0,foraging,4,score,52
B/gain=0,foraging,5,score,49
B/gain=0,foraging,6,score,42
B/gain=0,foraging,7,score,54
B/gain=0,foraging,8,score,54
B/gain=0,foraging,9,score,45
B/gain=0,foraging,10,score,41
B/gain=0,foraging,11,score,52
B/gain=0,foraging,12,score,54
B/gain=0,foraging,13,score,56
B/gain=0,foraging,14,score,54
B/gain=0,foraging,15,score,47
B/gain=0,foraging,16,score,43
B/gain=0,foraging,17,score,51
B/gain=0,foraging,18,score,47
B/gain=0,foraging,19,score,39
B/gain=0,foraging,20,score,39
B/gain=0,foraging,21,score,51
B/gain=0,foraging,22,score,54
B/gain=0,foraging,23,score,47
B/gain=0,foraging,24,score,49
B/gain=0,foraging,25,score,56
B/gain=0,foraging,26,score,44
B/gain=0,foraging,27,score,48
B/gain=0,foraging,28,score,51
B/gain=0,foraging,29,score,44
B/gain=0,foraging,30,score,56
B/gain=0,foraging,1,vrest,0
B/gain=0,foraging,2,vrest,0
B/gain=0,foraging,3,vrest,0
B/gain=0,foraging,4,vrest,0
B/gain=0,foraging,5,vrest,0
B/gain=0,foraging,6,vrest,0
B/gain=0,foraging,7,vrest,0
B/gain=0,foraging,8,vrest,0
B/gain=0,foraging,9,vrest,0
B/gain=0,foraging,10,vrest,0
B/gain=0,foraging,11,vrest,0
B/gain=0,foraging,12,vrest,0
B/gain=0,foraging,13,vrest,0
B/gain=0,foraging,14,vrest,0
B/gain=0,foraging,15,vrest,0
B/gain=0,foraging,16,vrest,0
B/gain=0,foraging,17,vrest,0
B/gain=0,foraging,18,vrest,0
B/gain=0,foraging,19,vrest,0
B/gain=0,foraging,20,vrest,0
B/gain=0,foraging,21,vrest,0
B/gain=0,foraging,22,vrest,0
B/gain=0,foraging,23,vrest,0
B/gain=0,foraging,24,vrest,0
B/gain=0,foraging,25,vrest,0
B/gain=0,foraging,26,vrest,0
B/gain=0,foraging,27,vrest,0
B/gain=0,foraging,28,vrest,0
B/gain=0,foraging,29,vrest,0
B/gain=0,foraging,30,vrest,0
B/gain=0,hazard_field,1,score,31
B/gain=0,hazard_field,2,score,31
B/gain=0,hazard_field,3,score,32
B/gain=0,hazard_field,4,score,31
B/gain=0,hazard_field,5,score,29
B/gain=0,hazard_field,6,score,30
B/gain=0,hazard_field,7,score,28
B/gain=0,hazard_field,8,score,35
B/gain=0,hazard_field,9,score,32
B/gain=0,hazard_field,10,score,32
B/gain=0,hazard_field,11,score,34
B/gain=0,hazard_field,12,score,31
B/gain=0,hazard_field,13,score,33
B/gain=0,hazard_field,14,score,29
B/gain=0,hazard_field,15,score,33
B/gain=0,hazard_field,16,score,26
B/gain=0,hazard_field,17,score,31
B/gain=0,hazard_field,18,score,35
B/gain=0,hazard_field,19,score,32
B/gain=0,hazard_field,20,score,34
B/gain=0,hazard_field,21,score,34
B/gain=0,hazard_field,22,score,34
B/gain=0,hazard_field,23,score,34
B/gain=0,hazard_field,24,score,31
B/gain=0,hazard_field,25,score,32
B/gain=0,hazard_field,26,score,34
B/gain=0,hazard_field,27,score,34
B/gain=0,hazard_field,28,score,31
B/gain=0,hazard_field,29,score,34
B/gain=0,hazard_field,30,score,31
B/gain=0,hazard_field,1,vrest,0
B/gain=0,hazard_field,2,vrest,0
B/gain=0,hazard_field,3,vrest,0
B/gain=0,hazard_field,4,vrest,0
B/gain=0,hazard_field,5,vrest,0
B/gain=0,hazard_field,6,vrest,0
B/gain=0,hazard_field,7,vrest,0
B/gain=0,hazard_field,8,vrest,0
B/gain=0,hazard_field,9,vrest,0
B/gain=0,hazard_field,10,vrest,0
B/gain=0,hazard_field,11,vrest,0
B/gain=0,hazard_field,12,vrest,0
B/gain=0,hazard_field,13,vrest,0
B/gain=0,hazard_field,14,vrest,0
B/gain=0,hazard_field,15,vrest,0
B/gain=0,hazard_field,16,vrest,0
B/gain=0,hazard_field,17,vrest,0
B/gain=0,hazard_field,18,vrest,0
B/gain=0,hazard_field,19,vrest,0
B/gain=0,hazard_field,20,vrest,0
B/gain=0,hazard_field,21,vrest,0
B/gain=0,hazard_field,22,vrest,0
B/gain=0,hazard_field,23,vrest,0
B/gain=0,hazard_field,24,vrest,0
B/gain=0,hazard_field,25,vrest,0
B/gain=0,hazard_field,26,vrest,0
B/gain=0,hazard_field,27,vrest,0
B/gain=0,hazard_field,28,vrest,0
B/gain=0,hazard_field,29,vrest,0
B/gain=0,hazard_field,30,vrest,0
B/gain=0,memory_maze,1,attempted,4
B/gain=0,memory_maze,2,attempted,4
B/gain=0,memory_maze,3,attempted,4
B/gain=0,memory_maze,4,attempted,4
B/gain=0,memory_maze,5,attempted,4
B/gain=0,memory_maze,6,attempted,4
B/gain=0,memory_maze,7,attempted,4
B/gain=0,memory_maze,8,attempted,4
B/gain=0,memory_maze,9,attempted,4
B/gain=0,memory_maze,10,attempted,4
B/gain=0,memory_maze,11,attempted,4
B/gain=0,memory_maze,12,attempted,4
B/gain=0,memory_maze,13,attempted,4
B/gain=0,memory_maze,14,attempted,4
B/gain=0,memory_maze,15,attempted,4
B/gain=0,memory_maze,16,attempted,4
B/gain=0,memory_maze,17,attempted,4
B/gain=0,memory_maze,18,attempted,4
B/gain=0,memory_maze,19,attempted,4
B/gain=0,memory_maze,20,attempted,4
B/gain=0,memory_maze,21,attempted,4
B/gain=0,memory_maze,22,attempted,4
B/gain=0,memory_maze,23,attempted,4
B/gain=0,memory_maze,24,attempted,4
B/gain=0,memory_maze,25,attempted,4
B/gain=0,memory_maze,26,attempted,4
B/gain=0,memory_maze,27,attempted,4
B/gain=0,memory_maze,28,attempted,4
B/gain=0,memory_maze,29,attempted,4
B/gain=0,memory_maze,30,attempted,4
B/gain=0,memory_maze,1,score,0
B/gain=0,memory_maze,2,score,0
B/gain=0,memory_maze,3,score,0
B/gain=0,memory_maze,4,score,0
B/gain=0,memory_maze,5,score,0
B/gain=0,memory_maze,6,score,0
B/gain=0,memory_maze,7,score,0
B/gain=0,memory_maze,8,score,0
B/gain=0,memory_maze,9,score,0
B/gain=0,memory_maze,10,score,0
B/gain=0,memory_maze,11,score,0
B/gain=0,memory_maze,12,score,0
B/gain=0,memory_maze,13,score,0
B/gain=0,memory_maze,14,score,0
B/gain=0,memory_maze,15,score,0
B/gain=0,memory_maze,16,score,0
B/gain=0,memory_maze,17,score,0
B/gain=0,memory_maze,18,score,0
B/gain=0,memory_maze,19,score,0
B/gain=0,memory_maze,20,score,0
B/gain=0,memory_maze,21,score,0
B/gain=0,memory_maze,22,score,0
B/gain=0,memory_maze,23,score,0
B/gain=0,memory_maze,24,score,0
B/gain=0,memory_maze,25,score,0
B/gain=0,memory_maze,26,score,0
B/gain=0,memory_maze,27,score,0
B/gain=0,memory_maze,28,score,0
B/gain=0,memory_maze,29,score,0
B/gain=0,memory_maze,30,score,0
B/gain=0.2,beacon,1,score,27
B/gain=0.2,beacon,2,score,28
B/gain=0.2,beacon,3,score,25
B/gain=0.2,beacon,4,score,26
B/gain=0.2,beacon,5,score,23
B/gain=0.2,beacon,6,score,26
B/gain=0.2,beacon,7,score,25
B/gain=0.2,beacon,8,score,24
B/gain=0.2,beacon,9,score,25
B/gain=0.2,beacon,10,score,25
B/gain=0.2,beacon,11,score,24
B/gain=0.2,beacon,12,score,26
B/gain=0.2,beacon,13,score,27
B/gain=0.2,beacon,14,score,27
B/gain=0.2,beacon,15,score,23
B/gain=0.2,beacon,16,score,24
B/gain=0.2,beacon,17,score,24
B/gain=0.2,beacon,18,score,24
B/gain=0.2,beacon,19,score,27
B/gain=0.2,beacon,20,score,27
B/gain=0.2,beacon,21,score,25
B/gain=0.2,beacon,22,score,26
B/gain=0.2,beacon,23,score,24
B/gain=0.2,beacon,24,score,18
B/gain=0.2,beacon,25,score,22
B/gain=0.2,beacon,26,score,26
B/gain=0.2,beacon,27,score,27
B/gain=0.2,beacon,28,score,26
B/gain=0.2,beacon,29,score,25
B/gain=0.2,beacon,30,score,27
B/gain=0.2,beacon,1,vrest,0
B/gain=0.2,beacon,2,vrest,0
B/gain=0.2,beacon,3,vrest,0
B/gain=0.2,beacon,4,vrest,0
B/gain=0.2,beacon,5,vrest,0
B/gain=0.2,beacon,6,vrest,0
B/gain=0.2,beacon,7,vrest,0
B/gain=0.2,beacon,8,vrest,0
B/gain=0.2,beacon,9,vrest,0
B/gain=0.2,beacon,10,vrest,0
B/gain=0.2,beacon,11,vrest,0
B/gain=0.2,beacon,12,vrest,0
B/gain=0.2,beacon,13,vrest,0
B/gain=0.2,beacon,14,vrest,0
B/gain=0.2,beacon,15,vrest,0
B/gain=0.2,beacon,16,vrest,0
B/gain=0.2,beacon,17,vrest,0
B/gain=0.2,beacon,18,vrest,0
B/gain=0.2,beacon,19,vrest,0
B/gain=0.2,beacon,20,vrest,0
B/gain=0.2,beacon,21,vrest,0
B/gain=0.2,beacon,22,vrest,0
B/gain=0.2,beacon,23,vrest,0
B/gain=0.2,beacon,24,vrest,0
B/gain=0.2,beacon,25,vrest,0
B/gain=0.2,beacon,26,vrest,0
B/gain=0.2,beacon,27,vrest,0
B/gain=0.2,beacon,28,vrest,0
B/gain=0.2,beacon,29,vrest,0
B/gain=0.2,beacon,30,vrest,0
B/gain=0.2,foraging,1,score,52
B/gain=0.2,foraging,2,score,49
B/gain=0.2,foraging,3,score,52
B/gain=0.2,foraging,4,score,63
B/gain=0.2,foraging,5,score,56
B/gain=0.2,foraging,6,score,49
B/gain=0.2,foraging,7,score,53
B/gain=0.2,foraging,8,score,48
B/gain=0.2,foraging,9,score,43
B/gain=0.2,foraging,10,score,41
B/gain=0.2,foraging,11,score,48
B/gain=0.2,foraging,12,score,48
B/gain=0.2,foraging,13,score,54
B/gain=0.2,foraging,14,score,49
B/gain=0.2,foraging,15,score,49
B/gain=0.2,foraging,16,score,47
B/gain=0.2,foraging,17,score,43
B/gain=0.2,foraging,18,score,44
B/gain=0.2,foraging,19,score,42
B/gain=0.2,foraging,20,score,39
B/gain=0.2,foraging,21,score,57
B/gain=0.2,foraging,22,score,57
B/gain=0.2,foraging,23,score,47
B/gain=0.2,foraging,24,score,44
B/gain=0.2,foraging,25,score,54
B/gain=0.2,foraging,26,score,42
B/gain=0.2,foraging,27,score,46
B/gain=0.2,foraging,28,score,47
B/gain=0.2,foraging,29,score,46
B/gain=0.2,foraging,30,score,44
B/gain=0.2,foraging,1,vrest,0
B/gain=0.2,foraging,2,vrest,0
B/gain=0.2,foraging,3,vrest,0
B/gain=0.2,foraging,4,vrest,0
B/gain=0.2,foraging,5,vrest,0
B/gain=0.2,foraging,6,vrest,0
B/gain=0.2,foraging,7,vrest,0
B/gain=0.2,foraging,8,vrest,0
B/gain=0.2,foraging,9,vrest,0
B/gain=0.2,foraging,10,vrest,0
B/gain=0.2,foraging,11,vrest,0
B/gain=0.2,foraging,12,vrest,0
B/gain=0.2,foraging,13,vrest,0
B/gain=0.2,foraging,14,vrest,0
B/gain=0.2,foraging,15,vrest,0
B/gain=0.2,foraging,16,vrest,0
B/gain=0.2,foraging,17,vrest,0
B/gain=0.2,foraging,18,vrest,0
B/gain=0.2,foraging,19,vrest,0
B/gain=0.2,foraging,20,vrest,0
B/gain=0.2,foraging,21,vrest,0
B/gain=0.2,foraging,22,vrest,0
B/gain=0.2,foraging,23,vrest,0
B/gain=0.2,foraging,24,vrest,0
B/gain=0.2,foraging,25,vrest,0
B/gain=0.2,foraging,26,vrest,0
B/gain=0.2,foraging,27,vrest,0
B/gain=0.2,foraging,28,vrest,0
B/gain=0.2,foraging,29,vrest,0
B/gain=0.2,foraging,30,vrest,0
B/gain=0.2,hazard_field,1,score,32
B/gain=0.2,hazard_field,2,score,31
B/gain=0.2,hazard_field,3,score,36
B/gain=0.2,hazard_field,4,score,35
B/gain=0.2,hazard_field,5,score,34
B/gain=0.2,hazard_field,6,score,34
B/gain=0.2,hazard_field,7,score,37
B/gain=0.2,hazard_field,8,score,35
B/gain=0.2,hazard_field,9,score,34
B/gain=0.2,hazard_field,10,score,37
B/gain=0.2,hazard_field,11,score,32
B/gain=0.2,hazard_field,12,score,36
B/gain=0.2,hazard_field,13,score,34
B/gain=0.2,hazard_field,14,score,37
B/gain=0.2,hazard_field,15,score,32
B/gain=0.2,hazard_field,16,score,37
B/gain=0.2,hazard_field,17,score,33
B/gain=0.2,hazard_field,18,score,35
B/gain=0.2,hazard_field,19,score,31
B/gain=0.2,hazard_field,20,score,35
B/gain=0.2,hazard_field,21,score,34
B/gain=0.2,hazard_field,22,score,34
B/gain=0.2,hazard_field,23,score,31
B/gain=0.2,hazard_field,24,score,36
B/gain=0.2,hazard_field,25,score,34
B/gain=0.2,hazard_field,26,score,32
B/gain=0.2,hazard_field,27,score,32
B/gain=0.2,hazard_field,28,score,35
B/gain=0.2,hazard_field,29,score,37
B/gain=0.2,hazard_field,30,score,34
B/gain=0.2,hazard_field,1,vrest,0
B/gain=0.2,hazard_field,2,vrest,0
B/gain=0.2,hazard_field,3,vrest,0
B/gain=0.2,hazard_field,4,vrest,0
B/gain=0.2,hazard_field,5,vrest,0
B/gain=0.2,hazard_field,6,vrest,0
B/gain=0.2,hazard_field,7,vrest,0
B/gain=0.2,hazard_field,8,vrest,0
B/gain=0.2,hazard_field,9,vrest,0
B/gain=0.2,hazard_field,10,vrest,0
B/gain=0.2,hazard_field,11,vrest,0
B/gain=0.2,hazard_field,12,vrest,0
B/gain=0.2,hazard_field,13,vrest,0
B/gain=0.2,hazard_field,14,vrest,0
B/gain=0.2,hazard_field,15,vrest,0
B/gain=0.2,hazard_field,16,vrest,0
B/gain=0.2,hazard_field,17,vrest,0
B/gain=0.2,hazard_field,18,vrest,0
B/gain=0.2,hazard_field,19,vrest,0
B/gain=0.2,hazard_field,20,vrest,0
B/gain=0.2,hazard_field,21,vrest,0
B/gain=0.2,hazard_field,22,vrest,0
B/gain=0.2,hazard_field,23,vrest,0
B/gain=0.2,hazard_field,24,vrest,0
B/gain=0.2,hazard_field,25,vrest,0
B/gain=0.2,hazard_field,26,vrest,0
B/gain=0.2,hazard_field,27,vrest,0
B/gain=0.2,hazard_field,28,vrest,0
B/gain=0.2,hazard_field,29,vrest,0
B/gain=0.2,hazard_field,30,vrest,0
B/gain=0.2,memory_maze,1,attempted,32
B/gain=0.2,memory_maze,2,attempted,34
B/gain=0.2,memory_maze,3,attempted,17
B/gain=0.2,memory_maze,4,attempted,32
B/gain=0.2,memory_maze,5,attempted,27
B/gain=0.2,memory_maze,6,attempted,16
B/gain=0.2,memory_maze,7,attempted,11
B/gain=0.2,memory_maze,8,attempted,38
B/gain=0.2,memory_maze,9,attempted,34
B/gain=0.2,memory_maze,10,attempted,29
B/gain=0.2,memory_maze,11,attempted,20
B/gain=0.2,memory_maze,12,attempted,37
B/gain=0.2,memory_maze,13,attempted,33
B/gain=0.2,memory_maze,14,attempted,37
B/gain=0.2,memory_maze,15,attempted,31
B/gain=0.2,memory_maze,16,attempted,35
B/gain=0.2,memory_maze,17,attempted,35
B/gain=0.2,memory_maze,18,attempted,20
B/gain=0.2,memory_maze,19,attempted,34
B/gain=0.2,memory_maze,20,attempted,34
B/gain=0.2,memory_maze,21,attempted,18
B/gain=0.2,memory_maze,22,attempted,30
B/gain=0.2,memory_maze,23,attempted,29
B/gain=0.2,memory_maze,24,attempted,32
B/gain=0.2,memory_maze,25,attempted,17
B/gain=0.2,memory_maze,26,attempted,29
B/gain=0.2,memory_maze,27,attempted,31
B/gain=0.2,memory_maze,28,attempted,40
B/gain=0.2,memory_maze,29,attempted,33
B/gain=0.2,memory_maze,30,attempted,38
B/gain=0.2,memory_maze,1,score,32
B/gain=0.2,memory_maze,2,score,34
B/gain=0.2,memory_maze,3,score,17
B/gain=0.2,memory_maze,4,score,32
B/gain=0.2,memory_maze,5,score,27
B/gain=0.2,memory_maze,6,score,16
B/gain=0.2,memory_maze,7,score,11
B/gain=0.2,memory_maze,8,score,37
B/gain=0.2,memory_maze,9,score,34
B/gain=0.2,memory_maze,10,score,29
B/gain=0.2,memory_maze,11,score,20
B/gain=0.2,memory_maze,12,score,37
B/gain=0.2,memory_maze,13,score,33
B/gain=0.2,memory_maze,14,score,37
B/gain=0.2,memory_maze,15,score,31
B/gain=0.2,memory_maze,16,score,35
B/gain=0.2,memory_maze,17,score,35
B/gain=0.2,memory_maze,18,score,20
B/gain=0.2,memory_maze,19,score,34
B/gain=0.2,memory_maze,20,score,34
B/gain=0.2,memory_maze,21,score,18
B/gain=0.2,memory_maze,22,score,30
B/gain=0.2,memory_maze,23,score,28
B/gain=0.2,memory_maze,24,score,32
B/gain=0.2,memory_maze,25,score,17
B/gain=0.2,memory_maze,26,score,29
B/gain=0.2,memory_maze,27,score,31
B/gain=0.2,memory_maze,28,score,40
B/gain=0.2,memory_maze,29,score,33
B/gain=0.2,memory_maze,30,score,38
B/gain=0.4,beacon,1,score,27
B/gain=0.4,beacon,2,score,28
B/gain=0.4,beacon,3,score,26
B/gain=0.4,beacon,4,score,26
B/gain=0.4,beacon,5,score,21
B/gain=0.4,beacon,6,score,26
B/gain=0.4,beacon,7,score,25
B/gain=0.4,beacon,8,score,23
B/gain=0.4,beacon,9,score,22
B/gain=0.4,beacon,10,score,27
B/gain=0.4,beacon,11,score,24
B/gain=0.4,beacon,12,score,27
B/gain=0.4,beacon,13,score,27
B/gain=0.4,beacon,14,score,24
B/gain=0.4,beacon,15,score,23
B/gain=0.4,beacon,16,score,26
B/gain=0.4,beacon,17,score,23
B/gain=0.4,beacon,18,score,24
B/gain=0.4,beacon,19,score,27
B/gain=0.4,beacon,20,score,20
B/gain=0.4,beacon,21,score,25
B/gain=0.4,beacon,22,score,26
B/gain=0.4,beacon,23,score,23
B/gain=0.4,beacon,24,score,24
B/gain=0.4,beacon,25,score,27
B/gain=0.4,beacon,26,score,26
B/gain=0.4,beacon,27,score,27
B/gain=0.4,beacon,28,score,26
B/gain=0.4,beacon,29,score,26
B/gain=0.4,beacon,30,score,24
B/gain=0.4,beacon,1,vrest,0
B/gain=0.4,beacon,2,vrest,0
B/gain=0.4,beacon,3,vrest,0
B/gain=0.4,beacon,4,vrest,0
B/gain=0.4,beacon,5,vrest,0
B/gain=0.4,beacon,6,vrest,0
B/gain=0.4,beacon,7,vrest,0
B/gain=0.4,beacon,8,vrest,0
B/gain=0.4,beacon,9,vrest,0
B/gain=0.4,beacon,10,vrest,0
B/gain=0.4,beacon,11,vrest,0
B/gain=0.4,beacon,12,vrest,0
B/gain=0.4,beacon,13,vrest,0
B/gain=0.4,beacon,14,vrest,0
B/gain=0.4,beacon,15,vrest,0
B/gain=0.4,beacon,16,vrest,0
B/gain=0.4,beacon,17,vrest,0
B/gain=0.4,beacon,18,vrest,0
B/gain=0.4,beacon,19,vrest,0
B/gain=0.4,beacon,20,vrest,0
B/gain=0.4,beacon,21,vrest,0
B/gain=0.4,beacon,22,vrest,0
B/gain=0.4,beacon,23,vrest,0
B/gain=0.4,beacon,24,vrest,0
B/gain=0.4,beacon,25,vrest,0
B/gain=0.4,beacon,26,vrest,0
B/gain=0.4,beacon,27,vrest,0
B/gain=0.4,beacon,28,vrest,0
B/gain=0.4,beacon,29,vrest,0
B/gain=0.4,beacon,30,vrest,0
B/gain=0.4,foraging,1,score,47
B/gain=0.4,foraging,2,score,43
B/gain=0.4,foraging,3,score,47
B/gain=0.4,foraging,4,score,59
B/gain=0.4,foraging,5,score,49
B/gain=0.4,foraging,6,score,44
B/gain=0.4,foraging,7,score,49
B/gain=0.4,foraging,8,score,59
B/gain=0.4,foraging,9,score,44
B/gain=0.4,foraging,10,score,42
B/gain=0.4,foraging,11,score,53
B/gain=0.4,foraging,12,score,48
B/gain=0.4,foraging,13,score,56
B/gain=0.4,foraging,14,score,57
B/gain=0.4,foraging,15,score,49
B/gain=0.4,foraging,16,score,42
B/gain=0.4,foraging,17,score,43
B/gain=0.4,foraging,18,score,44
B/gain=0.4,foraging,19,score,47
B/gain=0.4,foraging,20,score,39
B/gain=0.4,foraging,21,score,54
B/gain=0.4,foraging,22,score,57
B/gain=0.4,foraging,23,score,46
B/gain=0.4,foraging,24,score,44
B/gain=0.4,foraging,25,score,58
B/gain=0.4,foraging,26,score,49
B/gain=0.4,foraging,27,score,47
B/gain=0.4,foraging,28,score,50
B/gain=0.4,foraging,29,score,48
B/gain=0.4,foraging,30,score,47
B/gain=0.4,foraging,1,vrest,0
B/gain=0.4,foraging,2,vrest,0
B/gain=0.4,foraging,3,vrest,0
B/gain=0.4,foraging,4,vrest,0
B/gain=0.4,foraging,5,vrest,0
B/gain=0.4,foraging,6,vrest,0
B/gain=0.4,foraging,7,vrest,0
B/gain=0.4,foraging,8,vrest,0
B/gain=0.4,foraging,9,vrest,0
B/gain=0.4,foraging,10,vrest,0
B/gain=0.4,foraging,11,vrest,0
B/gain=0.4,foraging,12,vrest,0
B/gain=0.4,foraging,13,vrest,0
B/gain=0.4,foraging,14,vrest,0
B/gain=0.4,foraging,15,vrest,0
B/gain=0.4,foraging,16,vrest,0
B/gain=0.4,foraging,17,vrest,0
B/gain=0.4,foraging,18,vrest,0
B/gain=0.4,foraging,19,vrest,0
B/gain=0.4,foraging,20,vrest,0
B/gain=0.4,foraging,21,vrest,0
B/gain=0.4,foraging,22,vrest,0
B/gain=0.4,foraging,23,vrest,0
B/gain=0.4,foraging,24,vrest,0
B/gain=0.4,foraging,25,vrest,0
B/gain=0.4,foraging,26,vrest,0
B/gain=0.4,foraging,27,vrest,0
B/gain=0.4,foraging,28,vrest,0
B/gain=0.4,foraging,29,vrest,0
B/gain=0.4,foraging,30,vrest,0
B/gain=0.4,hazard_field,1,score,35
B/gain=0.4,hazard_field,2,score,36
B/gain=0.4,hazard_field,3,score,31
B/gain=0.4,hazard_field,4,score,34
B/gain=0.4,hazard_field,5,score,31
B/gain=0.4,hazard_field,6,score,32
B/gain=0.4,hazard_field,7,score,34
B/gain=0.4,hazard_field,8,score,31
B/gain=0.4,hazard_field,9,score,34
B/gain=0.4,hazard_field,10,score,37
B/gain=0.4,hazard_field,11,score,35
B/gain=0.4,hazard_field,12,score,35
B/gain=0.4,hazard_field,13,score,32
B/gain=0.4,hazard_field,14,score,31
B/gain=0.4,hazard_field,15,score,35
B/gain=0.4,hazard_field,16,score,34
B/gain=0.4,hazard_field,17,score,28
B/gain=0.4,hazard_field,18,score,26
B/gain=0.4,hazard_field,19,score,29
B/gain=0.4,hazard_field,20,score,32
B/gain=0.4,hazard_field,21,score,26
B/gain=0.4,hazard_field,22,score,35
B/gain=0.4,hazard_field,23,score,32
B/gain=0.4,hazard_field,24,score,31
B/gain=0.4,hazard_field,25,score,35
B/gain=0.4,hazard_field,26,score,22
B/gain=0.4,hazard_field,27,score,37
B/gain=0.4,hazard_field,28,score,29
B/gain=0.4,hazard_field,29,score,34
B/gain=0.4,hazard_field,30,score,33
B/gain=0.4,hazard_field,1,vrest,0
B/gain=0.4,hazard_field,2,vrest,0
B/gain=0.4,hazard_field,3,vrest,0
B/gain=0.4,hazard_field,4,vrest,0
B/gain=0.4,hazard_field,5,vrest,0
B/gain=0.4,hazard_field,6,vrest,0
B/gain=0.4,hazard_field,7,vrest,0
B/gain=0.4,hazard_field,8,vrest,0
B/gain=0.4,hazard_field,9,vrest,0
B/gain=0.4,hazard_field,10,vrest,0
B/gain=0.4,hazard_field,11,vrest,0
B/gain=0.4,hazard_field,12,vrest,0
B/gain=0.4,hazard_field,13,vrest,0
B/gain=0.4,hazard_field,14,vrest,0
B/gain=0.4,hazard_field,15,vrest,0
B/gain=0.4,hazard_field,16,vrest,0
B/gain=0.4,hazard_field,17,vrest,0
B/gain=0.4,hazard_field,18,vrest,0
B/gain=0.4,hazard_field,19,vrest,0
B/gain=0.4,hazard_field,20,vrest,0
B/gain=0.4,hazard_field,21,vrest,0
B/gain=0.4,hazard_field,22,vrest,0
B/gain=0.4,hazard_field,23,vrest,0
B/gain=0.4,hazard_field,24,vrest,0
B/gain=0.4,hazard_field,25,vrest,0
B/gain=0.4,hazard_field,26,vrest,0
B/gain=0.4,hazard_field,27,vrest,0
B/gain=0.4,hazard_field,28,vrest,0
B/gain=0.4,hazard_field,29,vrest,0
B/gain=0.4,hazard_field,30,vrest,0
B/gain=0.4,memory_maze,1,attempted,149
B/gain=0.4,memory_maze,2,attempted,150
B/gain=0.4,memory_maze,3,attempted,149
B/gain=0.4,memory_maze,4,attempted,150
B/gain=0.4,memory_maze,5,attempted,150
B/gain=0.4,memory_maze,6,attempted,112
B/gain=0.4,memory_maze,7,attempted,100
B/gain=0.4,memory_maze,8,attempted,148
B/gain=0.4,memory_maze,9,attempted,150
B/gain=0.4,memory_maze,10,attempted,150
B/gain=0.4,memory_maze,11,attempted,150
B/gain=0.4,memory_maze,12,attempted,150
B/gain=0.4,memory_maze,13,attempted,79
B/gain=0.4,memory_maze,14,attempted,150
B/gain=0.4,memory_maze,15,attempted,150
B/gain=0.4,memory_maze,16,attempted,150
B/gain=0.4,memory_maze,17,attempted,150
B/gain=0.4,memory_maze,18,attempted,150
B/gain=0.4,memory_maze,19,attempted,150
B/gain=0.4,memory_maze,20,attempted,148
B/gain=0.4,memory_maze,21,attempted,150
B/gain=0.4,memory_maze,22,attempted,150
B/gain=0.4,memory_maze,23,attempted,150
B/gain=0.4,memory_maze,24,attempted,131
B/gain=0.4,memory_maze,25,attempted,149
B/gain=0.4,memory_maze,26,attempted,150
B/gain=0.4,memory_maze,27,attempted,150
B/gain=0.4,memory_maze,28,attempted,150
B/gain=0.4,memory_maze,29,attempted,128
B/gain=0.4,memory_maze,30,attempted,148
B/gain=0.4,memory_maze,1,score,149
B/gain=0.4,memory_maze,2,score,150
B/gain=0.4,memory_maze,3,score,149
B/gain=0.4,memory_maze,4,score,150
B/gain=0.4,memory_maze,5,score,150
B/gain=0.4,memory_maze,6,score,112
B/gain=0.4,memory_maze,7,score,100
B/gain=0.4,memory_maze,8,score,148
B/gain=0.4,memory_maze,9,score,150
B/gain=0.4,memory_maze,10,score,150
B/gain=0.4,memory_maze,11,score,150
B/gain=0.4,memory_maze,12,score,150
B/gain=0.4,memory_maze,13,score,78
B/gain=0.4,memory_maze,14,score,150
B/gain=0.4,memory_maze,15,score,150
B/gain=0.4,memory_maze,16,score,150
B/gain=0.4,memory_maze,17,score,150
B/gain=0.4,memory_maze,18,score,150
B/gain=0.4,memory_maze,19,score,150
B/gain=0.4,memory_maze,20,score,148
B/gain=0.4,memory_maze,21,score,150
B/gain=0.4,memory_maze,22,score,150
B/gain=0.4,memory_maze,23,score,150
B/gain=0.4,memory_maze,24,score,131
B/gain=0.4,memory_maze,25,score,149
B/gain=0.4,memory_maze,26,score,150
B/gain=0.4,memory_maze,27,score,150
B/gain=0.4,memory_maze,28,score,150
B/gain=0.4,memory_maze,29,score,128
B/gain=0.4,memory_maze,30,score,148
B/gain=0.6,beacon,1,score,27
B/gain=0.6,beacon,2,score,28
B/gain=0.6,beacon,3,score,24
B/gain=0.6,beacon,4,score,26
B/gain=0.6,beacon,5,score,21
B/gain=0.6,beacon,6,score,26
B/gain=0.6,beacon,7,score,25
B/gain=0.6,beacon,8,score,23
B/gain=0.6,beacon,9,score,22
B/gain=0.6,beacon,10,score,27
B/gain=0.6,beacon,11,score,24
B/gain=0.6,beacon,12,score,27
B/gain=0.6,beacon,13,score,27
B/gain=0.6,beacon,14,score,23
B/gain=0.6,beacon,15,score,23
B/gain=0.6,beacon,16,score,26
B/gain=0.6,beacon,17,score,23
B/gain=0.6,beacon,18,score,24
B/gain=0.6,beacon,19,score,25
B/gain=0.6,beacon,20,score,20
B/gain=0.6,beacon,21,score,25
B/gain=0.6,beacon,22,score,26
B/gain=0.6,beacon,23,score,23
B/gain=0.6,beacon,24,score,25
B/gain=0.6,beacon,25,score,27
B/gain=0.6,beacon,26,score,26
B/gain=0.6,beacon,27,score,27
B/gain=0.6,beacon,28,score,26
B/gain=0.6,beacon,29,score,26
B/gain=0.6,beacon,30,score,24
B/gain=0.6,beacon,1,vrest,0
B/gain=0.6,beacon,2,vrest,0
B/gain=0.6,beacon,3,vrest,0
B/gain=0.6,beacon,4,vrest,0
B/gain=0.6,beacon,5,vrest,0
B/gain=0.6,beacon,6,vrest,0
B/gain=0.6,beacon,7,vrest,0
B/gain=0.6,beacon,8,vrest,0
B/gain=0.6,beacon,9,vrest,0
B/gain=0.6,beacon,10,vrest,0
B/gain=0.6,beacon,11,vrest,0
B/gain=0.6,beacon,12,vrest,0
B/gain=0.6,beacon,13,vrest,0
B/gain=0.6,beacon,14,vrest,0
B/gain=0.6,beacon,15,vrest,0
B/gain=0.6,beacon,16,vrest,0
B/gain=0.6,beacon,17,vrest,0
B/gain=0.6,beacon,18,vrest,0
B/gain=0.6,beacon,19,vrest,0
B/gain=0.6,beacon,20,vrest,0
B/gain=0.6,beacon,21,vrest,0
B/gain=0.6,beacon,22,vrest,0
B/gain=0.6,beacon,23,vrest,0
B/gain=0.6,beacon,24,vrest,0
B/gain=0.6,beacon,25,vrest,0
B/gain=0.6,beacon,26,vrest,0
B/gain=0.6,beacon,27,vrest,0
B/gain=0.6,beacon,28,vrest,0
B/gain=0.6,beacon,29,vrest,0
B/gain=0.6,beacon,30,vrest,0
B/gain=0.6,foraging,1,score,47
B/gain=0.6,foraging,2,score,49
B/gain=0.6,foraging,3,score,47
B/gain=0.6,foraging,4,score,59
B/gain=0.6,foraging,5,score,48
B/gain=0.6,foraging,6,score,44
B/gain=0.6,foraging,7,score,53
B/gain=0.6,foraging,8,score,49
B/gain=0.6,foraging,9,score,47
B/gain=0.6,foraging,10,score,42
B/gain=0.6,foraging,11,score,48
B/gain=0.6,foraging,12,score,49
B/gain=0.6,foraging,13,score,58
B/gain=0.6,foraging,14,score,62
B/gain=0.6,foraging,15,score,39
B/gain=0.6,foraging,16,score,42
B/gain=0.6,foraging,17,score,43
B/gain=0.6,foraging,18,score,44
B/gain=0.6,foraging,19,score,44
B/gain=0.6,foraging,20,score,39
B/gain=0.6,foraging,21,score,54
B/gain=0.6,foraging,22,score,53
B/gain=0.6,foraging,23,score,43
B/gain=0.6,foraging,24,score,44
B/gain=0.6,foraging,25,score,49
B/gain=0.6,foraging,26,score,44
B/gain=0.6,foraging,27,score,47
B/gain=0.6,foraging,28,score,50
B/gain=0.6,foraging,29,score,43
B/gain=0.6,foraging,30,score,51
B/gain=0.6,foraging,1,vrest,0
B/gain=0.6,foraging,2,vrest,0
B/gain=0.6,foraging,3,vrest,0
B/gain=0.6,foraging,4,vrest,0
B/gain=0.6,foraging,5,vrest,0
B/gain=0.6,foraging,6,vrest,0
B/gain=0.6,foraging,7,vrest,0
B/gain=0.6,foraging,8,vrest,0
B/gain=0.6,foraging,9,vrest,0
B/gain=0.6,foraging,10,vrest,0
B/gain=0.6,foraging,11,vrest,0
B/gain=0.6,foraging,12,vrest,0
B/gain=0.6,foraging,13,vrest,0
B/gain=0.6,foraging,14,vrest,0
B/gain=0.6,foraging,15,vrest,0
B/gain=0.6,foraging,16,vrest,0
B/gain=0.6,foraging,17,vrest,0
B/gain=0.6,foraging,18,vrest,0
B/gain=0.6,foraging,19,vrest,0
B/gain=0.6,foraging,20,vrest,0
B/gain=0.6,foraging,21,vrest,0
B/gain=0.6,foraging,22,vrest,0
B/gain=0.6,foraging,23,vrest,0
B/gain=0.6,foraging,24,vrest,0
B/gain=0.6,foraging,25,vrest,0
B/gain=0.6,foraging,26,vrest,0
B/gain=0.6,foraging,27,vrest,0
B/gain=0.6,foraging,28,vrest,0
B/gain=0.6,foraging,29,vrest,0
B/gain=0.6,foraging,30,vrest,0
B/gain=0.6,hazard_field,1,score,32
B/gain=0.6,hazard_field,2,score,32
B/gain=0.6,hazard_field,3,score,32
B/gain=0.6,hazard_field,4,score,32
B/gain=0.6,hazard_field,5,score,34
B/gain=0.6,hazard_field,6,score,31
B/gain=0.6,hazard_field,7,score,32
B/gain=0.6,hazard_field,8,score,34
B/gain=0.6,hazard_field,9,score,34
B/gain=0.6,hazard_field,10,score,32
B/gain=0.6,hazard_field,11,score,32
B/gain=0.6,hazard_field,12,score,34
B/gain=0.6,hazard_field,13,score,37
B/gain=0.6,hazard_field,14,score,38
B/gain=0.6,hazard_field,15,score,37
B/gain=0.6,hazard_field,16,score,35
B/gain=0.6,hazard_field,17,score,31
B/gain=0.6,hazard_field,18,score,36
B/gain=0.6,hazard_field,19,score,35
B/gain=0.6,hazard_field,20,score,32
B/gain=0.6,hazard_field,21,score,34
B/gain=0.6,hazard_field,22,score,34
B/gain=0.6,hazard_field,23,score,32
B/gain=0.6,hazard_field,24,score,38
B/gain=0.6,hazard_field,25,score,33
B/gain=0.6,hazard_field,26,score,26
B/gain=0.6,hazard_field,27,score,29
B/gain=0.6,hazard_field,28,score,37
B/gain=0.6,hazard_field,29,score,35
B/gain=0.6,hazard_field,30,score,29
B/gain=0.6,hazard_field,1,vrest,0
B/gain=0.6,hazard_field,2,vrest,0
B/gain=0.6,hazard_field,3,vrest,0
B/gain=0.6,hazard_field,4,vrest,0
B/gain=0.6,hazard_field,5,vrest,0
B/gain=0.6,hazard_field,6,vrest,0
B/gain=0.6,hazard_field,7,vrest,0
B/gain=0.6,hazard_field,8,vrest,0
B/gain=0.6,hazard_field,9,vrest,0
B/gain=0.6,hazard_field,10,vrest,0
B/gain=0.6,hazard_field,11,vrest,0
B/gain=0.6,hazard_field,12,vrest,0
B/gain=0.6,hazard_field,13,vrest,0
B/gain=0.6,hazard_field,14,vrest,0
B/gain=0.6,hazard_field,15,vrest,0
B/gain=0.6,hazard_field,16,vrest,0
B/gain=0.6,hazard_field,17,vrest,0
B/gain=0.6,hazard_field,18,vrest,0
B/gain=0.6,hazard_field,19,vrest,0
B/gain=0.6,hazard_field,20,vrest,0
B/gain=0.6,hazard_field,21,vrest,0
B/gain=0.6,hazard_field,22,vrest,0
B/gain=0.6,hazard_field,23,vrest,0
B/gain=0.6,hazard_field,24,vrest,0
B/gain=0.6,hazard_field,25,vrest,0
B/gain=0.6,hazard_field,26,vrest,0
B/gain=0.6,hazard_field,27,vrest,0
B/gain=0.6,hazard_field,28,vrest,0
B/gain=0.6,hazard_field,29,vrest,0
B/gain=0.6,hazard_field,30,vrest,0
B/gain=0.6,memory_maze,1,attempted,149
B/gain=0.6,memory_maze,2,attempted,149
B/gain=0.6,memory_maze,3,attempted,149
B/gain=0.6,memory_maze,4,attempted,149
B/gain=0.6,memory_maze,5,attempted,149
B/gain=0.6,memory_maze,6,attempted,162
B/gain=0.6,memory_maze,7,attempted,162
B/gain=0.6,memory_maze,8,attempted,162
B/gain=0.6,memory_maze,9,attempted,149
B/gain=0.6,memory_maze,10,attempted,149
B/gain=0.6,memory_maze,11,attempted,149
B/gain=0.6,memory_maze,12,attempted,149
B/gain=0.6,memory_maze,13,attempted,108
B/gain=0.6,memory_maze,14,attempted,149
B/gain=0.6,memory_maze,15,attempted,149
B/gain=0.6,memory_maze,16,attempted,149
B/gain=0.6,memory_maze,17,attempted,149
B/gain=0.6,memory_maze,18,attempted,149
B/gain=0.6,memory_maze,19,attempted,149
B/gain=0.6,memory_maze,20,attempted,162
B/gain=0.6,memory_maze,21,attempted,149
B/gain=0.6,memory_maze,22,attempted,149
B/gain=0.6,memory_maze,23,attempted,149
B/gain=0.6,memory_maze,24,attempted,162
B/gain=0.6,memory_maze,25,attempted,162
B/gain=0.6,memory_maze,26,attempted,149
B/gain=0.6,memory_maze,27,attempted,149
B/gain=0.6,memory_maze,28,attempted,149
B/gain=0.6,memory_maze,29,attempted,162
B/gain=0.6,memory_maze,30,attempted,162
B/gain=0.6,memory_maze,1,score,149
B/gain=0.6,memory_maze,2,score,149
B/gain=0.6,memory_maze,3,score,149
B/gain=0.6,memory_maze,4,score,149
B/gain=0.6,memory_maze,5,score,149
B/gain=0.6,memory_maze,6,score,162
B/gain=0.6,memory_maze,7,score,162
B/gain=0.6,memory_maze,8,score,162
B/gain=0.6,memory_maze,9,score,149
B/gain=0.6,memory_maze,10,score,149
B/gain=0.6,memory_maze,11,score,149
B/gain=0.6,memory_maze,12,score,149
B/gain=0.6,memory_maze,13,score,108
B/gain=0.6,memory_maze,14,score,149
B/gain=0.6,memory_maze,15,score,149
B/gain=0.6,memory_maze,16,score,149
B/gain=0.6,memory_maze,17,score,149
B/gain=0.6,memory_maze,18,score,149
B/gain=0.6,memory_maze,19,score,149
B/gain=0.6,memory_maze,20,score,162
B/gain=0.6,memory_maze,21,score,149
B/gain=0.6,memory_maze,22,score,149
B/gain=0.6,memory_maze,23,score,149
B/gain=0.6,memory_maze,24,score,162
B/gain=0.6,memory_maze,25,score,162
B/gain=0.6,memory_maze,26,score,149
B/gain=0.6,memory_maze,27,score,149
B/gain=0.6,memory_maze,28,score,149
B/gain=0.6,memory_maze,29,score,162
B/gain=0.6,memory_maze,30,score,162
B/gain=0.8,beacon,1,score,27
B/gain=0.8,beacon,2,score,25
B/gain=0.8,beacon,3,score,24
B/gain=0.8,beacon,4,score,26
B/gain=0.8,beacon,5,score,21
B/gain=0.8,beacon,6,score,26
B/gain=0.8,beacon,7,score,25
B/gain=0.8,beacon,8,score,23
B/gain=0.8,beacon,9,score,22
B/gain=0.8,beacon,10,score,27
B/gain=0.8,beacon,11,score,24
B/gain=0.8,beacon,12,score,27
B/gain=0.8,beacon,13,score,27
B/gain=0.8,beacon,14,score,23
B/gain=0.8,beacon,15,score,23
B/gain=0.8,beacon,16,score,20
B/gain=0.8,beacon,17,score,23
B/gain=0.8,beacon,18,score,24
B/gain=0.8,beacon,19,score,25
B/gain=0.8,beacon,20,score,20
B/gain=0.8,beacon,21,score,25
B/gain=0.8,beacon,22,score,26
B/gain=0.8,beacon,23,score,23
B/gain=0.8,beacon,24,score,25
B/gain=0.8,beacon,25,score,26
B/gain=0.8,beacon,26,score,26
B/gain=0.8,beacon,27,score,27
B/gain=0.8,beacon,28,score,24
B/gain=0.8,beacon,29,score,26
B/gain=0.8,beacon,30,score,24
B/gain=0.8,beacon,1,vrest,0
B/gain=0.8,beacon,2,vrest,0
B/gain=0.8,beacon,3,vrest,0
B/gain=0.8,beacon,4,vrest,0
B/gain=0.8,beacon,5,vrest,0
B/gain=0.8,beacon,6,vrest,0
B/gain=0.8,beacon,7,vrest,0
B/gain=0.8,beacon,8,vrest,0
B/gain=0.8,beacon,9,vrest,0
B/gain=0.8,beacon,10,vrest,0
B/gain=0.8,beacon,11,vrest,0
B/gain=0.8,beacon,12,vrest,0
B/gain=0.8,beacon,13,vrest,0
B/gain=0.8,beacon,14,vrest,0
B/gain=0.8,beacon,15,vrest,0
B/gain=0.8,beacon,16,vrest,0
B/gain=0.8,beacon,17,vrest,0
B/gain=0.8,beacon,18,vrest,0
B/gain=0.8,beacon,19,vrest,0
B/gain=0.8,beacon,20,vrest,0
B/gain=0.8,beacon,21,vrest,0
B/gain=0.8,beacon,22,vrest,0
B/gain=0.8,beacon,23,vrest,0
B/gain=0.8,beacon,24,vrest,0
B/gain=0.8,beacon,25,vrest,0
B/gain=0.8,beacon,26,vrest,0
B/gain=0.8,beacon,27,vrest,0
B/gain=0.8,beacon,28,vrest,0
B/gain=0.8,beacon,29,vrest,0
B/gain=0.8,beacon,30,vrest,0
B/gain=0.8,foraging,1,score,47
B/gain=0.8,foraging,2,score,43
B/gain=0.8,foraging,3,score,52
B/gain=0.8,foraging,4,score,59
B/gain=0.8,foraging,5,score,48
B/gain=0.8,foraging,6,score,44
B/gain=0.8,foraging,7,score,48
B/gain=0.8,foraging,8,score,52
B/gain=0.8,foraging,9,score,47
B/gain=0.8,foraging,10,score,42
B/gain=0.8,foraging,11,score,48
B/gain=0.8,foraging,12,score,44
B/gain=0.8,foraging,13,score,58
B/gain=0.8,foraging,14,score,62
B/gain=0.8,foraging,15,score,39
B/gain=0.8,foraging,16,score,42
B/gain=0.8,foraging,17,score,44
B/gain=0.8,foraging,18,score,44
B/gain=0.8,foraging,19,score,44
B/gain=0.8,foraging,20,score,39
B/gain=0.8,foraging,21,score,54
B/gain=0.8,foraging,22,score,53
B/gain=0.8,foraging,23,score,39
B/gain=0.8,foraging,24,score,44
B/gain=0.8,foraging,25,score,54
B/gain=0.8,foraging,26,score,44
B/gain=0.8,foraging,27,score,47
B/gain=0.8,foraging,28,score,53
B/gain=0.8,foraging,29,score,49
B/gain=0.8,foraging,30,score,51
B/gain=0.8,foraging,1,vrest,0
B/gain=0.8,foraging,2,vrest,0
B/gain=0.8,foraging,3,vrest,0
B/gain=0.8,foraging,4,vrest,0
B/gain=0.8,foraging,5,vrest,0
B/gain=0.8,foraging,6,vrest,0
B/gain=0.8,foraging,7,vrest,0
B/gain=0.8,foraging,8,vrest,0
B/gain=0.8,foraging,9,vrest,0
B/gain=0.8,foraging,10,vrest,0
B/gain=0.8,foraging,11,vrest,0
B/gain=0.8,foraging,12,vrest,0
B/gain=0.8,foraging,13,vrest,0
B/gain=0.8,foraging,14,vrest,0
B/gain=0.8,foraging,15,vrest,0
B/gain=0.8,foraging,16,vrest,0
B/gain=0.8,foraging,17,vrest,0
B/gain=0.8,foraging,18,vrest,0
B/gain=0.8,foraging,19,vrest,0
B/gain=0.8,foraging,20,vrest,0
B/gain=0.8,foraging,21,vrest,0
B/gain=0.8,foraging,22,vrest,0
B/gain=0.8,foraging,23,vrest,0
B/gain=0.8,foraging,24,vrest,0
B/gain=0.8,foraging,25,vrest,0
B/gain=0.8,foraging,26,vrest,0
B/gain=0.8,foraging,27,vrest,0
B/gain=0.8,foraging,28,vrest,0
B/gain=0.8,foraging,29,vrest,0
B/gain=0.8,foraging,30,vrest,0
B/gain=0.8,hazard_field,1,score,33
B/gain=0.8,hazard_field,2,score,32
B/gain=0.8,hazard_field,3,score,28
B/gain=0.8,hazard_field,4,score,33
B/gain=0.8,hazard_field,5,score,34
B/gain=0.8,hazard_field,6,score,34
B/gain=0.8,hazard_field,7,score,32
B/gain=0.8,hazard_field,8,score,35
B/gain=0.8,hazard_field,9,score,34
B/gain=0.8,hazard_field,10,score,34
B/gain=0.8,hazard_field,11,score,34
B/gain=0.8,hazard_field,12,score,33
B/gain=0.8,hazard_field,13,score,34
B/gain=0.8,hazard_field,14,score,32
B/gain=0.8,hazard_field,15,score,34
B/gain=0.8,hazard_field,16,score,37
B/gain=0.8,hazard_field,17,score,37
B/gain=0.8,hazard_field,18,score,34
B/gain=0.8,hazard_field,19,score,30
B/gain=0.8,hazard_field,20,score,35
B/gain=0.8,hazard_field,21,score,35
B/gain=0.8,hazard_field,22,score,32
B/gain=0.8,hazard_field,23,score,32
B/gain=0.8,hazard_field,24,score,35
B/gain=0.8,hazard_field,25,score,35
B/gain=0.8,hazard_field,26,score,32
B/gain=0.8,hazard_field,27,score,35
B/gain=0.8,hazard_field,28,score,34
B/gain=0.8,hazard_field,29,score,34
B/gain=0.8,hazard_field,30,score,35
B/gain=0.8,hazard_field,1,vrest,0
B/gain=0.8,hazard_field,2,vrest,0
B/gain=0.8,hazard_field,3,vrest,0
B/gain=0.8,hazard_field,4,vrest,0
B/gain=0.8,hazard_field,5,vrest,0
B/gain=0.8,hazard_field,6,vrest,0
B/gain=0.8,hazard_field,7,vrest,0
B/gain=0.8,hazard_field,8,vrest,0
B/gain=0.8,hazard_field,9,vrest,0
B/gain=0.8,hazard_field,10,vrest,0
B/gain=0.8,hazard_field,11,vrest,0
B/gain=0.8,hazard_field,12,vrest,0
B/gain=0.8,hazard_field,13,vrest,0
B/gain=0.8,hazard_field,14,vrest,0
B/gain=0.8,hazard_field,15,vrest,0
B/gain=0.8,hazard_field,16,vrest,0
B/gain=0.8,hazard_field,17,vrest,0
B/gain=0.8,hazard_field,18,vrest,0
B/gain=0.8,hazard_field,19,vrest,0
B/gain=0.8,hazard_field,20,vrest,0
B/gain=0.8,hazard_field,21,vrest,0
B/gain=0.8,hazard_field,22,vrest,0
B/gain=0.8,hazard_field,23,vrest,0
B/gain=0.8,hazard_field,24,vrest,0
B/gain=0.8,hazard_field,25,vrest,0
B/gain=0.8,hazard_field,26,vrest,0
B/gain=0.8,hazard_field,27,vrest,0
B/gain=0.8,hazard_field,28,vrest,0
B/gain=0.8,hazard_field,29,vrest,0
B/gain=0.8,hazard_field,30,vrest,0
B/gain=0.8,memory_maze,1,attempted,148
B/gain=0.8,memory_maze,2,attempted,148
B/gain=0.8,memory_maze,3,attempted,148
B/gain=0.8,memory_maze,4,attempted,148
B/gain=0.8,memory_maze,5,attempted,148
B/gain=0.8,memory_maze,6,attempted,147
B/gain=0.8,memory_maze,7,attempted,147
B/gain=0.8,memory_maze,8,attempted,151
B/gain=0.8,memory_maze,9,attempted,148
B/gain=0.8,memory_maze,10,attempted,148
B/gain=0.8,memory_maze,11,attempted,148
B/gain=0.8,memory_maze,12,attempted,148
B/gain=0.8,memory_maze,13,attempted,92
B/gain=0.8,memory_maze,14,attempted,148
B/gain=0.8,memory_maze,15,attempted,148
B/gain=0.8,memory_maze,16,attempted,148
B/gain=0.8,memory_maze,17,attempted,148
B/gain=0.8,memory_maze,18,attempted,148
B/gain=0.8,memory_maze,19,attempted,148
B/gain=0.8,memory_maze,20,attempted,147
B/gain=0.8,memory_maze,21,attempted,148
B/gain=0.8,memory_maze,22,attempted,148
B/gain=0.8,memory_maze,23,attempted,148
B/gain=0.8,memory_maze,24,attempted,151
B/gain=0.8,memory_maze,25,attempted,147
B/gain=0.8,memory_maze,26,attempted,148
B/gain=0.8,memory_maze,27,attempted,148
B/gain=0.8,memory_maze,28,attempted,148
B/gain=0.8,memory_maze,29,attempted,147
B/gain=0.8,memory_maze,30,attempted,150
B/gain=0.8,memory_maze,1,score,148
B/gain=0.8,memory_maze,2,score,148
B/gain=0.8,memory_maze,3,score,148
B/gain=0.8,memory_maze,4,score,148
B/gain=0.8,memory_maze,5,score,148
B/gain=0.8,memory_maze,6,score,147
B/gain=0.8,memory_maze,7,score,147
B/gain=0.8,memory_maze,8,score,151
B/gain=0.8,memory_maze,9,score,148
B/gain=0.8,memory_maze,10,score,148
B/gain=0.8,memory_maze,11,score,148
B/gain=0.8,memory_maze,12,score,148
B/gain=0.8,memory_maze,13,score,92
B/gain=0.8,memory_maze,14,score,148
B/gain=0.8,memory_maze,15,score,148
B/gain=0.8,memory_maze,16,score,148
B/gain=0.8,memory_maze,17,score,148
B/gain=0.8,memory_maze,18,score,148
B/gain=0.8,memory_maze,19,score,148
B/gain=0.8,memory_maze,20,score,147
B/gain=0.8,memory_maze,21,score,148
B/gain=0.8,memory_maze,22,score,148
B/gain=0.8,memory_maze,23,score,148
B/gain=0.8,memory_maze,24,score,151
B/gain=0.8,memory_maze,25,score,147
B/gain=0.8,memory_maze,26,score,148
B/gain=0.8,memory_maze,27,score,148
B/gain=0.8,memory_maze,28,score,148
B/gain=0.8,memory_maze,29,score,147
B/gain=0.8,memory_maze,30,score,150
B/gain=1,beacon,1,score,27
B/gain=1,beacon,2,score,25
B/gain=1,beacon,3,score,24
B/gain=1,beacon,4,score,26
B/gain=1,beacon,5,score,21
B/gain=1,beacon,6,score,26
B/gain=1,beacon,7,score,25
B/gain=1,beacon,8,score,23
B/gain=1,beacon,9,score,23
B/gain=1,beacon,10,score,27
B/gain=1,beacon,11,score,24
B/gain=1,beacon,12,score,27
B/gain=1,beacon,13,score,27
B/gain=1,beacon,14,score,23
B/gain=1,beacon,15,score,23
B/gain=1,beacon,16,score,20
B/gain=1,beacon,17,score,23
B/gain=1,beacon,18,score,24
B/gain=1,beacon,19,score,25
B/gain=1,beacon,20,score,20
B/gain=1,beacon,21,score,26
B/gain=1,beacon,22,score,26
B/gain=1,beacon,23,score,23
B/gain=1,beacon,24,score,25
B/gain=1,beacon,25,score,25
B/gain=1,beacon,26,score,24
B/gain=1,beacon,27,score,27
B/gain=1,beacon,28,score,24
B/gain=1,beacon,29,score,26
B/gain=1,beacon,30,score,24
B/gain=1,beacon,1,vrest,0
B/gain=1,beacon,2,vrest,0
B/gain=1,beacon,3,vrest,0
B/gain=1,beacon,4,vrest,0
B/gain=1,beacon,5,vrest,0
B/gain=1,beacon,6,vrest,0
B/gain=1,beacon,7,vrest,0
B/gain=1,beacon,8,vrest,0
B/gain=1,beacon,9,vrest,0
B/gain=1,beacon,10,vrest,0
B/gain=1,beacon,11,vrest,0
B/gain=1,beacon,12,vrest,0
B/gain=1,beacon,13,vrest,0
B/gain=1,beacon,14,vrest,0
B/gain=1,beacon,15,vrest,0
B/gain=1,beacon,16,vrest,0
B/gain=1,beacon,17,vrest,0
B/gain=1,beacon,18,vrest,0
B/gain=1,beacon,19,vrest,0
B/gain=1,beacon,20,vrest,0
B/gain=1,beacon,21,vrest,0
B/gain=1,beacon,22,vrest,0
B/gain=1,beacon,23,vrest,0
B/gain=1,beacon,24,vrest,0
B/gain=1,beacon,25,vrest,0
B/gain=1,beacon,26,vrest,0
B/gain=1,beacon,27,vrest,0
B/gain=1,beacon,28,vrest,0
B/gain=1,beacon,29,vrest,0
B/gain=1,beacon,30,vrest,0
B/gain=1,foraging,1,score,47
B/gain=1,foraging,2,score,42
B/gain=1,foraging,3,score,52
B/gain=1,foraging,4,score,59
B/gain=1,foraging,5,score,46
B/gain=1,foraging,6,score,44
B/gain=1,foraging,7,score,44
B/gain=1,foraging,8,score,52
B/gain=1,foraging,9,score,39
B/gain=1,foraging,10,score,42
B/gain=1,foraging,11,score,47
B/gain=1,foraging,12,score,44
B/gain=1,foraging,13,score,58
B/gain=1,foraging,14,score,62
B/gain=1,foraging,15,score,47
B/gain=1,foraging,16,score,42
B/gain=1,foraging,17,score,44
B/gain=1,foraging,18,score,44
B/gain=1,foraging,19,score,44
B/gain=1,foraging,20,score,39
B/gain=1,foraging,21,score,42
B/gain=1,foraging,22,score,53
B/gain=1,foraging,23,score,39
B/gain=1,foraging,24,score,47
B/gain=1,foraging,25,score,51
B/gain=1,foraging,26,score,44
B/gain=1,foraging,27,score,47
B/gain=1,foraging,28,score,49
B/gain=1,foraging,29,score,49
B/gain=1,foraging,30,score,51
B/gain=1,foraging,1,vrest,0
B/gain=1,foraging,2,vrest,0
B/gain=1,foraging,3,vrest,0
B/gain=1,foraging,4,vrest,0
B/gain=1,foraging,5,vrest,0
B/gain=1,foraging,6,vrest,0
B/gain=1,foraging,7,vrest,0
B/gain=1,foraging,8,vrest,0
B/gain=1,foraging,9,vrest,0
B/gain=1,foraging,10,vrest,0
B/gain=1,foraging,11,vrest,0
B/gain=1,foraging,12,vrest,0
B/gain=1,foraging,13,vrest,0
B/gain=1,foraging,14,vrest,0
B/gain=1,foraging,15,vrest,0
B/gain=1,foraging,16,vrest,0
B/gain=1,foraging,17,vrest,0
B/gain=1,foraging,18,vrest,0
B/gain=1,foraging,19,vrest,0
B/gain=1,foraging,20,vrest,0
B/gain=1,foraging,21,vrest,0
B/gain=1,foraging,22,vrest,0
B/gain=1,foraging,23,vrest,0
B/gain=1,foraging,24,vrest,0
B/gain=1,foraging,25,vrest,0
B/gain=1,foraging,26,vrest,0
B/gain=1,foraging,27,vrest,0
B/gain=1,foraging,28,vrest,0
B/gain=1,foraging,29,vrest,0
B/gain=1,foraging,30,vrest,0
B/gain=1,hazard_field,1,score,33
B/gain=1,hazard_field,2,score,32
B/gain=1,hazard_field,3,score,28
B/gain=1,hazard_field,4,score,33
B/gain=1,hazard_field,5,score,34
B/gain=1,hazard_field,6,score,34
B/gain=1,hazard_field,7,score,32
B/gain=1,hazard_field,8,score,35
B/gain=1,hazard_field,9,score,34
B/gain=1,hazard_field,10,score,34
B/gain=1,hazard_field,11,score,34
B/gain=1,hazard_field,12,score,33
B/gain=1,hazard_field,13,score,34
B/gain=1,hazard_field,14,score,32
B/gain=1,hazard_field,15,score,34
B/gain=1,hazard_field,16,score,37
B/gain=1,hazard_field,17,score,37
B/gain=1,hazard_field,18,score,34
B/gain=1,hazard_field,19,score,30
B/gain=1,hazard_field,20,score,35
B/gain=1,hazard_field,21,score,35
B/gain=1,hazard_field,22,score,28
B/gain=1,hazard_field,23,score,32
B/gain=1,hazard_field,24,score,35
B/gain=1,hazard_field,25,score,35
B/gain=1,hazard_field,26,score,32
B/gain=1,hazard_field,27,score,35
B/gain=1,hazard_field,28,score,34
B/gain=1,hazard_field,29,score,32
B/gain=1,hazard_field,30,score,35
B/gain=1,hazard_field,1,vrest,0
B/gain=1,hazard_field,2,vrest,0
B/gain=1,hazard_field,3,vrest,0
B/gain=1,hazard_field,4,vrest,0
B/gain=1,hazard_field,5,vrest,0
B/gain=1,hazard_field,6,vrest,0
B/gain=1,hazard_field,7,vrest,0
B/gain=1,hazard_field,8,vrest,0
B/gain=1,hazard_field,9,vrest,0
B/gain=1,hazard_field,10,vrest,0
B/gain=1,hazard_field,11,vrest,0
B/gain=1,hazard_field,12,vrest,0
B/gain=1,hazard_field,13,vrest,0
B/gain=1,hazard_field,14,vrest,0
B/gain=1,hazard_field,15,vrest,0
B/gain=1,hazard_field,16,vrest,0
B/gain=1,hazard_field,17,vrest,0
B/gain=1,hazard_field,18,vrest,0
B/gain=1,hazard_field,19,vrest,0
B/gain=1,hazard_field,20,vrest,0
B/gain=1,hazard_field,21,vrest,0
B/gain=1,hazard_field,22,vrest,0
B/gain=1,hazard_field,23,vrest,0
B/gain=1,hazard_field,24,vrest,0
B/gain=1,hazard_field,25,vrest,0
B/gain=1,hazard_field,26,vrest,0
B/gain=1,hazard_field,27,vrest,0
B/gain=1,hazard_field,28,vrest,0
B/gain=1,hazard_field,29,vrest,0
B/gain=1,hazard_field,30,vrest,0
B/gain=1,memory_maze,1,attempted,148
B/gain=1,memory_maze,2,attempted,148
B/gain=1,memory_maze,3,attempted,148
B/gain=1,memory_maze,4,attempted,148
B/gain=1,memory_maze,5,attempted,148
B/gain=1,memory_maze,6,attempted,147
B/gain=1,memory_maze,7,attempted,147
B/gain=1,memory_maze,8,attempted,147
B/gain=1,memory_maze,9,attempted,148
B/gain=1,memory_maze,10,attempted,148
B/gain=1,memory_maze,11,attempted,148
B/gain=1,memory_maze,12,attempted,148
B/gain=1,memory_maze,13,attempted,124
B/gain=1,memory_maze,14,attempted,148
B/gain=1,memory_maze,15,attempted,148
B/gain=1,memory_maze,16,attempted,148
B/gain=1,memory_maze,17,attempted,148
B/gain=1,memory_maze,18,attempted,148
B/gain=1,memory_maze,19,attempted,148
B/gain=1,memory_maze,20,attempted,147
B/gain=1,memory_maze,21,attempted,148
B/gain=1,memory_maze,22,attempted,148
B/gain=1,memory_maze,23,attempted,148
B/gain=1,memory_maze,24,attempted,147
B/gain=1,memory_maze,25,attempted,147
B/gain=1,memory_maze,26,attempted,148
B/gain=1,memory_maze,27,attempted,148
B/gain=1,memory_maze,28,attempted,148
B/gain=1,memory_maze,29,attempted,147
B/gain=1,memory_maze,30,attempted,147
B/gain=1,memory_maze,1,score,148
B/gain=1,memory_maze,2,score,148
B/gain=1,memory_maze,3,score,148
B/gain=1,memory_maze,4,score,148
B/gain=1,memory_maze,5,score,148
B/gain=1,memory_maze,6,score,147
B/gain=1,memory_maze,7,score,147
B/gain=1,memory_maze,8,score,147
B/gain=1,memory_maze,9,score,148
B/gain=1,memory_maze,10,score,148
B/gain=1,memory_maze,11,score,148
B/gain=1,memory_maze,12,score,148
B/gain=1,memory_maze,13,score,124
B/gain=1,memory_maze,14,score,148
B/gain=1,memory_maze,15,score,148
B/gain=1,memory_maze,16,score,148
B/gain=1,memory_maze,17,score,148
B/gain=1,memory_maze,18,score,148
B/gain=1,memory_maze,19,score,148
B/gain=1,memory_maze,20,score,147
B/gain=1,memory_maze,21,score,148
B/gain=1,memory_maze,22,score,148
B/gain=1,memory_maze,23,score,148
B/gain=1,memory_maze,24,score,147
B/gain=1,memory_maze,25,score,147
B/gain=1,memory_maze,26,score,148
B/gain=1,memory_maze,27,score,148
B/gain=1,memory_maze,28,score,148
B/gain=1,memory_maze,29,score,147
B/gain=1,memory_maze,30,score,147
B/gain=1.2,beacon,1,score,27
B/gain=1.2,beacon,2,score,25
B/gain=1.2,beacon,3,score,24
B/gain=1.2,beacon,4,score,26
B/gain=1.2,beacon,5,score,21
B/gain=1.2,beacon,6,score,26
B/gain=1.2,beacon,7,score,25
B/gain=1.2,beacon,8,score,23
B/gain=1.2,beacon,9,score,23
B/gain=1.2,beacon,10,score,27
B/gain=1.2,beacon,11,score,24
B/gain=1.2,beacon,12,score,27
B/gain=1.2,beacon,13,score,27
B/gain=1.2,beacon,14,score,24
B/gain=1.2,beacon,15,score,23
B/gain=1.2,beacon,16,score,20
B/gain=1.2,beacon,17,score,23
B/gain=1.2,beacon,18,score,24
B/gain=1.2,beacon,19,score,22
B/gain=1.2,beacon,20,score,20
B/gain=1.2,beacon,21,score,26
B/gain=1.2,beacon,22,score,26
B/gain=1.2,beacon,23,score,23
B/gain=1.2,beacon,24,score,25
B/gain=1.2,beacon,25,score,27
B/gain=1.2,beacon,26,score,19
B/gain=1.2,beacon,27,score,27
B/gain=1.2,beacon,28,score,24
B/gain=1.2,beacon,29,score,26
B/gain=1.2,beacon,30,score,24
B/gain=1.2,beacon,1,vrest,0
B/gain=1.2,beacon,2,vrest,0
B/gain=1.2,beacon,3,vrest,0
B/gain=1.2,beacon,4,vrest,0
B/gain=1.2,beacon,5,vrest,0
B/gain=1.2,beacon,6,vrest,0
B/gain=1.2,beacon,7,vrest,0
B/gain=1.2,beacon,8,vrest,0
B/gain=1.2,beacon,9,vrest,0
B/gain=1.2,beacon,10,vrest,0
B/gain=1.2,beacon,11,vrest,0
B/gain=1.2,beacon,12,vrest,0
B/gain=1.2,beacon,13,vrest,0
B/gain=1.2,beacon,14,vrest,0
B/gain=1.2,beacon,15,vrest,0
B/gain=1.2,beacon,16,vrest,0
B/gain=1.2,beacon,17,vrest,0
B/gain=1.2,beacon,18,vrest,0
B/gain=1.2,beacon,19,vrest,0
B/gain=1.2,beacon,20,vrest,0
B/gain=1.2,beacon,21,vrest,0
B/gain=1.2,beacon,22,vrest,0
B/gain=1.2,beacon,23,vrest,0
B/gain=1.2,beacon,24,vrest,0
B/gain=1.2,beacon,25,vrest,0
B/gain=1.2,beacon,26,vrest,0
B/gain=1.2,beacon,27,vrest,0
B/gain=1.2,beacon,28,vrest,0
B/gain=1.2,beacon,29,vrest,0
B/gain=1.2,beacon,30,vrest,0
B/gain=1.2,foraging,1,score,47
B/gain=1.2,foraging,2,score,42
B/gain=1.2,foraging,3,score,49
B/gain=1.2,foraging,4,score,59
B/gain=1.2,foraging,5,score,46
B/gain=1.2,foraging,6,score,49
B/gain=1.2,foraging,7,score,44
B/gain=1.2,foraging,8,score,52
B/gain=1.2,foraging,9,score,39
B/gain=1.2,foraging,10,score,42
B/gain=1.2,foraging,11,score,47
B/gain=1.2,foraging,12,score,44
B/gain=1.2,foraging,13,score,58
B/gain=1.2,foraging,14,score,62
B/gain=1.2,foraging,15,score,48
B/gain=1.2,foraging,16,score,42
B/gain=1.2,foraging,17,score,44
B/gain=1.2,foraging,18,score,44
B/gain=1.2,foraging,19,score,44
B/gain=1.2,foraging,20,score,39
B/gain=1.2,foraging,21,score,52
B/gain=1.2,foraging,22,score,53
B/gain=1.2,foraging,23,score,39
B/gain=1.2,foraging,24,score,47
B/gain=1.2,foraging,25,score,49
B/gain=1.2,foraging,26,score,47
B/gain=1.2,foraging,27,score,47
B/gain=1.2,foraging,28,score,49
B/gain=1.2,foraging,29,score,49
B/gain=1.2,foraging,30,score,51
B/gain=1.2,foraging,1,vrest,0
B/gain=1.2,foraging,2,vrest,0
B/gain=1.2,foraging,3,vrest,0
B/gain=1.2,foraging,4,vrest,0
B/gain=1.2,foraging,5,vrest,0
B/gain=1.2,foraging,6,vrest,0
B/gain=1.2,foraging,7,vrest,0
B/gain=1.2,foraging,8,vrest,0
B/gain=1.2,foraging,9,vrest,0
B/gain=1.2,foraging,10,vrest,0
B/gain=1.2,foraging,11,vrest,0
B/gain=1.2,foraging,12,vrest,0
B/gain=1.2,foraging,13,vrest,0
B/gain=1.2,foraging,14,vrest,0
B/gain=1.2,foraging,15,vrest,0
B/gain=1.2,foraging,16,vrest,0
B/gain=1.2,foraging,17,vrest,0
B/gain=1.2,foraging,18,vrest,0
B/gain=1.2,foraging,19,vrest,0
B/gain=1.2,foraging,20,vrest,0
B/gain=1.2,foraging,21,vrest,0
B/gain=1.2,foraging,22,vrest,0
B/gain=1.2,foraging,23,vrest,0
B/gain=1.2,foraging,24,vrest,0
B/gain=1.2,foraging,25,vrest,0
B/gain=1.2,foraging,26,vrest,0
B/gain=1.2,foraging,27,vrest,0
B/gain=1.2,foraging,28,vrest,0
B/gain=1.2,foraging,29,vrest,0
B/gain=1.2,foraging,30,vrest,0
B/gain=1.2,hazard_field,1,score,33
B/gain=1.2,hazard_field,2,score,32
B/gain=1.2,hazard_field,3,score,24
B/gain=1.2,hazard_field,4,score,33
B/gain=1.2,hazard_field,5,score,34
B/gain=1.2,hazard_field,6,score,34
B/gain=1.2,hazard_field,7,score,32
B/gain=1.2,hazard_field,8,score,32
B/gain=1.2,hazard_field,9,score,34
B/gain=1.2,hazard_field,10,score,34
B/gain=1.2,hazard_field,11,score,34
B/gain=1.2,hazard_field,12,score,33
B/gain=1.2,hazard_field,13,score,34
B/gain=1.2,hazard_field,14,score,32
B/gain=1.2,hazard_field,15,score,34
B/gain=1.2,hazard_field,16,score,37
B/gain=1.2,hazard_field,17,score,35
B/gain=1.2,hazard_field,18,score,34
B/gain=1.2,hazard_field,19,score,30
B/gain=1.2,hazard_field,20,score,35
B/gain=1.2,hazard_field,21,score,35
B/gain=1.2,hazard_field,22,score,28
B/gain=1.2,hazard_field,23,score,32
B/gain=1.2,hazard_field,24,score,35
B/gain=1.2,hazard_field,25,score,35
B/gain=1.2,hazard_field,26,score,32
B/gain=1.2,hazard_field,27,score,35
B/gain=1.2,hazard_field,28,score,34
B/gain=1.2,hazard_field,29,score,32
B/gain=1.2,hazard_field,30,score,35
B/gain=1.2,hazard_field,1,vrest,0
B/gain=1.2,hazard_field,2,vrest,0
B/gain=1.2,hazard_field,3,vrest,0
B/gain=1.2,hazard_field,4,vrest,0
B/gain=1.2,hazard_field,5,vrest,0
B/gain=1.2,hazard_field,6,vrest,0
B/gain=1.2,hazard_field,7,vrest,0
B/gain=1.2,hazard_field,8,vrest,0
B/gain=1.2,hazard_field,9,vrest,0
B/gain=1.2,hazard_field,10,vrest,0
B/gain=1.2,hazard_field,11,vrest,0
B/gain=1.2,hazard_field,12,vrest,0
B/gain=1.2,hazard_field,13,vrest,0
B/gain=1.2,hazard_field,14,vrest,0
B/gain=1.2,hazard_field,15,vrest,0
B/gain=1.2,hazard_field,16,vrest,0
B/gain=1.2,hazard_field,17,vrest,0
B/gain=1.2,hazard_field,18,vrest,0
B/gain=1.2,hazard_field,19,vrest,0
B/gain=1.2,hazard_field,20,vrest,0
B/gain=1.2,hazard_field,21,vrest,0
B/gain=1.2,hazard_field,22,vrest,0
B/gain=1.2,hazard_field,23,vrest,0
B/gain=1.2,hazard_field,24,vrest,0
B/gain=1.2,hazard_field,25,vrest,0
B/gain=1.2,hazard_field,26,vrest,0
B/gain=1.2,hazard_field,27,vrest,0
B/gain=1.2,hazard_field,28,vrest,0
B/gain=1.2,hazard_field,29,vrest,0
B/gain=1.2,hazard_field,30,vrest,0
B/gain=1.2,memory_maze,1,attempted,148
B/gain=1.2,memory_maze,2,attempted,148
B/gain=1.2,memory_maze,3,attempted,148
B/gain=1.2,memory_maze,4,attempted,148
B/gain=1.2,memory_maze,5,attempted,148
B/gain=1.2,memory_maze,6,attempted,147
B/gain=1.2,memory_maze,7,attempted,147
B/gain=1.2,memory_maze,8,attempted,147
B/gain=1.2,memory_maze,9,attempted,148
B/gain=1.2,memory_maze,10,attempted,148
B/gain=1.2,memory_maze,11,attempted,148
B/gain=1.2,memory_maze,12,attempted,148
B/gain=1.2,memory_maze,13,attempted,136
B/gain=1.2,memory_maze,14,attempted,148
B/gain=1.2,memory_maze,15,attempted,148
B/gain=1.2,memory_maze,16,attempted,148
B/gain=1.2,memory_maze,17,attempted,148
B/gain=1.2,memory_maze,18,attempted,148
B/gain=1.2,memory_maze,19,attempted,148
B/gain=1.2,memory_maze,20,attempted,147
B/gain=1.2,memory_maze,21,attempted,148
B/gain=1.2,memory_maze,22,attempted,148
B/gain=1.2,memory_maze,23,attempted,148
B/gain=1.2,memory_maze,24,attempted,147
B/gain=1.2,memory_maze,25,attempted,147
B/gain=1.2,memory_maze,26,attempted,148
B/gain=1.2,memory_maze,27,attempted,148
B/gain=1.2,memory_maze,28,attempted,148
B/gain=1.2,memory_maze,29,attempted,147
B/gain=1.2,memory_maze,30,attempted,147
B/gain=1.2,memory_maze,1,score,148
B/gain=1.2,memory_maze,2,score,148
B/gain=1.2,memory_maze,3,score,148
B/gain=1.2,memory_maze,4,score,148
B/gain=1.2,memory_maze,5,score,148
B/gain=1.2,memory_maze,6,score,147
B/gain=1.2,memory_maze,7,score,147
B/gain=1.2,memory_maze,8,score,147
B/gain=1.2,memory_maze,9,score,148
B/gain=1.2,memory_maze,10,score,148
B/gain=1.2,memory_maze,11,score,148
B/gain=1.2,memory_maze,12,score,148
B/gain=1.2,memory_maze,13,score,136
B/gain=1.2,memory_maze,14,score,148
B/gain=1.2,memory_maze,15,score,148
B/gain=1.2,memory_maze,16,score,148
B/gain=1.2,memory_maze,17,score,148
B/gain=1.2,memory_maze,18,score,148
B/gain=1.2,memory_maze,19,score,148
B/gain=1.2,memory_maze,20,score,147
B/gain=1.2,memory_maze,21,score,148
B/gain=1.2,memory_maze,22,score,148
B/gain=1.2,memory_maze,23,score,148
B/gain=1.2,memory_maze,24,score,147
B/gain=1.2,memory_maze,25,score,147
B/gain=1.2,memory_maze,26,score,148
B/gain=1.2,memory_maze,27,score,148
B/gain=1.2,memory_maze,28,score,148
B/gain=1.2,memory_maze,29,score,147
B/gain=1.2,memory_maze,30,score,147
B/gain=1.5,beacon,1,score,27
B/gain=1.5,beacon,2,score,25
B/gain=1.5,beacon,3,score,24
B/gain=1.5,beacon,4,score,26
B/gain=1.5,beacon,5,score,21
B/gain=1.5,beacon,6,score,26
B/gain=1.5,beacon,7,score,25
B/gain=1.5,beacon,8,score,23
B/gain=1.5,beacon,9,score,22
B/gain=1.5,beacon,10,score,27
B/gain=1.5,beacon,11,score,24
B/gain=1.5,beacon,12,score,27
B/gain=1.5,beacon,13,score,27
B/gain=1.5,beacon,14,score,24
B/gain=1.5,beacon,15,score,23
B/gain=1.5,beacon,16,score,20
B/gain=1.5,beacon,17,score,23
B/gain=1.5,beacon,18,score,24
B/gain=1.5,beacon,19,score,22
B/gain=1.5,beacon,20,score,23
B/gain=1.5,beacon,21,score,26
B/gain=1.5,beacon,22,score,26
B/gain=1.5,beacon,23,score,23
B/gain=1.5,beacon,24,score,24
B/gain=1.5,beacon,25,score,27
B/gain=1.5,beacon,26,score,19
B/gain=1.5,beacon,27,score,27
B/gain=1.5,beacon,28,score,24
B/gain=1.5,beacon,29,score,26
B/gain=1.5,beacon,30,score,24
B/gain=1.5,beacon,1,vrest,0
B/gain=1.5,beacon,2,vrest,0
B/gain=1.5,beacon,3,vrest,0
B/gain=1.5,beacon,4,vrest,0
B/gain=1.5,beacon,5,vrest,0
B/gain=1.5,beacon,6,vrest,0
B/gain=1.5,beacon,7,vrest,0
B/gain=1.5,beacon,8,vrest,0
B/gain=1.5,beacon,9,vrest,0
B/gain=1.5,beacon,10,vrest,0
B/gain=1.5,beacon,11,vrest,0
B/gain=1.5,beacon,12,vrest,0
B/gain=1.5,beacon,13,vrest,0
B/gain=1.5,beacon,14,vrest,0
B/gain=1.5,beacon,15,vrest,0
B/gain=1.5,beacon,16,vrest,0
B/gain=1.5,beacon,17,vrest,0
B/gain=1.5,beacon,18,vrest,0
B/gain=1.5,beacon,19,vrest,0
B/gain=1.5,beacon,20,vrest,0
B/gain=1.5,beacon,21,vrest,0
B/gain=1.5,beacon,22,vrest,0
B/gain=1.5,beacon,23,vrest,0
B/gain=1.5,beacon,24,vrest,0
B/gain=1.5,beacon,25,vrest,0
B/gain=1.5,beacon,26,vrest,0
B/gain=1.5,beacon,27,vrest,0
B/gain=1.5,beacon,28,vrest,0
B/gain=1.5,beacon,29,vrest,0
B/gain=1.5,beacon,30,vrest,0
B/gain=1.5,foraging,1,score,47
B/gain=1.5,foraging,2,score,42
B/gain=1.5,foraging,3,score,46
B/gain=1.5,foraging,4,score,59
B/gain=1.5,foraging,5,score,46
B/gain=1.5,foraging,6,score,49
B/gain=1.5,foraging,7,score,46
B/gain=1.5,foraging,8,score,52
B/gain=1.5,foraging,9,score,39
B/gain=1.5,foraging,10,score,42
B/gain=1.5,foraging,11,score,47
B/gain=1.5,foraging,12,score,44
B/gain=1.5,foraging,13,score,52
B/gain=1.5,foraging,14,score,62
B/gain=1.5,foraging,15,score,48
B/gain=1.5,foraging,16,score,42
B/gain=1.5,foraging,17,score,44
B/gain=1.5,foraging,18,score,44
B/gain=1.5,foraging,19,score,44
B/gain=1.5,foraging,20,score,39
B/gain=1.5,foraging,21,score,52
B/gain=1.5,foraging,22,score,53
B/gain=1.5,foraging,23,score,39
B/gain=1.5,foraging,24,score,47
B/gain=1.5,foraging,25,score,49
B/gain=1.5,foraging,26,score,47
B/gain=1.5,foraging,27,score,47
B/gain=1.5,foraging,28,score,49
B/gain=1.5,foraging,29,score,49
B/gain=1.5,foraging,30,score,49
B/gain=1.5,foraging,1,vrest,0
B/gain=1.5,foraging,2,vrest,0
B/gain=1.5,foraging,3,vrest,0
B/gain=1.5,foraging,4,vrest,0
B/gain=1.5,foraging,5,vrest,0
B/gain=1.5,foraging,6,vrest,0
B/gain=1.5,foraging,7,vrest,0
B/gain=1.5,foraging,8,vrest,0
B/gain=1.5,foraging,9,vrest,0
B/gain=1.5,foraging,10,vrest,0
B/gain=1.5,foraging,11,vrest,0
B/gain=1.5,foraging,12,vrest,0
B/gain=1.5,foraging,13,vrest,0
B/gain=1.5,foraging,14,vrest,0
B/gain=1.5,foraging,15,vrest,0
B/gain=1.5,foraging,16,vrest,0
B/gain=1.5,foraging,17,vrest,0
B/gain=1.5,foraging,18,vrest,0
B/gain=1.5,foraging,19,vrest,0
B/gain=1.5,foraging,20,vrest,0
B/gain=1.5,foraging,21,vrest,0
B/gain=1.5,foraging,22,vrest,0
B/gain=1.5,foraging,23,vrest,0
B/gain=1.5,foraging,24,vrest,0
B/gain=1.5,foraging,25,vrest,0
B/gain=1.5,foraging,26,vrest,0
B/gain=1.5,foraging,27,vrest,0
B/gain=1.5,foraging,28,vrest,0
B/gain=1.5,foraging,29,vrest,0
B/gain=1.5,foraging,30,vrest,0
B/gain=1.5,hazard_field,1,score,33
B/gain=1.5,hazard_field,2,score,32
B/gain=1.5,hazard_field,3,score,24
B/gain=1.5,hazard_field,4,score,33
B/gain=1.5,hazard_field,5,score,34
B/gain=1.5,hazard_field,6,score,34
B/gain=1.5,hazard_field,7,score,32
B/gain=1.5,hazard_field,8,score,32
B/gain=1.5,hazard_field,9,score,34
B/gain=1.5,hazard_field,10,score,34
B/gain=1.5,hazard_field,11,score,34
B/gain=1.5,hazard_field,12,score,33
B/gain=1.5,hazard_field,13,score,34
B/gain=1.5,hazard_field,14,score,32
B/gain=1.5,hazard_field,15,score,34
B/gain=1.5,hazard_field,16,score,37
B/gain=1.5,hazard_field,17,score,36
B/gain=1.5,hazard_field,18,score,34
B/gain=1.5,hazard_field,19,score,30
B/gain=1.5,hazard_field,20,score,35
B/gain=1.5,hazard_field,21,score,35
B/gain=1.5,hazard_field,22,score,29
B/gain=1.5,hazard_field,23,score,31
B/gain=1.5,hazard_field,24,score,35
B/gain=1.5,hazard_field,25,score,35
B/gain=1.5,hazard_field,26,score,32
B/gain=1.5,hazard_field,27,score,35
B/gain=1.5,hazard_field,28,score,34
B/gain=1.5,hazard_field,29,score,34
B/gain=1.5,hazard_field,30,score,35
B/gain=1.5,hazard_field,1,vrest,0
B/gain=1.5,hazard_field,2,vrest,0
B/gain=1.5,hazard_field,3,vrest,0
B/gain=1.5,hazard_field,4,vrest,0
B/gain=1.5,hazard_field,5,vrest,0
B/gain=1.5,hazard_field,6,vrest,0
B/gain=1.5,hazard_field,7,vrest,0
B/gain=1.5,hazard_field,8,vrest,0
B/gain=1.5,hazard_field,9,vrest,0
B/gain=1.5,hazard_field,10,vrest,0
B/gain=1.5,hazard_field,11,vrest,0
B/gain=1.5,hazard_field,12,vrest,0
B/gain=1.5,hazard_field,13,vrest,0
B/gain=1.5,hazard_field,14,vrest,0
B/gain=1.5,hazard_field,15,vrest,0
B/gain=1.5,hazard_field,16,vrest,0
B/gain=1.5,hazard_field,17,vrest,0
B/gain=1.5,hazard_field,18,vrest,0
B/gain=1.5,hazard_field,19,vrest,0
B/gain=1.5,hazard_field,20,vrest,0
B/gain=1.5,hazard_field,21,vrest,0
B/gain=1.5,hazard_field,22,vrest,0
B/gain=1.5,hazard_field,23,vrest,0
B/gain=1.5,hazard_field,24,vrest,0
B/gain=1.5,hazard_field,25,vrest,0
B/gain=1.5,hazard_field,26,vrest,0
B/gain=1.5,hazard_field,27,vrest,0
B/gain=1.5,hazard_field,28,vrest,0
B/gain=1.5,hazard_field,29,vrest,0
B/gain=1.5,hazard_field,30,vrest,0
B/gain=1.5,memory_maze,1,attempted,148
B/gain=1.5,memory_maze,2,attempted,147
B/gain=1.5,memory_maze,3,attempted,147
B/gain=1.5,memory_maze,4,attempted,147
B/gain=1.5,memory_maze,5,attempted,147
B/gain=1.5,memory_maze,6,attempted,147
B/gain=1.5,memory_maze,7,attempted,147
B/gain=1.5,memory_maze,8,attempted,147
B/gain=1.5,memory_maze,9,attempted,147
B/gain=1.5,memory_maze,10,attempted,147
B/gain=1.5,memory_maze,11,attempted,147
B/gain=1.5,memory_maze,12,attempted,147
B/gain=1.5,memory_maze,13,attempted,136
B/gain=1.5,memory_maze,14,attempted,148
B/gain=1.5,memory_maze,15,attempted,147
B/gain=1.5,memory_maze,16,attempted,147
B/gain=1.5,memory_maze,17,attempted,147
B/gain=1.5,memory_maze,18,attempted,147
B/gain=1.5,memory_maze,19,attempted,147
B/gain=1.5,memory_maze,20,attempted,147
B/gain=1.5,memory_maze,21,attempted,147
B/gain=1.5,memory_maze,22,attempted,148
B/gain=1.5,memory_maze,23,attempted,148
B/gain=1.5,memory_maze,24,attempted,147
B/gain=1.5,memory_maze,25,attempted,147
B/gain=1.5,memory_maze,26,attempted,147
B/gain=1.5,memory_maze,27,attempted,148
B/gain=1.5,memory_maze,28,attempted,147
B/gain=1.5,memory_maze,29,attempted,147
B/gain=1.5,memory_maze,30,attempted,147
B/gain=1.5,memory_maze,1,score,148
B/gain=1.5,memory_maze,2,score,147
B/gain=1.5,memory_maze,3,score,147
B/gain=1.5,memory_maze,4,score,147
B/gain=1.5,memory_maze,5,score,147
B/gain=1.5,memory_maze,6,score,147
B/gain=1.5,memory_maze,7,score,147
B/gain=1.5,memory_maze,8,score,147
B/gain=1.5,memory_maze,9,score,147
B/gain=1.5,memory_maze,10,score,147
B/gain=1.5,memory_maze,11,score,147
B/gain=1.5,memory_maze,12,score,147
B/gain=1.5,memory_maze,13,score,136
B/gain=1.5,memory_maze,14,score,148
B/gain=1.5,memory_maze,15,score,147
B/gain=1.5,memory_maze,16,score,147
B/gain=1.5,memory_maze,17,score,147
B/gain=1.5,memory_maze,18,score,147
B/gain=1.5,memory_maze,19,score,147
B/gain=1.5,memory_maze,20,score,147
B/gain=1.5,memory_maze,21,score,147
B/gain=1.5,memory_maze,22,score,148
B/gain=1.5,memory_maze,23,score,148
B/gain=1.5,memory_maze,24,score,147
B/gain=1.5,memory_maze,25,score,147
B/gain=1.5,memory_maze,26,score,147
B/gain=1.5,memory_maze,27,score,148
B/gain=1.5,memory_maze,28,score,147
B/gain=1.5,memory_maze,29,score,147
B/gain=1.5,memory_maze,30,score,147
B/gain=2,beacon,1,score,27
B/gain=2,beacon,2,score,25
B/gain=2,beacon,3,score,24
B/gain=2,beacon,4,score,26
B/gain=2,beacon,5,score,21
B/gain=2,beacon,6,score,26
B/gain=2,beacon,7,score,25
B/gain=2,beacon,8,score,23
B/gain=2,beacon,9,score,19
B/gain=2,beacon,10,score,27
B/gain=2,beacon,11,score,24
B/gain=2,beacon,12,score,27
B/gain=2,beacon,13,score,27
B/gain=2,beacon,14,score,24
B/gain=2,beacon,15,score,23
B/gain=2,beacon,16,score,20
B/gain=2,beacon,17,score,23
B/gain=2,beacon,18,score,24
B/gain=2,beacon,19,score,22
B/gain=2,beacon,20,score,23
B/gain=2,beacon,21,score,26
B/gain=2,beacon,22,score,26
B/gain=2,beacon,23,score,23
B/gain=2,beacon,24,score,24
B/gain=2,beacon,25,score,27
B/gain=2,beacon,26,score,19
B/gain=2,beacon,27,score,27
B/gain=2,beacon,28,score,24
B/gain=2,beacon,29,score,26
B/gain=2,beacon,30,score,24
B/gain=2,beacon,1,vrest,0
B/gain=2,beacon,2,vrest,0
B/gain=2,beacon,3,vrest,0
B/gain=2,beacon,4,vrest,0
B/gain=2,beacon,5,vrest,0
B/gain=2,beacon,6,vrest,0
B/gain=2,beacon,7,vrest,0
B/gain=2,beacon,8,vrest,0
B/gain=2,beacon,9,vrest,0
B/gain=2,beacon,10,vrest,0
B/gain=2,beacon,11,vrest,0
B/gain=2,beacon,12,vrest,0
B/gain=2,beacon,13,vrest,0
B/gain=2,beacon,14,vrest,0
B/gain=2,beacon,15,vrest,0
B/gain=2,beacon,16,vrest,0
B/gain=2,beacon,17,vrest,0
B/gain=2,beacon,18,vrest,0
B/gain=2,beacon,19,vrest,0
B/gain=2,beacon,20,vrest,0
B/gain=2,beacon,21,vrest,0
B/gain=2,beacon,22,vrest,0
B/gain=2,beacon,23,vrest,0
B/gain=2,beacon,24,vrest,0
B/gain=2,beacon,25,vrest,0
B/gain=2,beacon,26,vrest,0
B/gain=2,beacon,27,vrest,0
B/gain=2,beacon,28,vrest,0
B/gain=2,beacon,29,vrest,0
B/gain=2,beacon,30,vrest,0
B/gain=2,foraging,1,score,47
B/gain=2,foraging,2,score,48
B/gain=2,foraging,3,score,46
B/gain=2,foraging,4,score,59
B/gain=2,foraging,5,score,46
B/gain=2,foraging,6,score,49
B/gain=2,foraging,7,score,46
B/gain=2,foraging,8,score,54
B/gain=2,foraging,9,score,39
B/gain=2,foraging,10,score,42
B/gain=2,foraging,11,score,47
B/gain=2,foraging,12,score,44
B/gain=2,foraging,13,score,52
B/gain=2,foraging,14,score,62
B/gain=2,foraging,15,score,48
B/gain=2,foraging,16,score,42
B/gain=2,foraging,17,score,44
B/gain=2,foraging,18,score,44
B/gain=2,foraging,19,score,44
B/gain=2,foraging,20,score,39
B/gain=2,foraging,21,score,52
B/gain=2,foraging,22,score,53
B/gain=2,foraging,23,score,43
B/gain=2,foraging,24,score,47
B/gain=2,foraging,25,score,49
B/gain=2,foraging,26,score,46
B/gain=2,foraging,27,score,47
B/gain=2,foraging,28,score,49
B/gain=2,foraging,29,score,38
B/gain=2,foraging,30,score,39
B/gain=2,foraging,1,vrest,0
B/gain=2,foraging,2,vrest,0
B/gain=2,foraging,3,vrest,0
B/gain=2,foraging,4,vrest,0
B/gain=2,foraging,5,vrest,0
B/gain=2,foraging,6,vrest,0
B/gain=2,foraging,7,vrest,0
B/gain=2,foraging,8,vrest,0
B/gain=2,foraging,9,vrest,0
B/gain=2,foraging,10,vrest,0
B/gain=2,foraging,11,vrest,0
B/gain=2,foraging,12,vrest,0
B/gain=2,foraging,13,vrest,0
B/gain=2,foraging,14,vrest,0
B/gain=2,foraging,15,vrest,0
B/gain=2,foraging,16,vrest,0
B/gain=2,foraging,17,vrest,0
B/gain=2,foraging,18,vrest,0
B/gain=2,foraging,19,vrest,0
B/gain=2,foraging,20,vrest,0
B/gain=2,foraging,21,vrest,0
B/gain=2,foraging,22,vrest,0
B/gain=2,foraging,23,vrest,0
B/gain=2,foraging,24,vrest,0
B/gain=2,foraging,25,vrest,0
B/gain=2,foraging,26,vrest,0
B/gain=2,foraging,27,vrest,0
B/gain=2,foraging,28,vrest,0
B/gain=2,foraging,29,vrest,0
B/gain=2,foraging,30,vrest,0
B/gain=2,hazard_field,1,score,33
B/gain=2,hazard_field,2,score,32
B/gain=2,hazard_field,3,score,29
B/gain=2,hazard_field,4,score,34
B/gain=2,hazard_field,5,score,34
B/gain=2,hazard_field,6,score,32
B/gain=2,hazard_field,7,score,35
B/gain=2,hazard_field,8,score,31
B/gain=2,hazard_field,9,score,35
B/gain=2,hazard_field,10,score,34
B/gain=2,hazard_field,11,score,34
B/gain=2,hazard_field,12,score,33
B/gain=2,hazard_field,13,score,34
B/gain=2,hazard_field,14,score,32
B/gain=2,hazard_field,15,score,34
B/gain=2,hazard_field,16,score,37
B/gain=2,hazard_field,17,score,35
B/gain=2,hazard_field,18,score,34
B/gain=2,hazard_field,19,score,30
B/gain=2,hazard_field,20,score,35
B/gain=2,hazard_field,21,score,35
B/gain=2,hazard_field,22,score,34
B/gain=2,hazard_field,23,score,28
B/gain=2,hazard_field,24,score,35
B/gain=2,hazard_field,25,score,35
B/gain=2,hazard_field,26,score,32
B/gain=2,hazard_field,27,score,35
B/gain=2,hazard_field,28,score,32
B/gain=2,hazard_field,29,score,34
B/gain=2,hazard_field,30,score,32
B/gain=2,hazard_field,1,vrest,0
B/gain=2,hazard_field,2,vrest,0
B/gain=2,hazard_field,3,vrest,0
B/gain=2,hazard_field,4,vrest,0
B/gain=2,hazard_field,5,vrest,0
B/gain=2,hazard_field,6,vrest,0
B/gain=2,hazard_field,7,vrest,0
B/gain=2,hazard_field,8,vrest,0
B/gain=2,hazard_field,9,vrest,0
B/gain=2,hazard_field,10,vrest,0
B/gain=2,hazard_field,11,vrest,0
B/gain=2,hazard_field,12,vrest,0
B/gain=2,hazard_field,13,vrest,0
B/gain=2,hazard_field,14,vrest,0
B/gain=2,hazard_field,15,vrest,0
B/gain=2,hazard_field,16,vrest,0
B/gain=2,hazard_field,17,vrest,0
B/gain=2,hazard_field,18,vrest,0
B/gain=2,hazard_field,19,vrest,0
B/gain=2,hazard_field,20,vrest,0
B/gain=2,hazard_field,21,vrest,0
B/gain=2,hazard_field,22,vrest,0
B/gain=2,hazard_field,23,vrest,0
B/gain=2,hazard_field,24,vrest,0
B/gain=2,hazard_field,25,vrest,0
B/gain=2,hazard_field,26,vrest,0
B/gain=2,hazard_field,27,vrest,0
B/gain=2,hazard_field,28,vrest,0
B/gain=2,hazard_field,29,vrest,0
B/gain=2,hazard_field,30,vrest,0
B/gain=2,memory_maze,1,attempted,147
B/gain=2,memory_maze,2,attempted,147
B/gain=2,memory_maze,3,attempted,147
B/gain=2,memory_maze,4,attempted,147
B/gain=2,memory_maze,5,attempted,147
B/gain=2,memory_maze,6,attempted,147
B/gain=2,memory_maze,7,attempted,147
B/gain=2,memory_maze,8,attempted,147
B/gain=2,memory_maze,9,attempted,147
B/gain=2,memory_maze,10,attempted,147
B/gain=2,memory_maze,11,attempted,147
B/gain=2,memory_maze,12,attempted,147
B/gain=2,memory_maze,13,attempted,145
B/gain=2,memory_maze,14,attempted,147
B/gain=2,memory_maze,15,attempted,147
B/gain=2,memory_maze,16,attempted,147
B/gain=2,memory_maze,17,attempted,147
B/gain=2,memory_maze,18,attempted,147
B/gain=2,memory_maze,19,attempted,147
B/gain=2,memory_maze,20,attempted,147
B/gain=2,memory_maze,21,attempted,147
B/gain=2,memory_maze,22,attempted,147
B/gain=2,memory_maze,23,attempted,147
B/gain=2,memory_maze,24,attempted,147
B/gain=2,memory_maze,25,attempted,147
B/gain=2,memory_maze,26,attempted,147
B/gain=2,memory_maze,27,attempted,148
B/gain=2,memory_maze,28,attempted,147
B/gain=2,memory_maze,29,attempted,147
B/gain=2,memory_maze,30,attempted,147
B/gain=2,memory_maze,1,score,147
B/gain=2,memory_maze,2,score,147
B/gain=2,memory_maze,3,score,147
B/gain=2,memory_maze,4,score,147
B/gain=2,memory_maze,5,score,147
B/gain=2,memory_maze,6,score,147
B/gain=2,memory_maze,7,score,147
B/gain=2,memory_maze,8,score,147
B/gain=2,memory_maze,9,score,147
B/gain=2,memory_maze,10,score,147
B/gain=2,memory_maze,11,score,147
B/gain=2,memory_maze,12,score,147
B/gain=2,memory_maze,13,score,145
B/gain=2,memory_maze,14,score,147
B/gain=2,memory_maze,15,score,147
B/gain=2,memory_maze,16,score,147
B/gain=2,memory_maze,17,score,147
B/gain=2,memory_maze,18,score,147
B/gain=2,memory_maze,19,score,147
B/gain=2,memory_maze,20,score,147
B/gain=2,memory_maze,21,score,147
B/gain=2,memory_maze,22,score,147
B/gain=2,memory_maze,23,score,147
B/gain=2,memory_maze,24,score,147
B/gain=2,memory_maze,25,score,147
B/gain=2,memory_maze,26,score,147
B/gain=2,memory_maze,27,score,148
B/gain=2,memory_maze,28,score,147
B/gain=2,memory_maze,29,score,147
B/gain=2,memory_maze,30,score,147
B/gain=3,beacon,1,score,27
B/gain=3,beacon,2,score,25
B/gain=3,beacon,3,score,24
B/gain=3,beacon,4,score,26
B/gain=3,beacon,5,score,21
B/gain=3,beacon,6,score,26
B/gain=3,beacon,7,score,25
B/gain=3,beacon,8,score,23
B/gain=3,beacon,9,score,19
B/gain=3,beacon,10,score,27
B/gain=3,beacon,11,score,24
B/gain=3,beacon,12,score,27
B/gain=3,beacon,13,score,27
B/gain=3,beacon,14,score,24
B/gain=3,beacon,15,score,23
B/gain=3,beacon,16,score,20
B/gain=3,beacon,17,score,24
B/gain=3,beacon,18,score,24
B/gain=3,beacon,19,score,22
B/gain=3,beacon,20,score,19
B/gain=3,beacon,21,score,26
B/gain=3,beacon,22,score,26
B/gain=3,beacon,23,score,23
B/gain=3,beacon,24,score,24
B/gain=3,beacon,25,score,27
B/gain=3,beacon,26,score,19
B/gain=3,beacon,27,score,27
B/gain=3,beacon,28,score,24
B/gain=3,beacon,29,score,26
B/gain=3,beacon,30,score,24
B/gain=3,beacon,1,vrest,0
B/gain=3,beacon,2,vrest,0
B/gain=3,beacon,3,vrest,0
B/gain=3,beacon,4,vrest,0
B/gain=3,beacon,5,vrest,0
B/gain=3,beacon,6,vrest,0
B/gain=3,beacon,7,vrest,0
B/gain=3,beacon,8,vrest,0
B/gain=3,beacon,9,vrest,0
B/gain=3,beacon,10,vrest,0
B/gain=3,beacon,11,vrest,0
B/gain=3,beacon,12,vrest,0
B/gain=3,beacon,13,vrest,0
B/gain=3,beacon,14,vrest,0
B/gain=3,beacon,15,vrest,0
B/gain=3,beacon,16,vrest,0
B/gain=3,beacon,17,vrest,0
B/gain=3,beacon,18,vrest,0
B/gain=3,beacon,19,vrest,0
B/gain=3,beacon,20,vrest,0
B/gain=3,beacon,21,vrest,0
B/gain=3,beacon,22,vrest,0
B/gain=3,beacon,23,vrest,0
B/gain=3,beacon,24,vrest,0
B/gain=3,beacon,25,vrest,0
B/gain=3,beacon,26,vrest,0
B/gain=3,beacon,27,vrest,0
B/gain=3,beacon,28,vrest,0
B/gain=3,beacon,29,vrest,0
B/gain=3,beacon,30,vrest,0
B/gain=3,foraging,1,score,46
B/gain=3,foraging,2,score,48
B/gain=3,foraging,3,score,46
B/gain=3,foraging,4,score,59
B/gain=3,foraging,5,score,46
B/gain=3,foraging,6,score,49
B/gain=3,foraging,7,score,46
B/gain=3,foraging,8,score,54
B/gain=3,foraging,9,score,34
B/gain=3,foraging,10,score,42
B/gain=3,foraging,11,score,44
B/gain=3,foraging,12,score,44
B/gain=3,foraging,13,score,52
B/gain=3,foraging,14,score,62
B/gain=3,foraging,15,score,44
B/gain=3,foraging,16,score,42
B/gain=3,foraging,17,score,44
B/gain=3,foraging,18,score,44
B/gain=3,foraging,19,score,44
B/gain=3,foraging,20,score,39
B/gain=3,foraging,21,score,61
B/gain=3,foraging,22,score,53
B/gain=3,foraging,23,score,42
B/gain=3,foraging,24,score,51
B/gain=3,foraging,25,score,49
B/gain=3,foraging,26,score,46
B/gain=3,foraging,27,score,47
B/gain=3,foraging,28,score,49
B/gain=3,foraging,29,score,38
B/gain=3,foraging,30,score,39
B/gain=3,foraging,1,vrest,0
B/gain=3,foraging,2,vrest,0
B/gain=3,foraging,3,vrest,0
B/gain=3,foraging,4,vrest,0
B/gain=3,foraging,5,vrest,0
B/gain=3,foraging,6,vrest,0
B/gain=3,foraging,7,vrest,0
B/gain=3,foraging,8,vrest,0
B/gain=3,foraging,9,vrest,0
B/gain=3,foraging,10,vrest,0
B/gain=3,foraging,11,vrest,0
B/gain=3,foraging,12,vrest,0
B/gain=3,foraging,13,vrest,0
B/gain=3,foraging,14,vrest,0
B/gain=3,foraging,15,vrest,0
B/gain=3,foraging,16,vrest,0
B/gain=3,foraging,17,vrest,0
B/gain=3,foraging,18,vrest,0
B/gain=3,foraging,19,vrest,0
B/gain=3,foraging,20,vrest,0
B/gain=3,foraging,21,vrest,0
B/gain=3,foraging,22,vrest,0
B/gain=3,foraging,23,vrest,0
B/gain=3,foraging,24,vrest,0
B/gain=3,foraging,25,vrest,0
B/gain=3,foraging,26,vrest,0
B/gain=3,foraging,27,vrest,0
B/gain=3,foraging,28,vrest,0
B/gain=3,foraging,29,vrest,0
B/gain=3,foraging,30,vrest,0
B/gain=3,hazard_field,1,score,33
B/gain=3,hazard_field,2,score,32
B/gain=3,hazard_field,3,score,29
B/gain=3,hazard_field,4,score,32
B/gain=3,hazard_field,5,score,34
B/gain=3,hazard_field,6,score,32
B/gain=3,hazard_field,7,score,35
B/gain=3,hazard_field,8,score,37
B/gain=3,hazard_field,9,score,35
B/gain=3,hazard_field,10,score,34
B/gain=3,hazard_field,11,score,34
B/gain=3,hazard_field,12,score,33
B/gain=3,hazard_field,13,score,34
B/gain=3,hazard_field,14,score,32
B/gain=3,hazard_field,15,score,34
B/gain=3,hazard_field,16,score,37
B/gain=3,hazard_field,17,score,35
B/gain=3,hazard_field,18,score,34
B/gain=3,hazard_field,19,score,30
B/gain=3,hazard_field,20,score,35
B/gain=3,hazard_field,21,score,32
B/gain=3,hazard_field,22,score,32
B/gain=3,hazard_field,23,score,28
B/gain=3,hazard_field,24,score,34
B/gain=3,hazard_field,25,score,35
B/gain=3,hazard_field,26,score,32
B/gain=3,hazard_field,27,score,35
B/gain=3,hazard_field,28,score,31
B/gain=3,hazard_field,29,score,34
B/gain=3,hazard_field,30,score,32
B/gain=3,hazard_field,1,vrest,0
B/gain=3,hazard_field,2,vrest,0
B/gain=3,hazard_field,3,vrest,0
B/gain=3,hazard_field,4,vrest,0
B/gain=3,hazard_field,5,vrest,0
B/gain=3,hazard_field,6,vrest,0
B/gain=3,hazard_field,7,vrest,0
B/gain=3,hazard_field,8,vrest,0
B/gain=3,hazard_field,9,vrest,0
B/gain=3,hazard_field,10,vrest,0
B/gain=3,hazard_field,11,vrest,0
B/gain=3,hazard_field,12,vrest,0
B/gain=3,hazard_field,13,vrest,0
B/gain=3,hazard_field,14,vrest,0
B/gain=3,hazard_field,15,vrest,0
B/gain=3,hazard_field,16,vrest,0
B/gain=3,hazard_field,17,vrest,0
B/gain=3,hazard_field,18,vrest,0
B/gain=3,hazard_field,19,vrest,0
B/gain=3,hazard_field,20,vrest,0
B/gain=3,hazard_field,21,vrest,0
B/gain=3,hazard_field,22,vrest,0
B/gain=3,hazard_field,23,vrest,0
B/gain=3,hazard_field,24,vrest,0
B/gain=3,hazard_field,25,vrest,0
B/gain=3,hazard_field,26,vrest,0
B/gain=3,hazard_field,27,vrest,0
B/gain=3,hazard_field,28,vrest,0
B/gain=3,hazard_field,29,vrest,0
B/gain=3,hazard_field,30,vrest,0
B/gain=3,memory_maze,1,attempted,149
B/gain=3,memory_maze,2,attempted,149
B/gain=3,memory_maze,3,attempted,149
B/gain=3,memory_maze,4,attempted,149
B/gain=3,memory_maze,5,attempted,149
B/gain=3,memory_maze,6,attempted,147
B/gain=3,memory_maze,7,attempted,147
B/gain=3,memory_maze,8,attempted,147
B/gain=3,memory_maze,9,attempted,149
B/gain=3,memory_maze,10,attempted,149
B/gain=3,memory_maze,11,attempted,149
B/gain=3,memory_maze,12,attempted,149
B/gain=3,memory_maze,13,attempted,149
B/gain=3,memory_maze,14,attempted,149
B/gain=3,memory_maze,15,attempted,149
B/gain=3,memory_maze,16,attempted,149
B/gain=3,memory_maze,17,attempted,149
B/gain=3,memory_maze,18,attempted,149
B/gain=3,memory_maze,19,attempted,149
B/gain=3,memory_maze,20,attempted,147
B/gain=3,memory_maze,21,attempted,149
B/gain=3,memory_maze,22,attempted,149
B/gain=3,memory_maze,23,attempted,149
B/gain=3,memory_maze,24,attempted,147
B/gain=3,memory_maze,25,attempted,147
B/gain=3,memory_maze,26,attempted,149
B/gain=3,memory_maze,27,attempted,149
B/gain=3,memory_maze,28,attempted,149
B/gain=3,memory_maze,29,attempted,147
B/gain=3,memory_maze,30,attempted,147
B/gain=3,memory_maze,1,score,149
B/gain=3,memory_maze,2,score,149
B/gain=3,memory_maze,3,score,149
B/gain=3,memory_maze,4,score,149
B/gain=3,memory_maze,5,score,149
B/gain=3,memory_maze,6,score,147
B/gain=3,memory_maze,7,score,147
B/gain=3,memory_maze,8,score,147
B/gain=3,memory_maze,9,score,149
B/gain=3,memory_maze,10,score,149
B/gain=3,memory_maze,11,score,149
B/gain=3,memory_maze,12,score,149
B/gain=3,memory_maze,13,score,149
B/gain=3,memory_maze,14,score,149
B/gain=3,memory_maze,15,score,149
B/gain=3,memory_maze,16,score,149
B/gain=3,memory_maze,17,score,149
B/gain=3,memory_maze,18,score,149
B/gain=3,memory_maze,19,score,149
B/gain=3,memory_maze,20,score,147
B/gain=3,memory_maze,21,score,149
B/gain=3,memory_maze,22,score,149
B/gain=3,memory_maze,23,score,149
B/gain=3,memory_maze,24,score,147
B/gain=3,memory_maze,25,score,147
B/gain=3,memory_maze,26,score,149
B/gain=3,memory_maze,27,score,149
B/gain=3,memory_maze,28,score,149
B/gain=3,memory_maze,29,score,147
B/gain=3,memory_maze,30,score,147
