condition,walk,speed,turn,distance,n_seeds,mean_tick,mean_pos_err,sd_pos_err,mean_abs_hd_err,rms_hd_err,mean_along_err
speed_only,straight,0.05,0,25,30,26,0.476318,0.154058,0,0,-0.476318
speed_only,straight,0.05,0,50,30,51.0667,0.985509,0.203393,0,0,-0.986106
speed_only,straight,0.05,0,75,30,76.1667,1.474,0.241178,0,0,-1.47545
speed_only,straight,0.05,0,100,30,101.233,1.95526,0.279087,0,0,-1.95755
speed_only,straight,0.05,0,125,30,126.4,2.44537,0.341371,0,0,-2.45008
speed_only,straight,0.05,0,150,30,151.5,2.99474,0.358798,0,0,-3.00339
speed_only,straight,0.05,0,175,30,176.5,3.51441,0.362945,0,0,-3.52551
speed_only,straight,0.05,0,200,30,201.533,3.98873,0.39455,0,0,-4.00179
speed_only,straight,0.05,0,225,30,226.567,4.52196,0.4164,0,0,-4.53645
speed_only,straight,0.05,0,250,30,251.633,5.04526,0.40016,0,0,-5.06202
speed_only,straight,0.05,0,275,30,276.7,5.53595,0.468133,1.4803e-17,8.10792e-17,-5.55654
speed_only,straight,0.05,0,300,30,301.833,6.04997,0.444963,1.4803e-17,8.10792e-17,-6.07542
speed_only,straight,0.05,0,325,30,326.833,6.55757,0.538518,1.4803e-17,8.10792e-17,-6.58911
speed_only,straight,0.05,0,350,30,351.867,7.00974,0.602186,1.4803e-17,8.10792e-17,-7.04648
speed_only,straight,0.05,0,375,30,376.933,7.49295,0.604559,2.96059e-17,1.14663e-16,-7.53596
speed_only,straight,0.05,0,400,30,401.967,7.97918,0.623802,4.44089e-17,1.40433e-16,-8.02757
speed_only,straight,0.05,0,425,30,426.967,8.44836,0.654723,4.44089e-17,1.40433e-16,-8.50197
speed_only,straight,0.05,0,450,30,452.033,8.90837,0.684683,5.92119e-17,1.62158e-16,-8.96707
speed_only,straight,0.05,0,475,30,477.067,9.36654,0.676557,5.92119e-17,1.62158e-16,-9.43087
speed_only,straight,0.05,0,500,30,502.067,9.88408,0.685414,5.92119e-17,1.62158e-16,-9.95458
speed_only,straight,0.05,0,525,30,527.133,10.3532,0.705918,5.92119e-17,1.62158e-16,-10.4293
speed_only,straight,0.05,0,550,30,552.2,10.8369,0.718259,5.92119e-17,1.62158e-16,-10.9188
speed_only,straight,0.05,0,575,30,577.233,11.3485,0.771015,5.92119e-17,1.62158e-16,-11.4353
speed_only,straight,0.05,0,600,30,602.3,11.8469,0.811955,7.40149e-17,1.81299e-16,-11.9407
speed_only,straight,0.05,0,625,30,627.4,12.3248,0.790661,8.88178e-17,1.98603e-16,-12.4272
speed_only,straight,0.05,0,650,30,652.4,12.794,0.825143,8.88178e-17,1.98603e-16,-12.9061
speed_only,straight,0.05,0,675,30,677.5,13.221,0.798762,7.40149e-17,1.81299e-16,-13.3404
speed_only,straight,0.05,0,700,30,702.567,13.6698,0.804118,8.88178e-17,1.98603e-16,-13.7993
speed_only,straight,0.05,0,725,30,727.6,14.1128,0.848588,8.88178e-17,1.98603e-16,-14.2561
speed_only,straight,0.05,0,750,30,752.667,14.5816,0.876954,1.18424e-16,2.29327e-16,-14.7433
speed_only,straight,0.05,0,775,30,777.733,15.0373,0.921151,1.18424e-16,2.29327e-16,-15.2155
speed_only,straight,0.05,0,800,30,802.733,15.5323,0.966289,1.18424e-16,2.29327e-16,-15.729
speed_only,straight,0.05,0,825,30,827.733,16.0362,1.00972,1.18424e-16,2.29327e-16,-16.2504
speed_only,straight,0.05,0,850,30,852.733,16.5116,1.02884,1.18424e-16,2.29327e-16,-16.7434
speed_only,straight,0.05,0,875,30,877.733,16.9737,1.05545,1.18424e-16,2.29327e-16,-17.222
speed_only,straight,0.05,0,900,30,902.8,17.4691,1.0685,1.18424e-16,2.29327e-16,-17.7347
speed_only,straight,0.05,0,925,30,927.8,17.9602,1.10803,1.18424e-16,2.29327e-16,-18.2394
speed_only,straight,0.05,0,950,30,952.833,18.4685,1.13177,1.18424e-16,2.29327e-16,-18.7613
speed_only,straight,0.05,0,975,30,977.867,18.9377,1.13614,1.33227e-16,2.43238e-16,-19.2452
speed_only,straight,0.05,0,1000,30,1002.93,19.437,1.1729,1.4803e-16,2.56395e-16,-19.7594
speed_only,straight,0.05,0,1025,30,1027.93,19.9318,1.19377,1.4803e-16,2.56395e-16,-20.2701
speed_only,straight,0.05,0,1050,30,1052.93,20.4348,1.21614,1.4803e-16,2.56395e-16,-20.7888
speed_only,straight,0.05,0,1075,30,1077.93,20.9091,1.27427,1.4803e-16,2.56395e-16,-21.2752
speed_only,straight,0.05,0,1100,30,1102.97,21.3772,1.27194,1.4803e-16,2.56395e-16,-21.7596
speed_only,straight,0.05,0,1125,30,1128,21.8493,1.28222,1.62833e-16,2.68909e-16,-22.2463
speed_only,straight,0.05,0,1150,30,1153.1,22.3327,1.29765,1.77636e-16,2.80867e-16,-22.7486
speed_only,straight,0.05,0,1175,30,1178.17,22.8122,1.33336,1.77636e-16,2.80867e-16,-23.2466
speed_only,straight,0.05,0,1200,30,1203.17,23.2679,1.34136,1.77636e-16,2.80867e-16,-23.7221
speed_only,straight,0.05,0,1225,30,1228.2,23.7376,1.36722,1.62833e-16,2.68909e-16,-24.211
speed_only,straight,0.05,0,1250,30,1253.2,24.2064,1.38913,1.77636e-16,2.80867e-16,-24.7004
speed_only,straight,0.05,0,1275,30,1278.27,24.6503,1.40133,1.77636e-16,2.80867e-16,-25.1629
speed_only,straight,0.05,0,1300,30,1303.3,25.1408,1.42697,1.77636e-16,2.80867e-16,-25.674
speed_only,straight,0.05,0,1325,30,1328.33,25.6398,1.44657,1.77636e-16,2.80867e-16,-26.1923
speed_only,straight,0.05,0,1350,30,1353.4,26.1574,1.47244,1.77636e-16,2.80867e-16,-26.7341
speed_only,straight,0.05,0,1375,30,1378.43,26.5857,1.48735,1.62833e-16,2.68909e-16,-27.1835
speed_only,straight,0.05,0,1400,30,1403.43,27.0303,1.52734,1.62833e-16,2.68909e-16,-27.6455
speed_only,straight,0.05,0,1425,30,1428.5,27.5052,1.51481,1.62833e-16,2.68909e-16,-28.1405
speed_only,straight,0.05,0,1450,30,1453.5,27.979,1.49366,1.62833e-16,2.68909e-16,-28.6356
speed_only,straight,0.05,0,1475,30,1478.53,28.4572,1.51394,1.77636e-16,2.80867e-16,-29.1332
speed_only,straight,0.05,0,1500,30,1503.6,28.943,1.51579,1.62833e-16,2.68909e-16,-29.6409
speed_only,straight,0.05,0,1525,30,1528.6,29.3921,1.57262,1.62833e-16,2.68909e-16,-30.1039
speed_only,straight,0.05,0,1550,30,1553.67,29.8845,1.55607,1.77636e-16,2.80867e-16,-30.6181
speed_only,straight,0.05,0,1575,30,1578.7,30.3998,1.55787,1.92439e-16,2.92335e-16,-31.158
speed_only,straight,0.05,0,1600,30,1603.73,30.8973,1.57359,1.77636e-16,2.80867e-16,-31.6785
speed_only,straight,0.05,0,1625,30,1628.77,31.3935,1.62163,1.77636e-16,2.80867e-16,-32.1966
speed_only,straight,0.05,0,1650,30,1653.83,31.8362,1.60954,2.07242e-16,3.03371e-16,-32.659
speed_only,straight,0.05,0,1675,30,1678.83,32.3068,1.67977,2.07242e-16,3.03371e-16,-33.1514
speed_only,straight,0.05,0,1700,30,1703.87,32.7809,1.73084,2.07242e-16,3.03371e-16,-33.6463
speed_only,straight,0.05,0,1725,30,1728.97,33.2813,1.75588,2.22045e-16,3.14018e-16,-34.1726
speed_only,straight,0.05,0,1750,30,1753.97,33.7788,1.74856,2.22045e-16,3.14018e-16,-34.6984
speed_only,straight,0.05,0,1775,30,1778.97,34.2375,1.73799,2.22045e-16,3.14018e-16,-35.1828
speed_only,straight,0.05,0,1800,30,1804,34.755,1.76835,2.36848e-16,3.24317e-16,-35.7303
speed_only,straight,0.05,0,1825,30,1829.07,35.2324,1.79449,2.22045e-16,3.14018e-16,-36.2346
speed_only,straight,0.05,0,1850,30,1854.07,35.6867,1.84493,2.51651e-16,3.53416e-16,-36.71
speed_only,straight,0.05,0,1875,30,1879.07,36.1566,1.87435,2.66454e-16,3.62597e-16,-37.2108
speed_only,straight,0.05,0,1900,30,1904.07,36.6275,1.88052,2.66454e-16,3.62597e-16,-37.7089
speed_only,straight,0.05,0,1925,30,1929.1,37.0673,1.86717,2.66454e-16,3.62597e-16,-38.1756
speed_only,straight,0.05,0,1950,30,1954.17,37.5231,1.8628,2.66454e-16,3.62597e-16,-38.663
speed_only,straight,0.05,0,1975,30,1979.2,37.9918,1.87403,2.66454e-16,3.62597e-16,-39.1596
speed_only,straight,0.05,0,2000,30,2004.23,38.4475,1.88148,2.66454e-16,3.62597e-16,-39.6421
turn_only,straight,0,0.01,25,30,26,0.600721,0.426114,0.0408946,0.0516295,0
turn_only,straight,0,0.01,50,30,51.0667,1.65635,1.4104,0.0535596,0.0713823,-4.73695e-16
turn_only,straight,0,0.01,75,30,76.1667,2.82213,2.59732,0.0651117,0.0816576,-1.02141e-15
turn_only,straight,0,0.01,100,30,101.233,4.44926,3.81784,0.0810573,0.100187,-1.02141e-15
turn_only,straight,0,0.01,125,30,126.4,6.41434,5.19101,0.0913206,0.112319,-1.02141e-15
turn_only,straight,0,0.01,150,30,151.5,8.60049,6.87858,0.105402,0.130112,-4.73547e-14
turn_only,straight,0,0.01,175,30,176.5,11.1495,8.42365,0.114357,0.135881,-1.02851e-13
turn_only,straight,0,0.01,200,30,201.533,13.9715,10.1309,0.124439,0.151376,-1.54898e-13
turn_only,straight,0,0.01,225,30,226.567,16.8087,11.8642,0.134186,0.161899,-2.03075e-13
turn_only,straight,0,0.01,250,30,251.633,20.0832,13.8258,0.137664,0.167396,-2.50977e-13
turn_only,straight,0,0.01,275,30,276.7,23.5596,15.8583,0.155099,0.185045,-3.16162e-13
turn_only,straight,0,0.01,300,30,301.833,26.9017,17.9635,0.141906,0.170565,-4.21744e-13
turn_only,straight,0,0.01,325,30,326.833,30.1235,20.2723,0.160582,0.19943,-5.38517e-13
turn_only,straight,0,0.01,350,30,351.867,34.0255,22.6491,0.176628,0.223066,-6.55387e-13
turn_only,straight,0,0.01,375,30,376.933,38.3044,25.0927,0.186342,0.222023,-7.91471e-13
turn_only,straight,0,0.01,400,30,401.967,42.6688,27.5869,0.192718,0.233506,-9.35541e-13
turn_only,straight,0,0.01,425,30,426.967,47.4538,29.8737,0.204884,0.242573,-1.07952e-12
turn_only,straight,0,0.01,450,30,452.033,52.4384,32.3574,0.222332,0.256557,-1.23244e-12
turn_only,straight,0,0.01,475,30,477.067,57.4779,35.0562,0.230361,0.265868,-1.3856e-12
turn_only,straight,0,0.01,500,30,502.067,62.4455,37.8622,0.220453,0.256504,-1.53141e-12
turn_only,straight,0,0.01,525,30,527.133,67.1447,40.7572,0.216753,0.255912,-1.6838e-12
turn_only,straight,0,0.01,550,30,552.2,71.7946,43.7146,0.209168,0.252565,-1.78261e-12
turn_only,straight,0,0.01,575,30,577.233,76.786,46.8653,0.214722,0.26646,-1.87609e-12
turn_only,straight,0,0.01,600,30,602.367,82.1008,50.172,0.234491,0.287483,-1.9956e-12
turn_only,straight,0,0.01,625,30,627.5,87.5743,53.7813,0.226417,0.280283,-2.12207e-12
turn_only,straight,0,0.01,650,30,652.533,93.0121,57.3183,0.232588,0.284712,-2.26022e-12
turn_only,straight,0,0.01,675,30,677.633,98.0709,61.0358,0.233498,0.276063,-2.39705e-12
turn_only,straight,0,0.01,700,30,702.7,102.768,64.787,0.228378,0.281075,-2.52027e-12
turn_only,straight,0,0.01,725,30,727.733,107.604,68.6877,0.235729,0.287045,-2.66015e-12
turn_only,straight,0,0.01,750,30,752.8,112.304,72.5201,0.235926,0.290589,-2.8108e-12
turn_only,straight,0,0.01,775,30,777.867,116.873,76.6065,0.248611,0.304472,-2.96364e-12
turn_only,straight,0,0.01,800,30,802.867,121.568,80.7425,0.250027,0.309736,-3.11648e-12
turn_only,straight,0,0.01,825,30,827.867,126.447,84.7852,0.256234,0.314847,-3.27092e-12
turn_only,straight,0,0.01,850,30,852.9,131.641,88.3018,0.258898,0.313814,-3.43783e-12
turn_only,straight,0,0.01,875,30,877.9,136.922,91.8729,0.262602,0.320788,-3.61412e-12
turn_only,straight,0,0.01,900,30,902.967,142.259,95.3779,0.259276,0.323479,-3.7984e-12
turn_only,straight,0,0.01,925,30,927.967,147.767,99.021,0.26203,0.328934,-3.97788e-12
turn_only,straight,0,0.01,950,30,953,153.037,102.81,0.272591,0.330152,-4.15737e-12
turn_only,straight,0,0.01,975,30,978.067,158.421,106.747,0.267838,0.333994,-4.37099e-12
turn_only,straight,0,0.01,1000,30,1003.13,163.782,110.787,0.272287,0.334325,-4.60925e-12
turn_only,straight,0,0.01,1025,30,1028.13,169.441,114.737,0.275587,0.336689,-4.84831e-12
turn_only,straight,0,0.01,1050,30,1053.13,174.994,119.03,0.279092,0.341595,-5.09699e-12
turn_only,straight,0,0.01,1075,30,1078.13,180.634,123.745,0.2891,0.359279,-5.33972e-12
turn_only,straight,0,0.01,1100,30,1103.17,186.095,128.707,0.290192,0.356963,-5.53029e-12
turn_only,straight,0,0.01,1125,30,1128.2,191.298,133.884,0.288136,0.353515,-5.6761e-12
turn_only,straight,0,0.01,1150,30,1153.3,196.244,139.248,0.295051,0.357982,-5.79207e-12
turn_only,straight,0,0.01,1175,30,1178.4,201.042,144.837,0.30402,0.367346,-5.88053e-12
turn_only,straight,0,0.01,1200,30,1203.4,206.1,150.167,0.29604,0.369512,-5.94991e-12
turn_only,straight,0,0.01,1225,30,1228.47,211.481,155.356,0.295363,0.364515,-6.0193e-12
turn_only,straight,0,0.01,1250,30,1253.47,216.877,160.419,0.286434,0.364893,-6.08042e-12
turn_only,straight,0,0.01,1275,30,1278.53,222.147,165.5,0.287403,0.375179,-6.13052e-12
turn_only,straight,0,0.01,1300,30,1303.57,227.268,170.507,0.286015,0.374093,-6.15618e-12
turn_only,straight,0,0.01,1325,30,1328.63,232.34,175.323,0.280483,0.368084,-6.17931e-12
turn_only,straight,0,0.01,1350,30,1353.7,237.357,179.997,0.277574,0.360326,-6.20244e-12
turn_only,straight,0,0.01,1375,30,1378.73,242.392,184.861,0.282903,0.367055,-6.22557e-12
turn_only,straight,0,0.01,1400,30,1403.73,247.461,190.051,0.294792,0.386206,-6.2487e-12
turn_only,straight,0,0.01,1425,30,1428.8,252.724,195.224,0.297197,0.38464,-6.25338e-12
turn_only,straight,0,0.01,1450,30,1453.83,258.02,200.243,0.299367,0.379127,-6.25338e-12
turn_only,straight,0,0.01,1475,30,1478.87,263.183,204.922,0.29902,0.378797,-6.25338e-12
turn_only,straight,0,0.01,1500,30,1503.93,268.526,209.36,0.298817,0.377174,-6.25338e-12
turn_only,straight,0,0.01,1525,30,1528.93,274.04,213.501,0.305913,0.380787,-6.25338e-12
turn_only,straight,0,0.01,1550,30,1553.97,279.897,217.417,0.300172,0.377463,-6.25338e-12
turn_only,straight,0,0.01,1575,30,1579,285.774,221.088,0.303142,0.370998,-6.25338e-12
turn_only,straight,0,0.01,1600,30,1604.03,291.62,224.651,0.303879,0.375605,-6.25338e-12
turn_only,straight,0,0.01,1625,30,1629.07,297.326,228.737,0.311609,0.383822,-6.25338e-12
turn_only,straight,0,0.01,1650,30,1654.13,303.161,232.851,0.311697,0.381804,-6.25338e-12
turn_only,straight,0,0.01,1675,30,1679.13,309.337,236.931,0.331881,0.405636,-6.25338e-12
turn_only,straight,0,0.01,1700,30,1704.17,315.866,241.076,0.329193,0.407817,-6.29878e-12
turn_only,straight,0,0.01,1725,30,1729.23,322.402,245.285,0.322867,0.405869,-6.37446e-12
turn_only,straight,0,0.01,1750,30,1754.23,328.887,249.524,0.324831,0.404099,-6.45014e-12
turn_only,straight,0,0.01,1775,30,1779.23,334.977,253.883,0.318824,0.390237,-6.52582e-12
turn_only,straight,0,0.01,1800,30,1804.27,341.105,258.413,0.323727,0.398702,-6.6015e-12
turn_only,straight,0,0.01,1825,30,1829.3,347.476,262.892,0.330757,0.40359,-6.73167e-12
turn_only,straight,0,0.01,1850,30,1854.33,354.128,267.289,0.344219,0.411682,-6.9481e-12
turn_only,straight,0,0.01,1875,30,1879.37,360.831,272.103,0.351583,0.432145,-7.15886e-12
turn_only,straight,0,0.01,1900,30,1904.37,367.715,276.889,0.347184,0.431999,-7.36962e-12
turn_only,straight,0,0.01,1925,30,1929.4,374.489,281.545,0.340028,0.432784,-7.58037e-12
turn_only,straight,0,0.01,1950,30,1954.43,380.863,286.479,0.326649,0.421376,-7.86076e-12
turn_only,straight,0,0.01,1975,30,1979.5,387.331,291.792,0.33494,0.430669,-8.14719e-12
turn_only,straight,0,0.01,2000,30,2004.53,393.875,297.134,0.333574,0.425215,-8.40639e-12
both,straight,0.05,0.01,25,30,26,0.837986,0.444602,0.03868,0.052616,-0.479466
both,straight,0.05,0.01,50,30,51.0667,2.01686,1.13984,0.0621519,0.0741781,-0.981878
both,straight,0.05,0.01,75,30,76.1667,3.67444,2.13149,0.0725115,0.0891737,-1.50341
both,straight,0.05,0.01,100,30,101.233,5.4724,3.26229,0.089842,0.10845,-1.99979
both,straight,0.05,0.01,125,30,126.4,7.66768,4.63084,0.107402,0.130352,-2.50385
both,straight,0.05,0.01,150,30,151.5,10.1684,6.24526,0.110598,0.133425,-3.01861
both,straight,0.05,0.01,175,30,176.5,12.928,7.87327,0.133706,0.159988,-3.49208
both,straight,0.05,0.01,200,30,201.533,16.2136,9.5641,0.143,0.167204,-3.9767
both,straight,0.05,0.01,225,30,226.567,19.549,11.5092,0.146246,0.17251,-4.44436
both,straight,0.05,0.01,250,30,251.633,22.8176,13.4702,0.137323,0.169601,-4.95407
both,straight,0.05,0.01,275,30,276.7,25.9997,15.3608,0.132897,0.167958,-5.41514
both,straight,0.05,0.01,300,30,301.833,29.2905,17.3854,0.14158,0.179705,-5.92665
both,straight,0.05,0.01,325,30,326.833,32.584,19.5085,0.137402,0.176103,-6.4005
both,straight,0.05,0.01,350,30,351.867,35.5859,21.6991,0.136018,0.180524,-6.84232
both,straight,0.05,0.01,375,30,376.933,38.7889,23.9918,0.153174,0.198996,-7.30135
both,straight,0.05,0.01,400,30,401.967,42.1843,26.5226,0.168183,0.21079,-7.79531
both,straight,0.05,0.01,425,30,426.967,45.7926,29.0182,0.174662,0.207715,-8.26732
both,straight,0.05,0.01,450,30,452.033,49.4881,31.4324,0.181073,0.217362,-8.7444
both,straight,0.05,0.01,475,30,477.067,53.1249,33.8986,0.201324,0.232526,-9.229
both,straight,0.05,0.01,500,30,502.067,56.8529,36.4132,0.200178,0.230409,-9.70321
both,straight,0.05,0.01,525,30,527.133,60.6058,39.1302,0.208194,0.238355,-10.2329
both,straight,0.05,0.01,550,30,552.2,64.3841,42.2911,0.218902,0.25527,-10.7038
both,straight,0.05,0.01,575,30,577.233,68.3517,45.2247,0.229108,0.257305,-11.1847
both,straight,0.05,0.01,600,30,602.367,72.3999,48.0761,0.212223,0.258957,-11.7155
both,straight,0.05,0.01,625,30,627.5,76.6507,50.6573,0.220527,0.266423,-12.1631
both,straight,0.05,0.01,650,30,652.533,81.0028,52.944,0.213004,0.260097,-12.6633
both,straight,0.05,0.01,675,30,677.633,85.4083,55.1934,0.21475,0.271969,-13.1759
both,straight,0.05,0.01,700,30,702.7,89.7974,57.372,0.22598,0.272507,-13.6539
both,straight,0.05,0.01,725,30,727.733,94.2048,59.5399,0.22553,0.272547,-14.1375
both,straight,0.05,0.01,750,30,752.8,98.6852,61.4071,0.21524,0.260493,-14.6513
both,straight,0.05,0.01,775,30,777.867,103.05,63.3089,0.220918,0.263087,-15.144
both,straight,0.05,0.01,800,30,802.867,107.704,65.0673,0.219372,0.263072,-15.6616
both,straight,0.05,0.01,825,30,827.867,112.3,66.8169,0.224665,0.262643,-16.1856
both,straight,0.05,0.01,850,30,852.9,117.146,68.632,0.245407,0.283401,-16.7149
both,straight,0.05,0.01,875,30,877.9,121.934,70.6168,0.246474,0.283926,-17.2207
both,straight,0.05,0.01,900,30,902.967,126.635,72.7987,0.252539,0.289328,-17.7458
both,straight,0.05,0.01,925,30,927.967,131.655,75.2452,0.248298,0.285058,-18.2203
both,straight,0.05,0.01,950,30,953,136.704,77.9006,0.252794,0.291125,-18.7146
both,straight,0.05,0.01,975,30,978.067,141.807,80.6955,0.260919,0.297176,-19.2026
both,straight,0.05,0.01,1000,30,1003.13,147.141,83.6491,0.276647,0.309836,-19.6915
both,straight,0.05,0.01,1025,30,1028.13,152.545,86.8197,0.281762,0.311342,-20.1672
both,straight,0.05,0.01,1050,30,1053.13,158.08,90.0872,0.282132,0.315568,-20.6858
both,straight,0.05,0.01,1075,30,1078.13,163.684,93.3898,0.281327,0.323425,-21.1821
both,straight,0.05,0.01,1100,30,1103.17,169.092,96.5027,0.292088,0.327319,-21.6879
both,straight,0.05,0.01,1125,30,1128.2,174.787,99.4903,0.278917,0.315598,-22.1879
both,straight,0.05,0.01,1150,30,1153.3,180.551,102.266,0.284532,0.323248,-22.7298
both,straight,0.05,0.01,1175,30,1178.4,186.201,104.953,0.279369,0.325135,-23.2264
both,straight,0.05,0.01,1200,30,1203.4,192.009,107.843,0.284216,0.332895,-23.7359
both,straight,0.05,0.01,1225,30,1228.47,197.751,111.046,0.281011,0.333052,-24.2136
both,straight,0.05,0.01,1250,30,1253.47,203.287,114.337,0.268736,0.321013,-24.6741
both,straight,0.05,0.01,1275,30,1278.53,208.638,117.475,0.26976,0.322162,-25.1736
both,straight,0.05,0.01,1300,30,1303.57,213.779,120.583,0.255889,0.311029,-25.6721
both,straight,0.05,0.01,1325,30,1328.63,218.692,123.836,0.243302,0.290374,-26.1268
both,straight,0.05,0.01,1350,30,1353.7,223.385,127.199,0.253332,0.299794,-26.6073
both,straight,0.05,0.01,1375,30,1378.73,228.134,130.652,0.245005,0.29099,-27.1008
both,straight,0.05,0.01,1400,30,1403.73,233.02,133.983,0.244259,0.297698,-27.5569
both,straight,0.05,0.01,1425,30,1428.8,237.831,137.194,0.240236,0.291915,-28.056
both,straight,0.05,0.01,1450,30,1453.83,242.687,140.442,0.244015,0.304203,-28.5734
both,straight,0.05,0.01,1475,30,1478.87,247.804,143.937,0.254947,0.317767,-29.0767
both,straight,0.05,0.01,1500,30,1503.93,252.861,147.419,0.252084,0.311673,-29.564
both,straight,0.05,0.01,1525,30,1528.93,258.028,150.808,0.259664,0.323983,-30.0558
both,straight,0.05,0.01,1550,30,1553.97,263.483,154.216,0.281817,0.339316,-30.5639
both,straight,0.05,0.01,1575,30,1579,269.15,157.666,0.288473,0.343915,-31.0504
both,straight,0.05,0.01,1600,30,1604.03,274.848,160.809,0.288009,0.337466,-31.5158
both,straight,0.05,0.01,1625,30,1629.07,280.428,164.209,0.299414,0.343881,-32.0226
both,straight,0.05,0.01,1650,30,1654.13,286.146,167.713,0.295463,0.345113,-32.5494
both,straight,0.05,0.01,1675,30,1679.13,292.016,171.354,0.296306,0.343521,-33.0201
both,straight,0.05,0.01,1700,30,1704.17,297.809,175.081,0.292945,0.335826,-33.522
both,straight,0.05,0.01,1725,30,1729.23,303.329,178.421,0.278626,0.32323,-33.9987
both,straight,0.05,0.01,1750,30,1754.23,308.946,181.479,0.285603,0.33061,-34.526
both,straight,0.05,0.01,1775,30,1779.23,314.712,184.65,0.282124,0.331073,-35.0281
both,straight,0.05,0.01,1800,30,1804.27,320.208,187.697,0.268323,0.316355,-35.4988
both,straight,0.05,0.01,1825,30,1829.3,325.619,190.605,0.258633,0.316114,-36.0021
both,straight,0.05,0.01,1850,30,1854.33,330.842,193.688,0.255858,0.314626,-36.4753
both,straight,0.05,0.01,1875,30,1879.37,335.962,196.613,0.262598,0.313475,-37.0232
both,straight,0.05,0.01,1900,30,1904.37,340.873,199.657,0.260304,0.310696,-37.5066
both,straight,0.05,0.01,1925,30,1929.4,345.754,202.66,0.248693,0.312629,-37.9619
both,straight,0.05,0.01,1950,30,1954.43,350.501,205.58,0.242941,0.304882,-38.4669
both,straight,0.05,0.01,1975,30,1979.5,355.181,208.424,0.243923,0.301623,-38.9473
both,straight,0.05,0.01,2000,30,2004.53,359.833,211.478,0.250265,0.30995,-39.4274
grid_turn0.0025_speed0.0,straight,0,0.0025,25,30,26,0.150198,0.10657,0.0102236,0.0129074,0
grid_turn0.0025_speed0.0,straight,0,0.0025,50,30,51.0667,0.414206,0.352883,0.0133899,0.0178456,-4.73695e-16
grid_turn0.0025_speed0.0,straight,0,0.0025,75,30,76.1667,0.705508,0.650228,0.0162779,0.0204144,-1.02141e-15
grid_turn0.0025_speed0.0,straight,0,0.0025,100,30,101.233,1.11206,0.955548,0.0202643,0.0250467,-1.02141e-15
grid_turn0.0025_speed0.0,straight,0,0.0025,125,30,126.4,1.6037,1.29869,0.0228302,0.0280797,-1.02141e-15
grid_turn0.0025_speed0.0,straight,0,0.0025,150,30,151.5,2.15058,1.72169,0.0263504,0.032528,-4.73547e-14
grid_turn0.0025_speed0.0,straight,0,0.0025,175,30,176.5,2.7894,2.10843,0.0285892,0.0339703,-1.02851e-13
grid_turn0.0025_speed0.0,straight,0,0.0025,200,30,201.533,3.49612,2.53717,0.0311097,0.0378439,-1.54898e-13
grid_turn0.0025_speed0.0,straight,0,0.0025,225,30,226.567,4.2078,2.97084,0.0335464,0.0404747,-2.03075e-13
grid_turn0.0025_speed0.0,straight,0,0.0025,250,30,251.633,5.02831,3.46338,0.0344159,0.0418491,-2.50977e-13
grid_turn0.0025_speed0.0,straight,0,0.0025,275,30,276.7,5.89953,3.97405,0.0387748,0.0462613,-3.16162e-13
grid_turn0.0025_speed0.0,straight,0,0.0025,300,30,301.833,6.73956,4.50139,0.0354765,0.0426413,-4.21744e-13
grid_turn0.0025_speed0.0,straight,0,0.0025,325,30,326.833,7.55296,5.07641,0.0401454,0.0498575,-5.38517e-13
grid_turn0.0025_speed0.0,straight,0,0.0025,350,30,351.867,8.5313,5.68134,0.0441571,0.0557665,-6.55387e-13
grid_turn0.0025_speed0.0,straight,0,0.0025,375,30,376.933,9.60582,6.30122,0.0465855,0.0555058,-7.91471e-13
grid_turn0.0025_speed0.0,straight,0,0.0025,400,30,401.967,10.7018,6.93195,0.0481794,0.0583766,-9.35541e-13
grid_turn0.0025_speed0.0,straight,0,0.0025,425,30,426.967,11.9037,7.51193,0.051221,0.0606433,-1.07952e-12
grid_turn0.0025_speed0.0,straight,0,0.0025,450,30,452.033,13.1542,8.13814,0.055583,0.0641393,-1.23244e-12
grid_turn0.0025_speed0.0,straight,0,0.0025,475,30,477.067,14.417,8.8169,0.0575901,0.066467,-1.3856e-12
grid_turn0.0025_speed0.0,straight,0,0.0025,500,30,502.067,15.6632,9.52253,0.0551132,0.0641261,-1.53141e-12
grid_turn0.0025_speed0.0,straight,0,0.0025,525,30,527.133,16.8419,10.2522,0.0541882,0.063978,-1.6838e-12
grid_turn0.0025_speed0.0,straight,0,0.0025,550,30,552.2,18.0069,10.998,0.0522919,0.0631413,-1.78261e-12
grid_turn0.0025_speed0.0,straight,0,0.0025,575,30,577.233,19.2604,11.7892,0.0536806,0.066615,-1.87609e-12
grid_turn0.0025_speed0.0,straight,0,0.0025,600,30,602.367,20.5961,12.6184,0.0586228,0.0718708,-1.9956e-12
grid_turn0.0025_speed0.0,straight,0,0.0025,625,30,627.5,21.9707,13.527,0.0566042,0.0700708,-2.12207e-12
grid_turn0.0025_speed0.0,straight,0,0.0025,650,30,652.533,23.3365,14.423,0.0581471,0.0711781,-2.26022e-12
grid_turn0.0025_speed0.0,straight,0,0.0025,675,30,677.633,24.6053,15.3691,0.0583744,0.0690157,-2.39705e-12
grid_turn0.0025_speed0.0,straight,0,0.0025,700,30,702.7,25.7804,16.3289,0.0570945,0.0702688,-2.52027e-12
grid_turn0.0025_speed0.0,straight,0,0.0025,725,30,727.733,26.9865,17.3289,0.0589322,0.0717612,-2.66015e-12
grid_turn0.0025_speed0.0,straight,0,0.0025,750,30,752.8,28.1606,18.3139,0.0589814,0.0726473,-2.8108e-12
grid_turn0.0025_speed0.0,straight,0,0.0025,775,30,777.867,29.3071,19.3622,0.0621527,0.076118,-2.96364e-12
grid_turn0.0025_speed0.0,straight,0,0.0025,800,30,802.867,30.4957,20.4082,0.0625069,0.077434,-3.11648e-12
grid_turn0.0025_speed0.0,straight,0,0.0025,825,30,827.867,31.7441,21.4249,0.0640585,0.0787117,-3.27092e-12
grid_turn0.0025_speed0.0,straight,0,0.0025,850,30,852.9,33.052,22.3447,0.0647244,0.0784534,-3.43783e-12
grid_turn0.0025_speed0.0,straight,0,0.0025,875,30,877.9,34.3872,23.2633,0.0656506,0.080197,-3.61412e-12
grid_turn0.0025_speed0.0,straight,0,0.0025,900,30,902.967,35.7401,24.1634,0.064819,0.0808697,-3.7984e-12
grid_turn0.0025_speed0.0,straight,0,0.0025,925,30,927.967,37.1369,25.1063,0.0655074,0.0822335,-3.97788e-12
grid_turn0.0025_speed0.0,straight,0,0.0025,950,30,953,38.4675,26.0926,0.0681478,0.082538,-4.15737e-12
grid_turn0.0025_speed0.0,straight,0,0.0025,975,30,978.067,39.839,27.1116,0.0669594,0.0834985,-4.37099e-12
grid_turn0.0025_speed0.0,straight,0,0.0025,1000,30,1003.13,41.2073,28.1611,0.0680717,0.0835813,-4.60925e-12
grid_turn0.0025_speed0.0,straight,0,0.0025,1025,30,1028.13,42.6489,29.1858,0.0688968,0.0841722,-4.84831e-12
grid_turn0.0025_speed0.0,straight,0,0.0025,1050,30,1053.13,44.0574,30.2952,0.0697731,0.0853988,-5.09699e-12
grid_turn0.0025_speed0.0,straight,0,0.0025,1075,30,1078.13,45.4917,31.5195,0.0722749,0.0898197,-5.33972e-12
grid_turn0.0025_speed0.0,straight,0,0.0025,1100,30,1103.17,46.8811,32.8088,0.072548,0.0892408,-5.53029e-12
grid_turn0.0025_speed0.0,straight,0,0.0025,1125,30,1128.2,48.2025,34.1548,0.072034,0.0883787,-5.6761e-12
grid_turn0.0025_speed0.0,straight,0,0.0025,1150,30,1153.3,49.4496,35.5461,0.0737628,0.0894955,-5.79207e-12
grid_turn0.0025_speed0.0,straight,0,0.0025,1175,30,1178.4,50.6573,36.9977,0.076005,0.0918364,-5.88053e-12
grid_turn0.0025_speed0.0,straight,0,0.0025,1200,30,1203.4,51.869,38.4635,0.07401,0.0923779,-5.94991e-12
grid_turn0.0025_speed0.0,straight,0,0.0025,1225,30,1228.47,53.1509,39.8992,0.0738408,0.0911288,-6.0193e-12
grid_turn0.0025_speed0.0,straight,0,0.0025,1250,30,1253.47,54.5279,41.174,0.0716085,0.0912232,-6.08042e-12
grid_turn0.0025_speed0.0,straight,0,0.0025,1275,30,1278.53,55.9009,42.4352,0.0718506,0.0937947,-6.13052e-12
grid_turn0.0025_speed0.0,straight,0,0.0025,1300,30,1303.57,57.2128,43.714,0.0715038,0.0935234,-6.15618e-12
grid_turn0.0025_speed0.0,straight,0,0.0025,1325,30,1328.63,58.4941,44.9629,0.0701208,0.0920211,-6.17931e-12
grid_turn0.0025_speed0.0,straight,0,0.0025,1350,30,1353.7,59.7465,46.1981,0.0693935,0.0900814,-6.20244e-12
grid_turn0.0025_speed0.0,straight,0,0.0025,1375,30,1378.73,60.9878,47.5002,0.0707257,0.0917637,-6.22557e-12
grid_turn0.0025_speed0.0,straight,0,0.0025,1400,30,1403.73,62.2066,48.943,0.073698,0.0965516,-6.2487e-12
grid_turn0.0025_speed0.0,straight,0,0.0025,1425,30,1428.8,63.4371,50.4371,0.0742992,0.09616,-6.25338e-12
grid_turn0.0025_speed0.0,straight,0,0.0025,1450,30,1453.83,64.6431,51.921,0.0748418,0.0947819,-6.25338e-12
grid_turn0.0025_speed0.0,straight,0,0.0025,1475,30,1478.87,65.8938,53.221,0.0747551,0.0946993,-6.25338e-12
grid_turn0.0025_speed0.0,straight,0,0.0025,1500,30,1503.93,67.3217,54.2986,0.0747042,0.0942936,-6.25338e-12
grid_turn0.0025_speed0.0,straight,0,0.0025,1525,30,1528.93,68.7967,55.274,0.0764782,0.0951969,-6.25338e-12
grid_turn0.0025_speed0.0,straight,0,0.0025,1550,30,1553.97,70.3347,56.2205,0.075043,0.0943656,-6.25338e-12
grid_turn0.0025_speed0.0,straight,0,0.0025,1575,30,1579,71.8571,57.1206,0.0757855,0.0927494,-6.25338e-12
grid_turn0.0025_speed0.0,straight,0,0.0025,1600,30,1604.03,73.3686,58.0011,0.0759698,0.0939013,-6.25338e-12
grid_turn0.0025_speed0.0,straight,0,0.0025,1625,30,1629.07,74.8478,59.004,0.0779021,0.0959554,-6.25338e-12
grid_turn0.0025_speed0.0,straight,0,0.0025,1650,30,1654.13,76.351,60.018,0.0779242,0.095451,-6.25338e-12
grid_turn0.0025_speed0.0,straight,0,0.0025,1675,30,1679.13,77.9353,61.024,0.0829702,0.101409,-6.25338e-12
grid_turn0.0025_speed0.0,straight,0,0.0025,1700,30,1704.17,79.6116,62.049,0.0822981,0.101954,-6.29878e-12
grid_turn0.0025_speed0.0,straight,0,0.0025,1725,30,1729.23,81.289,63.0965,0.0807168,0.101467,-6.37446e-12
grid_turn0.0025_speed0.0,straight,0,0.0025,1750,30,1754.23,82.954,64.1462,0.0812078,0.101025,-6.45014e-12
grid_turn0.0025_speed0.0,straight,0,0.0025,1775,30,1779.23,84.5289,65.2108,0.0797059,0.0975592,-6.52582e-12
grid_turn0.0025_speed0.0,straight,0,0.0025,1800,30,1804.27,86.1075,66.3355,0.0809317,0.0996755,-6.6015e-12
grid_turn0.0025_speed0.0,straight,0,0.0025,1825,30,1829.3,87.7246,67.4887,0.0826894,0.100898,-6.73167e-12
grid_turn0.0025_speed0.0,straight,0,0.0025,1850,30,1854.33,89.4057,68.6319,0.0860547,0.10292,-6.9481e-12
grid_turn0.0025_speed0.0,straight,0,0.0025,1875,30,1879.37,91.1033,69.8979,0.0878957,0.108036,-7.15886e-12
grid_turn0.0025_speed0.0,straight,0,0.0025,1900,30,1904.37,92.8514,71.1692,0.086796,0.108,-7.36962e-12
grid_turn0.0025_speed0.0,straight,0,0.0025,1925,30,1929.4,94.5805,72.3943,0.085007,0.108196,-7.58037e-12
grid_turn0.0025_speed0.0,straight,0,0.0025,1950,30,1954.43,96.2138,73.6935,0.0816624,0.105344,-7.86076e-12
grid_turn0.0025_speed0.0,straight,0,0.0025,1975,30,1979.5,97.8709,75.0948,0.083735,0.107667,-8.14719e-12
grid_turn0.0025_speed0.0,straight,0,0.0025,2000,30,2004.53,99.5379,76.499,0.0833936,0.106304,-8.40639e-12
grid_turn0.0025_speed0.05,straight,0.05,0.0025,25,30,26,0.519331,0.12986,0.00967,0.013154,-0.479466
grid_turn0.0025_speed0.05,straight,0.05,0.0025,50,30,51.0667,1.10169,0.2513,0.015538,0.0185445,-0.981878
grid_turn0.0025_speed0.05,straight,0.05,0.0025,75,30,76.1667,1.76886,0.408514,0.0181279,0.0222934,-1.50341
grid_turn0.0025_speed0.05,straight,0.05,0.0025,100,30,101.233,2.45365,0.570738,0.0224605,0.0271126,-1.99979
grid_turn0.0025_speed0.05,straight,0.05,0.0025,125,30,126.4,3.20879,0.79395,0.0268504,0.0325879,-2.50385
grid_turn0.0025_speed0.05,straight,0.05,0.0025,150,30,151.5,4.02279,1.09925,0.0276496,0.0333562,-3.01861
grid_turn0.0025_speed0.05,straight,0.05,0.0025,175,30,176.5,4.85354,1.44156,0.0334264,0.0399969,-3.49208
grid_turn0.0025_speed0.05,straight,0.05,0.0025,200,30,201.533,5.79309,1.80803,0.03575,0.041801,-3.9767
grid_turn0.0025_speed0.05,straight,0.05,0.0025,225,30,226.567,6.7503,2.21013,0.0365616,0.0431276,-4.44436
grid_turn0.0025_speed0.05,straight,0.05,0.0025,250,30,251.633,7.73032,2.61954,0.0343307,0.0424003,-4.95407
grid_turn0.0025_speed0.05,straight,0.05,0.0025,275,30,276.7,8.66243,3.01607,0.0332244,0.0419895,-5.41514
grid_turn0.0025_speed0.05,straight,0.05,0.0025,300,30,301.833,9.65993,3.4495,0.0353949,0.0449261,-5.92665
grid_turn0.0025_speed0.05,straight,0.05,0.0025,325,30,326.833,10.6413,3.88653,0.0343505,0.0440257,-6.4005
grid_turn0.0025_speed0.05,straight,0.05,0.0025,350,30,351.867,11.5356,4.36054,0.0340046,0.0451311,-6.84232
grid_turn0.0025_speed0.05,straight,0.05,0.0025,375,30,376.933,12.473,4.85414,0.0382935,0.049749,-7.30135
grid_turn0.0025_speed0.05,straight,0.05,0.0025,400,30,401.967,13.4731,5.41693,0.0420457,0.0526975,-7.79531
grid_turn0.0025_speed0.05,straight,0.05,0.0025,425,30,426.967,14.5159,5.9491,0.0436656,0.0519287,-8.26732
grid_turn0.0025_speed0.05,straight,0.05,0.0025,450,30,452.033,15.5834,6.46757,0.0452683,0.0543405,-8.7444
grid_turn0.0025_speed0.05,straight,0.05,0.0025,475,30,477.067,16.6667,6.9641,0.0503311,0.0581315,-9.229
grid_turn0.0025_speed0.05,straight,0.05,0.0025,500,30,502.067,17.7692,7.44799,0.0500446,0.0576022,-9.70321
grid_turn0.0025_speed0.05,straight,0.05,0.0025,525,30,527.133,18.9105,7.98271,0.0520484,0.0595887,-10.2329
grid_turn0.0025_speed0.05,straight,0.05,0.0025,550,30,552.2,20.0305,8.6146,0.0547255,0.0638175,-10.7038
grid_turn0.0025_speed0.05,straight,0.05,0.0025,575,30,577.233,21.1654,9.2416,0.057277,0.0643264,-11.1847
grid_turn0.0025_speed0.05,straight,0.05,0.0025,600,30,602.367,22.3178,9.89799,0.0530558,0.0647392,-11.7155
grid_turn0.0025_speed0.05,straight,0.05,0.0025,625,30,627.5,23.4422,10.5353,0.0551317,0.0666057,-12.1631
grid_turn0.0025_speed0.05,straight,0.05,0.0025,650,30,652.533,24.6044,11.1163,0.053251,0.0650241,-12.6633
grid_turn0.0025_speed0.05,straight,0.05,0.0025,675,30,677.633,25.788,11.686,0.0536875,0.0679921,-13.1759
grid_turn0.0025_speed0.05,straight,0.05,0.0025,700,30,702.7,26.9492,12.2562,0.0564951,0.0681268,-13.6539
grid_turn0.0025_speed0.05,straight,0.05,0.0025,725,30,727.733,28.119,12.8212,0.0563825,0.0681367,-14.1375
grid_turn0.0025_speed0.05,straight,0.05,0.0025,750,30,752.8,29.3058,13.2907,0.05381,0.0651232,-14.6513
grid_turn0.0025_speed0.05,straight,0.05,0.0025,775,30,777.867,30.4731,13.7431,0.0552295,0.0657717,-15.144
grid_turn0.0025_speed0.05,straight,0.05,0.0025,800,30,802.867,31.7265,14.1564,0.0548431,0.0657679,-15.6616
grid_turn0.0025_speed0.05,straight,0.05,0.0025,825,30,827.867,32.9983,14.5218,0.0561663,0.0656606,-16.1856
grid_turn0.0025_speed0.05,straight,0.05,0.0025,850,30,852.9,34.334,14.8827,0.0613518,0.0708502,-16.7149
grid_turn0.0025_speed0.05,straight,0.05,0.0025,875,30,877.9,35.6466,15.291,0.0616185,0.0709815,-17.2207
grid_turn0.0025_speed0.05,straight,0.05,0.0025,900,30,902.967,36.9517,15.7253,0.0631348,0.072332,-17.7458
grid_turn0.0025_speed0.05,straight,0.05,0.0025,925,30,927.967,38.3287,16.2126,0.0620744,0.0712645,-18.2203
grid_turn0.0025_speed0.05,straight,0.05,0.0025,950,30,953,39.7303,16.7709,0.0631985,0.0727813,-18.7146
grid_turn0.0025_speed0.05,straight,0.05,0.0025,975,30,978.067,41.133,17.3639,0.0652299,0.0742939,-19.2026
grid_turn0.0025_speed0.05,straight,0.05,0.0025,1000,30,1003.13,42.5972,17.9642,0.0691617,0.0774589,-19.6915
grid_turn0.0025_speed0.05,straight,0.05,0.0025,1025,30,1028.13,44.0731,18.6046,0.0704405,0.0778356,-20.1672
grid_turn0.0025_speed0.05,straight,0.05,0.0025,1050,30,1053.13,45.6247,19.2728,0.0705329,0.0788919,-20.6858
grid_turn0.0025_speed0.05,straight,0.05,0.0025,1075,30,1078.13,47.1617,19.9514,0.0703318,0.0808562,-21.1821
grid_turn0.0025_speed0.05,straight,0.05,0.0025,1100,30,1103.17,48.6641,20.5861,0.0730219,0.0818296,-21.6879
grid_turn0.0025_speed0.05,straight,0.05,0.0025,1125,30,1128.2,50.2072,21.215,0.0697292,0.0788994,-22.1879
grid_turn0.0025_speed0.05,straight,0.05,0.0025,1150,30,1153.3,51.754,21.8233,0.0711329,0.0808121,-22.7298
grid_turn0.0025_speed0.05,straight,0.05,0.0025,1175,30,1178.4,53.2456,22.4343,0.0698422,0.0812838,-23.2264
grid_turn0.0025_speed0.05,straight,0.05,0.0025,1200,30,1203.4,54.7838,23.0913,0.0710541,0.0832238,-23.7359
grid_turn0.0025_speed0.05,straight,0.05,0.0025,1225,30,1228.47,56.2923,23.8476,0.0702529,0.0832631,-24.2136
grid_turn0.0025_speed0.05,straight,0.05,0.0025,1250,30,1253.47,57.7456,24.6439,0.067184,0.0802532,-24.6741
grid_turn0.0025_speed0.05,straight,0.05,0.0025,1275,30,1278.53,59.1771,25.3969,0.06744,0.0805406,-25.1736
grid_turn0.0025_speed0.05,straight,0.05,0.0025,1300,30,1303.57,60.5572,26.1658,0.0639723,0.0777571,-25.6721
grid_turn0.0025_speed0.05,straight,0.05,0.0025,1325,30,1328.63,61.883,26.9989,0.0608255,0.0725936,-26.1268
grid_turn0.0025_speed0.05,straight,0.05,0.0025,1350,30,1353.7,63.1513,27.8658,0.063333,0.0749485,-26.6073
grid_turn0.0025_speed0.05,straight,0.05,0.0025,1375,30,1378.73,64.4719,28.6948,0.0612512,0.0727474,-27.1008
grid_turn0.0025_speed0.05,straight,0.05,0.0025,1400,30,1403.73,65.8023,29.5192,0.0610649,0.0744246,-27.5569
grid_turn0.0025_speed0.05,straight,0.05,0.0025,1425,30,1428.8,67.1318,30.3153,0.0600589,0.0729789,-28.056
grid_turn0.0025_speed0.05,straight,0.05,0.0025,1450,30,1453.83,68.4812,31.1234,0.0610037,0.0760508,-28.5734
grid_turn0.0025_speed0.05,straight,0.05,0.0025,1475,30,1478.87,69.9032,31.9742,0.0637367,0.0794417,-29.0767
grid_turn0.0025_speed0.05,straight,0.05,0.0025,1500,30,1503.93,71.2838,32.8426,0.063021,0.0779184,-29.564
grid_turn0.0025_speed0.05,straight,0.05,0.0025,1525,30,1528.93,72.6842,33.714,0.0649161,0.0809957,-30.0558
grid_turn0.0025_speed0.05,straight,0.05,0.0025,1550,30,1553.97,74.1569,34.6018,0.0704544,0.084829,-30.5639
grid_turn0.0025_speed0.05,straight,0.05,0.0025,1575,30,1579,75.6596,35.534,0.0721182,0.0859786,-31.0504
grid_turn0.0025_speed0.05,straight,0.05,0.0025,1600,30,1604.03,77.1429,36.4175,0.0720021,0.0843664,-31.5158
grid_turn0.0025_speed0.05,straight,0.05,0.0025,1625,30,1629.07,78.6536,37.3126,0.0748534,0.0859702,-32.0226
grid_turn0.0025_speed0.05,straight,0.05,0.0025,1650,30,1654.13,80.2104,38.1987,0.0738658,0.0862783,-32.5494
grid_turn0.0025_speed0.05,straight,0.05,0.0025,1675,30,1679.13,81.7609,39.1358,0.0740766,0.0858802,-33.0201
grid_turn0.0025_speed0.05,straight,0.05,0.0025,1700,30,1704.17,83.3226,40.0494,0.0732361,0.0839565,-33.522
grid_turn0.0025_speed0.05,straight,0.05,0.0025,1725,30,1729.23,84.7852,40.9036,0.0696565,0.0808076,-33.9987
grid_turn0.0025_speed0.05,straight,0.05,0.0025,1750,30,1754.23,86.2967,41.6815,0.0714006,0.0826525,-34.526
grid_turn0.0025_speed0.05,straight,0.05,0.0025,1775,30,1779.23,87.8378,42.4902,0.0705309,0.0827683,-35.0281
grid_turn0.0025_speed0.05,straight,0.05,0.0025,1800,30,1804.27,89.3118,43.2485,0.0670808,0.0790886,-35.4988
grid_turn0.0025_speed0.05,straight,0.05,0.0025,1825,30,1829.3,90.7918,43.962,0.0646583,0.0790284,-36.0021
grid_turn0.0025_speed0.05,straight,0.05,0.0025,1850,30,1854.33,92.2147,44.7243,0.0639646,0.0786566,-36.4753
grid_turn0.0025_speed0.05,straight,0.05,0.0025,1875,30,1879.37,93.631,45.4261,0.0656495,0.0783687,-37.0232
grid_turn0.0025_speed0.05,straight,0.05,0.0025,1900,30,1904.37,94.9981,46.1378,0.0650761,0.0776741,-37.5066
grid_turn0.0025_speed0.05,straight,0.05,0.0025,1925,30,1929.4,96.3298,46.8556,0.0621733,0.0781574,-37.9619
grid_turn0.0025_speed0.05,straight,0.05,0.0025,1950,30,1954.43,97.6519,47.529,0.0607353,0.0762204,-38.4669
grid_turn0.0025_speed0.05,straight,0.05,0.0025,1975,30,1979.5,98.9503,48.1906,0.0609808,0.0754056,-38.9473
grid_turn0.0025_speed0.05,straight,0.05,0.0025,2000,30,2004.53,100.255,48.8835,0.0625663,0.0774876,-39.4274
grid_turn0.0025_speed0.1,straight,0.1,0.0025,25,30,26,0.980894,0.248573,0.00967,0.013154,-0.958932
grid_turn0.0025_speed0.1,straight,0.1,0.0025,50,30,51.0667,2.03013,0.407596,0.015538,0.0185445,-1.96376
grid_turn0.0025_speed0.1,straight,0.1,0.0025,75,30,76.1667,3.15391,0.524795,0.0181279,0.0222934,-3.00682
grid_turn0.0025_speed0.1,straight,0.1,0.0025,100,30,101.233,4.25828,0.628282,0.0224605,0.0271126,-3.99958
grid_turn0.0025_speed0.1,straight,0.1,0.0025,125,30,126.4,5.41477,0.73571,0.0268504,0.0325879,-5.0077
grid_turn0.0025_speed0.1,straight,0.1,0.0025,150,30,151.5,6.61965,0.91282,0.0276496,0.0333562,-6.03722
grid_turn0.0025_speed0.1,straight,0.1,0.0025,175,30,176.5,7.78798,1.15875,0.0334264,0.0399969,-6.98415
grid_turn0.0025_speed0.1,straight,0.1,0.0025,200,30,201.533,9.04932,1.41137,0.03575,0.041801,-7.95341
grid_turn0.0025_speed0.1,straight,0.1,0.0025,225,30,226.567,10.3074,1.65519,0.0365616,0.0431276,-8.88872
grid_turn0.0025_speed0.1,straight,0.1,0.0025,250,30,251.633,11.634,1.96172,0.0343307,0.0424003,-9.90814
grid_turn0.0025_speed0.1,straight,0.1,0.0025,275,30,276.7,12.8706,2.23243,0.0332244,0.0419895,-10.8303
grid_turn0.0025_speed0.1,straight,0.1,0.0025,300,30,301.833,14.2219,2.56589,0.0353949,0.0449261,-11.8533
grid_turn0.0025_speed0.1,straight,0.1,0.0025,325,30,326.833,15.5226,2.85046,0.0343505,0.0440257,-12.801
grid_turn0.0025_speed0.1,straight,0.1,0.0025,350,30,351.867,16.7145,3.19859,0.0340046,0.0451311,-13.6846
grid_turn0.0025_speed0.1,straight,0.1,0.0025,375,30,376.933,17.949,3.56724,0.0382935,0.049749,-14.6027
grid_turn0.0025_speed0.1,straight,0.1,0.0025,400,30,401.967,19.2776,4.02197,0.0420457,0.0526975,-15.5906
grid_turn0.0025_speed0.1,straight,0.1,0.0025,425,30,426.967,20.6252,4.37945,0.0436656,0.0519287,-16.5346
grid_turn0.0025_speed0.1,straight,0.1,0.0025,450,30,452.033,21.9958,4.76058,0.0452683,0.0543405,-17.4888
grid_turn0.0025_speed0.1,straight,0.1,0.0025,475,30,477.067,23.3937,5.11053,0.0503311,0.0581315,-18.458
grid_turn0.0025_speed0.1,straight,0.1,0.0025,500,30,502.067,24.7964,5.42209,0.0500446,0.0576022,-19.4064
grid_turn0.0025_speed0.1,straight,0.1,0.0025,525,30,527.133,26.281,5.83744,0.0520484,0.0595887,-20.4657
grid_turn0.0025_speed0.1,straight,0.1,0.0025,550,30,552.2,27.6827,6.3398,0.0547255,0.0638175,-21.4076
grid_turn0.0025_speed0.1,straight,0.1,0.0025,575,30,577.233,29.1131,6.81414,0.057277,0.0643264,-22.3694
grid_turn0.0025_speed0.1,straight,0.1,0.0025,600,30,602.367,30.6118,7.34033,0.0530558,0.0647392,-23.431
grid_turn0.0025_speed0.1,straight,0.1,0.0025,625,30,627.5,31.9828,7.88273,0.0551317,0.0666057,-24.3262
grid_turn0.0025_speed0.1,straight,0.1,0.0025,650,30,652.533,33.4341,8.38246,0.053251,0.0650241,-25.3266
grid_turn0.0025_speed0.1,straight,0.1,0.0025,675,30,677.633,34.9178,8.86223,0.0536875,0.0679921,-26.3519
grid_turn0.0025_speed0.1,straight,0.1,0.0025,700,30,702.7,36.3501,9.35771,0.0564951,0.0681268,-27.3078
grid_turn0.0025_speed0.1,straight,0.1,0.0025,725,30,727.733,37.7863,9.85734,0.0563825,0.0681367,-28.275
grid_turn0.0025_speed0.1,straight,0.1,0.0025,750,30,752.8,39.2345,10.2822,0.05381,0.0651232,-29.3026
grid_turn0.0025_speed0.1,straight,0.1,0.0025,775,30,777.867,40.659,10.6644,0.0552295,0.0657717,-30.2879
grid_turn0.0025_speed0.1,straight,0.1,0.0025,800,30,802.867,42.1767,11.0335,0.0548431,0.0657679,-31.3232
grid_turn0.0025_speed0.1,straight,0.1,0.0025,825,30,827.867,43.7375,11.3036,0.0561663,0.0656606,-32.3712
grid_turn0.0025_speed0.1,straight,0.1,0.0025,850,30,852.9,45.3532,11.562,0.0613518,0.0708502,-33.4299
grid_turn0.0025_speed0.1,straight,0.1,0.0025,875,30,877.9,46.9226,11.8737,0.0616185,0.0709815,-34.4415
grid_turn0.0025_speed0.1,straight,0.1,0.0025,900,30,902.967,48.5036,12.1893,0.0631348,0.072332,-35.4915
grid_turn0.0025_speed0.1,straight,0.1,0.0025,925,30,927.967,50.1139,12.5235,0.0620744,0.0712645,-36.4406
grid_turn0.0025_speed0.1,straight,0.1,0.0025,950,30,953,51.7722,12.9612,0.0631985,0.0727813,-37.4292
grid_turn0.0025_speed0.1,straight,0.1,0.0025,975,30,978.067,53.4232,13.3974,0.0652299,0.0742939,-38.4051
grid_turn0.0025_speed0.1,straight,0.1,0.0025,1000,30,1003.13,55.1259,13.815,0.0691617,0.0774589,-39.3829
grid_turn0.0025_speed0.1,straight,0.1,0.0025,1025,30,1028.13,56.8165,14.2658,0.0704405,0.0778356,-40.3344
grid_turn0.0025_speed0.1,straight,0.1,0.0025,1050,30,1053.13,58.6399,14.7534,0.0705329,0.0788919,-41.3716
grid_turn0.0025_speed0.1,straight,0.1,0.0025,1075,30,1078.13,60.4107,15.2439,0.0703318,0.0808562,-42.3641
grid_turn0.0025_speed0.1,straight,0.1,0.0025,1100,30,1103.17,62.1749,15.6876,0.0730219,0.0818296,-43.3758
grid_turn0.0025_speed0.1,straight,0.1,0.0025,1125,30,1128.2,63.9563,16.1307,0.0697292,0.0788994,-44.3758
grid_turn0.0025_speed0.1,straight,0.1,0.0025,1150,30,1153.3,65.7555,16.5852,0.0711329,0.0808121,-45.4595
grid_turn0.0025_speed0.1,straight,0.1,0.0025,1175,30,1178.4,67.4654,17.0558,0.0698422,0.0812838,-46.4528
grid_turn0.0025_speed0.1,straight,0.1,0.0025,1200,30,1203.4,69.2221,17.5751,0.0710541,0.0832238,-47.4718
grid_turn0.0025_speed0.1,straight,0.1,0.0025,1225,30,1228.47,70.9331,18.1999,0.0702529,0.0832631,-48.4272
grid_turn0.0025_speed0.1,straight,0.1,0.0025,1250,30,1253.47,72.5815,18.8806,0.067184,0.0802532,-49.3482
grid_turn0.0025_speed0.1,straight,0.1,0.0025,1275,30,1278.53,74.2635,19.4837,0.06744,0.0805406,-50.3472
grid_turn0.0025_speed0.1,straight,0.1,0.0025,1300,30,1303.57,75.9009,20.1435,0.0639723,0.0777571,-51.3443
grid_turn0.0025_speed0.1,straight,0.1,0.0025,1325,30,1328.63,77.4639,20.9097,0.0608255,0.0725936,-52.2535
grid_turn0.0025_speed0.1,straight,0.1,0.0025,1350,30,1353.7,78.9835,21.7158,0.063333,0.0749485,-53.2146
grid_turn0.0025_speed0.1,straight,0.1,0.0025,1375,30,1378.73,80.5846,22.4135,0.0612512,0.0727474,-54.2015
grid_turn0.0025_speed0.1,straight,0.1,0.0025,1400,30,1403.73,82.1578,23.1406,0.0610649,0.0744246,-55.1137
grid_turn0.0025_speed0.1,straight,0.1,0.0025,1425,30,1428.8,83.7659,23.8582,0.0600589,0.0729789,-56.1121
grid_turn0.0025_speed0.1,straight,0.1,0.0025,1450,30,1453.83,85.4062,24.5944,0.0610037,0.0760508,-57.1468
grid_turn0.0025_speed0.1,straight,0.1,0.0025,1475,30,1478.87,87.1042,25.353,0.0637367,0.0794417,-58.1535
grid_turn0.0025_speed0.1,straight,0.1,0.0025,1500,30,1503.93,88.7424,26.1165,0.063021,0.0779184,-59.128
grid_turn0.0025_speed0.1,straight,0.1,0.0025,1525,30,1528.93,90.3989,26.9218,0.0649161,0.0809957,-60.1115
grid_turn0.0025_speed0.1,straight,0.1,0.0025,1550,30,1553.97,92.1445,27.7122,0.0704544,0.084829,-61.1277
grid_turn0.0025_speed0.1,straight,0.1,0.0025,1575,30,1579,93.8927,28.5762,0.0721182,0.0859786,-62.1007
grid_turn0.0025_speed0.1,straight,0.1,0.0025,1600,30,1604.03,95.5964,29.3982,0.0720021,0.0843664,-63.0316
grid_turn0.0025_speed0.1,straight,0.1,0.0025,1625,30,1629.07,97.3852,30.2187,0.0748534,0.0859702,-64.0453
grid_turn0.0025_speed0.1,straight,0.1,0.0025,1650,30,1654.13,99.2144,31.0301,0.0738658,0.0862783,-65.0988
grid_turn0.0025_speed0.1,straight,0.1,0.0025,1675,30,1679.13,100.967,31.9127,0.0740766,0.0858802,-66.0403
grid_turn0.0025_speed0.1,straight,0.1,0.0025,1700,30,1704.17,102.774,32.725,0.0732361,0.0839565,-67.0441
grid_turn0.0025_speed0.1,straight,0.1,0.0025,1725,30,1729.23,104.447,33.5377,0.0696565,0.0808076,-67.9975
grid_turn0.0025_speed0.1,straight,0.1,0.0025,1750,30,1754.23,106.212,34.2636,0.0714006,0.0826525,-69.0521
grid_turn0.0025_speed0.1,straight,0.1,0.0025,1775,30,1779.23,107.978,35.0161,0.0705309,0.0827683,-70.0561
grid_turn0.0025_speed0.1,straight,0.1,0.0025,1800,30,1804.27,109.662,35.7113,0.0670808,0.0790886,-70.9977
grid_turn0.0025_speed0.1,straight,0.1,0.0025,1825,30,1829.3,111.392,36.3558,0.0646583,0.0790284,-72.0043
grid_turn0.0025_speed0.1,straight,0.1,0.0025,1850,30,1854.33,113.045,37.0659,0.0639646,0.0786566,-72.9505
grid_turn0.0025_speed0.1,straight,0.1,0.0025,1875,30,1879.37,114.742,37.7099,0.0656495,0.0783687,-74.0464
grid_turn0.0025_speed0.1,straight,0.1,0.0025,1900,30,1904.37,116.363,38.3413,0.0650761,0.0776741,-75.0131
grid_turn0.0025_speed0.1,straight,0.1,0.0025,1925,30,1929.4,117.913,39.0073,0.0621733,0.0781574,-75.9238
grid_turn0.0025_speed0.1,straight,0.1,0.0025,1950,30,1954.43,119.497,39.5939,0.0607353,0.0762204,-76.9339
grid_turn0.0025_speed0.1,straight,0.1,0.0025,1975,30,1979.5,121.044,40.1844,0.0609808,0.0754056,-77.8946
grid_turn0.0025_speed0.1,straight,0.1,0.0025,2000,30,2004.53,122.609,40.7894,0.0625663,0.0774876,-78.8548
grid_turn0.005_speed0.0,straight,0,0.005,25,30,26,0.300389,0.213123,0.0204473,0.0258148,0
grid_turn0.005_speed0.0,straight,0,0.005,50,30,51.0667,0.828369,0.705658,0.0267798,0.0356911,-4.73695e-16
grid_turn0.005_speed0.0,straight,0,0.005,75,30,76.1667,1.41109,1.30006,0.0325558,0.0408288,-1.02141e-15
grid_turn0.005_speed0.0,straight,0,0.005,100,30,101.233,2.22443,1.91071,0.0405287,0.0500935,-1.02141e-15
grid_turn0.005_speed0.0,straight,0,0.005,125,30,126.4,3.20759,2.59726,0.0456603,0.0561593,-1.02141e-15
grid_turn0.005_speed0.0,straight,0,0.005,150,30,151.5,4.30123,3.44303,0.0527009,0.0650559,-4.73547e-14
grid_turn0.005_speed0.0,straight,0,0.005,175,30,176.5,5.57819,4.21652,0.0571784,0.0679407,-1.02851e-13
grid_turn0.005_speed0.0,straight,0,0.005,200,30,201.533,6.99114,5.07326,0.0622195,0.0756878,-1.54898e-13
grid_turn0.005_speed0.0,straight,0,0.005,225,30,226.567,8.41333,5.94075,0.0670929,0.0809494,-2.03075e-13
grid_turn0.005_speed0.0,straight,0,0.005,250,30,251.633,10.0535,6.92501,0.0688318,0.0836982,-2.50977e-13
grid_turn0.005_speed0.0,straight,0,0.005,275,30,276.7,11.7952,7.94513,0.0775496,0.0925225,-3.16162e-13
grid_turn0.005_speed0.0,straight,0,0.005,300,30,301.833,13.4728,8.99961,0.070953,0.0852826,-4.21744e-13
grid_turn0.005_speed0.0,straight,0,0.005,325,30,326.833,15.0949,10.152,0.0802908,0.099715,-5.38517e-13
grid_turn0.005_speed0.0,straight,0,0.005,350,30,351.867,17.0509,11.356,0.0883142,0.111533,-6.55387e-13
grid_turn0.005_speed0.0,straight,0,0.005,375,30,376.933,19.1983,12.5914,0.093171,0.111012,-7.91471e-13
grid_turn0.005_speed0.0,straight,0,0.005,400,30,401.967,21.3884,13.8496,0.0963588,0.116753,-9.35541e-13
grid_turn0.005_speed0.0,straight,0,0.005,425,30,426.967,23.7899,15.0058,0.102442,0.121287,-1.07952e-12
grid_turn0.005_speed0.0,straight,0,0.005,450,30,452.033,26.2897,16.2567,0.111166,0.128279,-1.23244e-12
grid_turn0.005_speed0.0,straight,0,0.005,475,30,477.067,28.8148,17.6138,0.11518,0.132934,-1.3856e-12
grid_turn0.005_speed0.0,straight,0,0.005,500,30,502.067,31.3058,19.0242,0.110226,0.128252,-1.53141e-12
grid_turn0.005_speed0.0,straight,0,0.005,525,30,527.133,33.6617,20.4818,0.108376,0.127956,-1.6838e-12
grid_turn0.005_speed0.0,straight,0,0.005,550,30,552.2,35.9912,21.9716,0.104584,0.126283,-1.78261e-12
grid_turn0.005_speed0.0,straight,0,0.005,575,30,577.233,38.4964,23.5536,0.107361,0.13323,-1.87609e-12
grid_turn0.005_speed0.0,straight,0,0.005,600,30,602.367,41.1653,25.2124,0.117246,0.143742,-1.9956e-12
grid_turn0.005_speed0.0,straight,0,0.005,625,30,627.5,43.9128,27.0281,0.113208,0.140142,-2.12207e-12
grid_turn0.005_speed0.0,straight,0,0.005,650,30,652.533,46.6425,28.8149,0.116294,0.142356,-2.26022e-12
grid_turn0.005_speed0.0,straight,0,0.005,675,30,677.633,49.1794,30.6988,0.116749,0.138031,-2.39705e-12
grid_turn0.005_speed0.0,straight,0,0.005,700,30,702.7,51.5312,32.6063,0.114189,0.140538,-2.52027e-12
grid_turn0.005_speed0.0,straight,0,0.005,725,30,727.733,53.9486,34.5913,0.117864,0.143522,-2.66015e-12
grid_turn0.005_speed0.0,straight,0,0.005,750,30,752.8,56.3002,36.5448,0.117963,0.145295,-2.8108e-12
grid_turn0.005_speed0.0,straight,0,0.005,775,30,777.867,58.5927,38.6266,0.124305,0.152236,-2.96364e-12
grid_turn0.005_speed0.0,straight,0,0.005,800,30,802.867,60.9618,40.7155,0.125014,0.154868,-3.11648e-12
grid_turn0.005_speed0.0,straight,0,0.005,825,30,827.867,63.4432,42.7477,0.128117,0.157423,-3.27092e-12
grid_turn0.005_speed0.0,straight,0,0.005,850,30,852.9,66.0541,44.5665,0.129449,0.156907,-3.43783e-12
grid_turn0.005_speed0.0,straight,0,0.005,875,30,877.9,68.7174,46.3905,0.131301,0.160394,-3.61412e-12
grid_turn0.005_speed0.0,straight,0,0.005,900,30,902.967,71.4136,48.1797,0.129638,0.161739,-3.7984e-12
grid_turn0.005_speed0.0,straight,0,0.005,925,30,927.967,74.1975,50.0486,0.131015,0.164467,-3.97788e-12
grid_turn0.005_speed0.0,straight,0,0.005,950,30,953,76.8541,51.9987,0.136296,0.165076,-4.15737e-12
grid_turn0.005_speed0.0,straight,0,0.005,975,30,978.067,79.5834,54.0188,0.133919,0.166997,-4.37099e-12
grid_turn0.005_speed0.0,straight,0,0.005,1000,30,1003.13,82.3046,56.0977,0.136143,0.167163,-4.60925e-12
grid_turn0.005_speed0.0,straight,0,0.005,1025,30,1028.13,85.1735,58.1282,0.137794,0.168344,-4.84831e-12
grid_turn0.005_speed0.0,straight,0,0.005,1050,30,1053.13,87.9802,60.3283,0.139546,0.170798,-5.09699e-12
grid_turn0.005_speed0.0,straight,0,0.005,1075,30,1078.13,90.836,62.7536,0.14455,0.179639,-5.33972e-12
grid_turn0.005_speed0.0,straight,0,0.005,1100,30,1103.17,93.6007,65.3098,0.145096,0.178482,-5.53029e-12
grid_turn0.005_speed0.0,straight,0,0.005,1125,30,1128.2,96.231,67.9787,0.144068,0.176757,-5.6761e-12
grid_turn0.005_speed0.0,straight,0,0.005,1150,30,1153.3,98.7154,70.7427,0.147526,0.178991,-5.79207e-12
grid_turn0.005_speed0.0,straight,0,0.005,1175,30,1178.4,101.122,73.6251,0.15201,0.183673,-5.88053e-12
grid_turn0.005_speed0.0,straight,0,0.005,1200,30,1203.4,103.58,76.481,0.14802,0.184756,-5.94991e-12
grid_turn0.005_speed0.0,straight,0,0.005,1225,30,1228.47,106.201,79.2508,0.147682,0.182258,-6.0193e-12
grid_turn0.005_speed0.0,straight,0,0.005,1250,30,1253.47,108.925,81.8217,0.143217,0.182446,-6.08042e-12
grid_turn0.005_speed0.0,straight,0,0.005,1275,30,1278.53,111.629,84.3704,0.143701,0.187589,-6.13052e-12
grid_turn0.005_speed0.0,straight,0,0.005,1300,30,1303.57,114.232,86.9217,0.143008,0.187047,-6.15618e-12
grid_turn0.005_speed0.0,straight,0,0.005,1325,30,1328.63,116.785,89.4025,0.140242,0.184042,-6.17931e-12
grid_turn0.005_speed0.0,straight,0,0.005,1350,30,1353.7,119.288,91.8451,0.138787,0.180163,-6.20244e-12
grid_turn0.005_speed0.0,straight,0,0.005,1375,30,1378.73,121.777,94.412,0.141451,0.183527,-6.22557e-12
grid_turn0.005_speed0.0,straight,0,0.005,1400,30,1403.73,124.238,97.2267,0.147396,0.193103,-6.2487e-12
grid_turn0.005_speed0.0,straight,0,0.005,1425,30,1428.8,126.756,100.097,0.148598,0.19232,-6.25338e-12
grid_turn0.005_speed0.0,straight,0,0.005,1450,30,1453.83,129.291,102.869,0.149684,0.189564,-6.25338e-12
grid_turn0.005_speed0.0,straight,0,0.005,1475,30,1478.87,131.844,105.363,0.14951,0.189399,-6.25338e-12
grid_turn0.005_speed0.0,straight,0,0.005,1500,30,1503.93,134.594,107.61,0.149408,0.188587,-6.25338e-12
grid_turn0.005_speed0.0,straight,0,0.005,1525,30,1528.93,137.461,109.635,0.152956,0.190394,-6.25338e-12
grid_turn0.005_speed0.0,straight,0,0.005,1550,30,1553.97,140.489,111.559,0.150086,0.188731,-6.25338e-12
grid_turn0.005_speed0.0,straight,0,0.005,1575,30,1579,143.506,113.371,0.151571,0.185499,-6.25338e-12
grid_turn0.005_speed0.0,straight,0,0.005,1600,30,1604.03,146.505,115.138,0.15194,0.187803,-6.25338e-12
grid_turn0.005_speed0.0,straight,0,0.005,1625,30,1629.07,149.436,117.158,0.155804,0.191911,-6.25338e-12
grid_turn0.005_speed0.0,straight,0,0.005,1650,30,1654.13,152.421,119.198,0.155848,0.190902,-6.25338e-12
grid_turn0.005_speed0.0,straight,0,0.005,1675,30,1679.13,155.572,121.219,0.16594,0.202818,-6.25338e-12
grid_turn0.005_speed0.0,straight,0,0.005,1700,30,1704.17,158.903,123.279,0.164596,0.203908,-6.29878e-12
grid_turn0.005_speed0.0,straight,0,0.005,1725,30,1729.23,162.238,125.38,0.161434,0.202935,-6.37446e-12
grid_turn0.005_speed0.0,straight,0,0.005,1750,30,1754.23,165.547,127.489,0.162416,0.20205,-6.45014e-12
grid_turn0.005_speed0.0,straight,0,0.005,1775,30,1779.23,168.673,129.634,0.159412,0.195118,-6.52582e-12
grid_turn0.005_speed0.0,straight,0,0.005,1800,30,1804.27,171.81,131.887,0.161863,0.199351,-6.6015e-12
grid_turn0.005_speed0.0,straight,0,0.005,1825,30,1829.3,175.031,134.184,0.165379,0.201795,-6.73167e-12
grid_turn0.005_speed0.0,straight,0,0.005,1850,30,1854.33,178.383,136.456,0.172109,0.205841,-6.9481e-12
grid_turn0.005_speed0.0,straight,0,0.005,1875,30,1879.37,181.762,138.971,0.175791,0.216072,-7.15886e-12
grid_turn0.005_speed0.0,straight,0,0.005,1900,30,1904.37,185.238,141.491,0.173592,0.216,-7.36962e-12
grid_turn0.005_speed0.0,straight,0,0.005,1925,30,1929.4,188.692,143.9,0.170014,0.216392,-7.58037e-12
grid_turn0.005_speed0.0,straight,0,0.005,1950,30,1954.43,191.946,146.462,0.163325,0.210688,-7.86076e-12
grid_turn0.005_speed0.0,straight,0,0.005,1975,30,1979.5,195.245,149.227,0.16747,0.215335,-8.14719e-12
grid_turn0.005_speed0.0,straight,0,0.005,2000,30,2004.53,198.57,152.002,0.166787,0.212607,-8.40639e-12
grid_turn0.005_speed0.05,straight,0.05,0.005,25,30,26,0.606961,0.201161,0.01934,0.026308,-0.479466
grid_turn0.005_speed0.05,straight,0.05,0.005,50,30,51.0667,1.35886,0.4978,0.031076,0.037089,-0.981878
grid_turn0.005_speed0.05,straight,0.05,0.005,75,30,76.1667,2.32108,0.926002,0.0362558,0.0445868,-1.50341
grid_turn0.005_speed0.05,straight,0.05,0.005,100,30,101.233,3.34844,1.40675,0.044921,0.0542252,-1.99979
grid_turn0.005_speed0.05,straight,0.05,0.005,125,30,126.4,4.55128,2.01532,0.0537009,0.0651758,-2.50385
grid_turn0.005_speed0.05,straight,0.05,0.005,150,30,151.5,5.891,2.76714,0.0552992,0.0667125,-3.01861
grid_turn0.005_speed0.05,straight,0.05,0.005,175,30,176.5,7.32368,3.55915,0.0668528,0.0799938,-3.49208
grid_turn0.005_speed0.05,straight,0.05,0.005,200,30,201.533,9.00591,4.38841,0.0715001,0.083602,-3.9767
grid_turn0.005_speed0.05,straight,0.05,0.005,225,30,226.567,10.7312,5.31333,0.0731232,0.0862552,-4.44436
grid_turn0.005_speed0.05,straight,0.05,0.005,250,30,251.633,12.4519,6.23587,0.0686613,0.0848006,-4.95407
grid_turn0.005_speed0.05,straight,0.05,0.005,275,30,276.7,14.1082,7.1417,0.0664487,0.0839791,-5.41514
grid_turn0.005_speed0.05,straight,0.05,0.005,300,30,301.833,15.8441,8.11321,0.0707899,0.0898523,-5.92665
grid_turn0.005_speed0.05,straight,0.05,0.005,325,30,326.833,17.5697,9.13012,0.0687011,0.0880513,-6.4005
grid_turn0.005_speed0.05,straight,0.05,0.005,350,30,351.867,19.1396,10.194,0.0680092,0.0902621,-6.84232
grid_turn0.005_speed0.05,straight,0.05,0.005,375,30,376.933,20.8054,11.3016,0.076587,0.0994979,-7.30135
grid_turn0.005_speed0.05,straight,0.05,0.005,400,30,401.967,22.5707,12.5414,0.0840915,0.105395,-7.79531
grid_turn0.005_speed0.05,straight,0.05,0.005,425,30,426.967,24.4356,13.7596,0.0873312,0.103857,-8.26732
grid_turn0.005_speed0.05,straight,0.05,0.005,450,30,452.033,26.3499,14.9341,0.0905366,0.108681,-8.7444
grid_turn0.005_speed0.05,straight,0.05,0.005,475,30,477.067,28.2665,16.0966,0.100662,0.116263,-9.229
grid_turn0.005_speed0.05,straight,0.05,0.005,500,30,502.067,30.2337,17.2574,0.100089,0.115204,-9.70321
grid_turn0.005_speed0.05,straight,0.05,0.005,525,30,527.133,32.2383,18.5067,0.104097,0.119177,-10.2329
grid_turn0.005_speed0.05,straight,0.05,0.005,550,30,552.2,34.2489,19.9551,0.109451,0.127635,-10.7038
grid_turn0.005_speed0.05,straight,0.05,0.005,575,30,577.233,36.2995,21.3694,0.114554,0.128653,-11.1847
grid_turn0.005_speed0.05,straight,0.05,0.005,600,30,602.367,38.3708,22.7864,0.106112,0.129478,-11.7155
grid_turn0.005_speed0.05,straight,0.05,0.005,625,30,627.5,40.4999,24.0965,0.110263,0.133211,-12.1631
grid_turn0.005_speed0.05,straight,0.05,0.005,650,30,652.533,42.6819,25.2752,0.106502,0.130048,-12.6633
grid_turn0.005_speed0.05,straight,0.05,0.005,675,30,677.633,44.8964,26.4366,0.107375,0.135984,-13.1759
grid_turn0.005_speed0.05,straight,0.05,0.005,700,30,702.7,47.094,27.5742,0.11299,0.136254,-13.6539
grid_turn0.005_speed0.05,straight,0.05,0.005,725,30,727.733,49.3119,28.6942,0.112765,0.136273,-14.1375
grid_turn0.005_speed0.05,straight,0.05,0.005,750,30,752.8,51.5715,29.6385,0.10762,0.130246,-14.6513
grid_turn0.005_speed0.05,straight,0.05,0.005,775,30,777.867,53.7786,30.5865,0.110459,0.131543,-15.144
grid_turn0.005_speed0.05,straight,0.05,0.005,800,30,802.867,56.1404,31.4589,0.109686,0.131536,-15.6616
grid_turn0.005_speed0.05,straight,0.05,0.005,825,30,827.867,58.4962,32.2997,0.112333,0.131321,-16.1856
grid_turn0.005_speed0.05,straight,0.05,0.005,850,30,852.9,60.9823,33.1537,0.122704,0.1417,-16.7149
grid_turn0.005_speed0.05,straight,0.05,0.005,875,30,877.9,63.4391,34.0908,0.123237,0.141963,-17.2207
grid_turn0.005_speed0.05,straight,0.05,0.005,900,30,902.967,65.8604,35.1114,0.12627,0.144664,-17.7458
grid_turn0.005_speed0.05,straight,0.05,0.005,925,30,927.967,68.4441,36.2577,0.124149,0.142529,-18.2203
grid_turn0.005_speed0.05,straight,0.05,0.005,950,30,953,71.0538,37.5197,0.126397,0.145563,-18.7146
grid_turn0.005_speed0.05,straight,0.05,0.005,975,30,978.067,73.6774,38.8625,0.13046,0.148588,-19.2026
grid_turn0.005_speed0.05,straight,0.05,0.005,1000,30,1003.13,76.4212,40.2666,0.138323,0.154918,-19.6915
grid_turn0.005_speed0.05,straight,0.05,0.005,1025,30,1028.13,79.201,41.7646,0.140881,0.155671,-20.1672
grid_turn0.005_speed0.05,straight,0.05,0.005,1050,30,1053.13,82.073,43.3155,0.141066,0.157784,-20.6858
grid_turn0.005_speed0.05,straight,0.05,0.005,1075,30,1078.13,84.9563,44.8935,0.140664,0.161712,-21.1821
grid_turn0.005_speed0.05,straight,0.05,0.005,1100,30,1103.17,87.745,46.3857,0.146044,0.163659,-21.6879
grid_turn0.005_speed0.05,straight,0.05,0.005,1125,30,1128.2,90.6541,47.8339,0.139458,0.157799,-22.1879
grid_turn0.005_speed0.05,straight,0.05,0.005,1150,30,1153.3,93.5849,49.1955,0.142266,0.161624,-22.7298
grid_turn0.005_speed0.05,straight,0.05,0.005,1175,30,1178.4,96.4428,50.5307,0.139684,0.162568,-23.2264
grid_turn0.005_speed0.05,straight,0.05,0.005,1200,30,1203.4,99.3913,51.9555,0.142108,0.166448,-23.7359
grid_turn0.005_speed0.05,straight,0.05,0.005,1225,30,1228.47,102.296,53.5537,0.140506,0.166526,-24.2136
grid_turn0.005_speed0.05,straight,0.05,0.005,1250,30,1253.47,105.096,55.2087,0.134368,0.160506,-24.6741
grid_turn0.005_speed0.05,straight,0.05,0.005,1275,30,1278.53,107.811,56.7929,0.13488,0.161081,-25.1736
grid_turn0.005_speed0.05,straight,0.05,0.005,1300,30,1303.57,110.423,58.3748,0.127945,0.155514,-25.6721
grid_turn0.005_speed0.05,straight,0.05,0.005,1325,30,1328.63,112.929,60.042,0.121651,0.145187,-26.1268
grid_turn0.005_speed0.05,straight,0.05,0.005,1350,30,1353.7,115.317,61.7755,0.126666,0.149897,-26.6073
grid_turn0.005_speed0.05,straight,0.05,0.005,1375,30,1378.73,117.76,63.514,0.122502,0.145495,-27.1008
grid_turn0.005_speed0.05,straight,0.05,0.005,1400,30,1403.73,120.257,65.2115,0.12213,0.148849,-27.5569
grid_turn0.005_speed0.05,straight,0.05,0.005,1425,30,1428.8,122.724,66.8495,0.120118,0.145958,-28.056
grid_turn0.005_speed0.05,straight,0.05,0.005,1450,30,1453.83,125.218,68.5123,0.122007,0.152102,-28.5734
grid_turn0.005_speed0.05,straight,0.05,0.005,1475,30,1478.87,127.856,70.2854,0.127473,0.158883,-29.0767
grid_turn0.005_speed0.05,straight,0.05,0.005,1500,30,1503.93,130.441,72.0753,0.126042,0.155837,-29.564
grid_turn0.005_speed0.05,straight,0.05,0.005,1525,30,1528.93,133.074,73.8339,0.129832,0.161991,-30.0558
grid_turn0.005_speed0.05,straight,0.05,0.005,1550,30,1553.97,135.859,75.6037,0.140909,0.169658,-30.5639
grid_turn0.005_speed0.05,straight,0.05,0.005,1575,30,1579,138.745,77.4039,0.144236,0.171957,-31.0504
grid_turn0.005_speed0.05,straight,0.05,0.005,1600,30,1604.03,141.632,79.0633,0.144004,0.168733,-31.5158
grid_turn0.005_speed0.05,straight,0.05,0.005,1625,30,1629.07,144.501,80.8052,0.149707,0.17194,-32.0226
grid_turn0.005_speed0.05,straight,0.05,0.005,1650,30,1654.13,147.448,82.573,0.147732,0.172557,-32.5494
grid_turn0.005_speed0.05,straight,0.05,0.005,1675,30,1679.13,150.446,84.421,0.148153,0.17176,-33.0201
grid_turn0.005_speed0.05,straight,0.05,0.005,1700,30,1704.17,153.417,86.2859,0.146472,0.167913,-33.522
grid_turn0.005_speed0.05,straight,0.05,0.005,1725,30,1729.23,156.231,87.9775,0.139313,0.161615,-33.9987
grid_turn0.005_speed0.05,straight,0.05,0.005,1750,30,1754.23,159.106,89.531,0.142801,0.165305,-34.526
grid_turn0.005_speed0.05,straight,0.05,0.005,1775,30,1779.23,162.055,91.1488,0.141062,0.165537,-35.0281
grid_turn0.005_speed0.05,straight,0.05,0.005,1800,30,1804.27,164.868,92.6944,0.134162,0.158177,-35.4988
grid_turn0.005_speed0.05,straight,0.05,0.005,1825,30,1829.3,167.652,94.166,0.129317,0.158057,-36.0021
grid_turn0.005_speed0.05,straight,0.05,0.005,1850,30,1854.33,170.336,95.7289,0.127929,0.157313,-36.4753
grid_turn0.005_speed0.05,straight,0.05,0.005,1875,30,1879.37,172.977,97.1932,0.131299,0.156737,-37.0232
grid_turn0.005_speed0.05,straight,0.05,0.005,1900,30,1904.37,175.518,98.7044,0.130152,0.155348,-37.5066
grid_turn0.005_speed0.05,straight,0.05,0.005,1925,30,1929.4,178.025,100.206,0.124347,0.156315,-37.9619
grid_turn0.005_speed0.05,straight,0.05,0.005,1950,30,1954.43,180.475,101.654,0.121471,0.152441,-38.4669
grid_turn0.005_speed0.05,straight,0.05,0.005,1975,30,1979.5,182.884,103.07,0.121962,0.150811,-38.9473
grid_turn0.005_speed0.05,straight,0.05,0.005,2000,30,2004.53,185.286,104.577,0.125133,0.154975,-39.4274
grid_turn0.005_speed0.1,straight,0.1,0.005,25,30,26,1.03769,0.258855,0.01934,0.026308,-0.958932
grid_turn0.005_speed0.1,straight,0.1,0.005,50,30,51.0667,2.20127,0.498373,0.031076,0.037089,-1.96376
grid_turn0.005_speed0.1,straight,0.1,0.005,75,30,76.1667,3.53222,0.805644,0.0362558,0.0445868,-3.00682
grid_turn0.005_speed0.1,straight,0.1,0.005,100,30,101.233,4.89919,1.12512,0.044921,0.0542252,-3.99958
grid_turn0.005_speed0.1,straight,0.1,0.005,125,30,126.4,6.40558,1.56339,0.0537009,0.0651758,-5.0077
grid_turn0.005_speed0.1,straight,0.1,0.005,150,30,151.5,8.02773,2.16385,0.0552992,0.0667125,-6.03722
grid_turn0.005_speed0.1,straight,0.1,0.005,175,30,176.5,9.68625,2.83939,0.0668528,0.0799938,-6.98415
grid_turn0.005_speed0.1,straight,0.1,0.005,200,30,201.533,11.5587,3.56284,0.0715001,0.083602,-7.95341
grid_turn0.005_speed0.1,straight,0.1,0.005,225,30,226.567,13.4673,4.35613,0.0731232,0.0862552,-8.88872
grid_turn0.005_speed0.1,straight,0.1,0.005,250,30,251.633,15.4197,5.1637,0.0686613,0.0848006,-9.90814
grid_turn0.005_speed0.1,straight,0.1,0.005,275,30,276.7,17.2773,5.94904,0.0664487,0.0839791,-10.8303
grid_turn0.005_speed0.1,straight,0.1,0.005,300,30,301.833,19.2634,6.80369,0.0707899,0.0898523,-11.8533
grid_turn0.005_speed0.1,straight,0.1,0.005,325,30,326.833,21.2196,7.66839,0.0687011,0.0880513,-12.801
grid_turn0.005_speed0.1,straight,0.1,0.005,350,30,351.867,23.0009,8.60484,0.0680092,0.0902621,-13.6846
grid_turn0.005_speed0.1,straight,0.1,0.005,375,30,376.933,24.8689,9.58119,0.076587,0.0994979,-14.6027
grid_turn0.005_speed0.1,straight,0.1,0.005,400,30,401.967,26.8675,10.6905,0.0840915,0.105395,-15.5906
grid_turn0.005_speed0.1,straight,0.1,0.005,425,30,426.967,28.9522,11.7388,0.0873312,0.103857,-16.5346
grid_turn0.005_speed0.1,straight,0.1,0.005,450,30,452.033,31.0864,12.7551,0.0905366,0.108681,-17.4888
grid_turn0.005_speed0.1,straight,0.1,0.005,475,30,477.067,33.2523,13.7262,0.100662,0.116263,-18.458
grid_turn0.005_speed0.1,straight,0.1,0.005,500,30,502.067,35.4614,14.6708,0.100089,0.115204,-19.4064
grid_turn0.005_speed0.1,straight,0.1,0.005,525,30,527.133,37.7458,15.7098,0.104097,0.119177,-20.4657
grid_turn0.005_speed0.1,straight,0.1,0.005,550,30,552.2,39.9928,16.9432,0.109451,0.127635,-21.4076
grid_turn0.005_speed0.1,straight,0.1,0.005,575,30,577.233,42.2744,18.1644,0.114554,0.128653,-22.3694
grid_turn0.005_speed0.1,straight,0.1,0.005,600,30,602.367,44.596,19.4393,0.106112,0.129478,-23.431
grid_turn0.005_speed0.1,straight,0.1,0.005,625,30,627.5,46.856,20.685,0.110263,0.133211,-24.3262
grid_turn0.005_speed0.1,straight,0.1,0.005,650,30,652.533,49.187,21.8214,0.106502,0.130048,-25.3266
grid_turn0.005_speed0.1,straight,0.1,0.005,675,30,677.633,51.5587,22.9387,0.107375,0.135984,-26.3519
grid_turn0.005_speed0.1,straight,0.1,0.005,700,30,702.7,53.8853,24.0653,0.11299,0.136254,-27.3078
grid_turn0.005_speed0.1,straight,0.1,0.005,725,30,727.733,56.2269,25.1775,0.112765,0.136273,-28.275
grid_turn0.005_speed0.1,straight,0.1,0.005,750,30,752.8,58.597,26.101,0.10762,0.130246,-29.3026
grid_turn0.005_speed0.1,straight,0.1,0.005,775,30,777.867,60.931,26.9974,0.110459,0.131543,-30.2879
grid_turn0.005_speed0.1,straight,0.1,0.005,800,30,802.867,63.4313,27.8129,0.109686,0.131536,-31.3232
grid_turn0.005_speed0.1,straight,0.1,0.005,825,30,827.867,65.9714,28.5373,0.112333,0.131321,-32.3712
grid_turn0.005_speed0.1,straight,0.1,0.005,850,30,852.9,68.6402,29.249,0.122704,0.1417,-33.4299
grid_turn0.005_speed0.1,straight,0.1,0.005,875,30,877.9,71.2636,30.0551,0.123237,0.141963,-34.4415
grid_turn0.005_speed0.1,straight,0.1,0.005,900,30,902.967,73.8719,30.908,0.12627,0.144664,-35.4915
grid_turn0.005_speed0.1,straight,0.1,0.005,925,30,927.967,76.6185,31.8716,0.124149,0.142529,-36.4406
grid_turn0.005_speed0.1,straight,0.1,0.005,950,30,953,79.4147,32.9716,0.126397,0.145563,-37.4292
grid_turn0.005_speed0.1,straight,0.1,0.005,975,30,978.067,82.2125,34.1344,0.13046,0.148588,-38.4051
grid_turn0.005_speed0.1,straight,0.1,0.005,1000,30,1003.13,85.135,35.3085,0.138323,0.154918,-39.3829
grid_turn0.005_speed0.1,straight,0.1,0.005,1025,30,1028.13,88.0803,36.5595,0.140881,0.155671,-40.3344
grid_turn0.005_speed0.1,straight,0.1,0.005,1050,30,1053.13,91.1753,37.8564,0.141066,0.157784,-41.3716
grid_turn0.005_speed0.1,straight,0.1,0.005,1075,30,1078.13,94.2477,39.1758,0.140664,0.161712,-42.3641
grid_turn0.005_speed0.1,straight,0.1,0.005,1100,30,1103.17,97.2564,40.4036,0.146044,0.163659,-43.3758
grid_turn0.005_speed0.1,straight,0.1,0.005,1125,30,1128.2,100.343,41.6213,0.139458,0.157799,-44.3758
grid_turn0.005_speed0.1,straight,0.1,0.005,1150,30,1153.3,103.433,42.7981,0.142266,0.161624,-45.4595
grid_turn0.005_speed0.1,straight,0.1,0.005,1175,30,1178.4,106.418,43.9813,0.139684,0.162568,-46.4528
grid_turn0.005_speed0.1,straight,0.1,0.005,1200,30,1203.4,109.488,45.2635,0.142108,0.166448,-47.4718
grid_turn0.005_speed0.1,straight,0.1,0.005,1225,30,1228.47,112.5,46.7419,0.140506,0.166526,-48.4272
grid_turn0.005_speed0.1,straight,0.1,0.005,1250,30,1253.47,115.401,48.3042,0.134368,0.160506,-49.3482
grid_turn0.005_speed0.1,straight,0.1,0.005,1275,30,1278.53,118.261,49.7806,0.13488,0.161081,-50.3472
grid_turn0.005_speed0.1,straight,0.1,0.005,1300,30,1303.57,121.019,51.2875,0.127945,0.155514,-51.3443
grid_turn0.005_speed0.1,straight,0.1,0.005,1325,30,1328.63,123.664,52.9268,0.121651,0.145187,-52.2535
grid_turn0.005_speed0.1,straight,0.1,0.005,1350,30,1353.7,126.191,54.6247,0.126666,0.149897,-53.2146
grid_turn0.005_speed0.1,straight,0.1,0.005,1375,30,1378.73,128.829,56.2401,0.122502,0.145495,-54.2015
grid_turn0.005_speed0.1,straight,0.1,0.005,1400,30,1403.73,131.486,57.8495,0.12213,0.148849,-55.1137
grid_turn0.005_speed0.1,straight,0.1,0.005,1425,30,1428.8,134.14,59.3957,0.120118,0.145958,-56.1121
grid_turn0.005_speed0.1,straight,0.1,0.005,1450,30,1453.83,136.834,60.9636,0.122007,0.152102,-57.1468
grid_turn0.005_speed0.1,straight,0.1,0.005,1475,30,1478.87,139.669,62.6191,0.127473,0.158883,-58.1535
grid_turn0.005_speed0.1,straight,0.1,0.005,1500,30,1503.93,142.425,64.3054,0.126042,0.155837,-59.128
grid_turn0.005_speed0.1,straight,0.1,0.005,1525,30,1528.93,145.218,65.9846,0.129832,0.161991,-60.1115
grid_turn0.005_speed0.1,straight,0.1,0.005,1550,30,1553.97,148.156,67.7088,0.140909,0.169658,-61.1277
grid_turn0.005_speed0.1,straight,0.1,0.005,1575,30,1579,151.155,69.528,0.144236,0.171957,-62.1007
grid_turn0.005_speed0.1,straight,0.1,0.005,1600,30,1604.03,154.109,71.2559,0.144004,0.168733,-63.0316
grid_turn0.005_speed0.1,straight,0.1,0.005,1625,30,1629.07,157.124,73.0117,0.149707,0.17194,-64.0453
grid_turn0.005_speed0.1,straight,0.1,0.005,1650,30,1654.13,160.221,74.7519,0.147732,0.172557,-65.0988
grid_turn0.005_speed0.1,straight,0.1,0.005,1675,30,1679.13,163.303,76.5995,0.148153,0.17176,-66.0403
grid_turn0.005_speed0.1,straight,0.1,0.005,1700,30,1704.17,166.413,78.4041,0.146472,0.167913,-67.0441
grid_turn0.005_speed0.1,straight,0.1,0.005,1725,30,1729.23,169.321,80.0875,0.139313,0.161615,-67.9975
grid_turn0.005_speed0.1,straight,0.1,0.005,1750,30,1754.23,172.323,81.6193,0.142801,0.165305,-69.0521
grid_turn0.005_speed0.1,straight,0.1,0.005,1775,30,1779.23,175.384,83.2138,0.141062,0.165537,-70.0561
grid_turn0.005_speed0.1,straight,0.1,0.005,1800,30,1804.27,178.317,84.7064,0.134162,0.158177,-70.9977
grid_turn0.005_speed0.1,straight,0.1,0.005,1825,30,1829.3,181.258,86.1137,0.129317,0.158057,-72.0043
grid_turn0.005_speed0.1,straight,0.1,0.005,1850,30,1854.33,184.089,87.6171,0.127929,0.157313,-72.9505
grid_turn0.005_speed0.1,straight,0.1,0.005,1875,30,1879.37,186.906,89.0011,0.131299,0.156737,-74.0464
grid_turn0.005_speed0.1,straight,0.1,0.005,1900,30,1904.37,189.634,90.403,0.130152,0.155348,-75.0131
grid_turn0.005_speed0.1,straight,0.1,0.005,1925,30,1929.4,192.288,91.822,0.124347,0.156315,-75.9238
grid_turn0.005_speed0.1,straight,0.1,0.005,1950,30,1954.43,194.926,93.1455,0.121471,0.152441,-76.9339
grid_turn0.005_speed0.1,straight,0.1,0.005,1975,30,1979.5,197.519,94.4443,0.121962,0.150811,-77.8946
grid_turn0.005_speed0.1,straight,0.1,0.005,2000,30,2004.53,200.126,95.8057,0.125133,0.154975,-78.8548
grid_turn0.01_speed0.0,straight,0,0.01,25,30,26,0.600721,0.426114,0.0408946,0.0516295,0
grid_turn0.01_speed0.0,straight,0,0.01,50,30,51.0667,1.65635,1.4104,0.0535596,0.0713823,-4.73695e-16
grid_turn0.01_speed0.0,straight,0,0.01,75,30,76.1667,2.82213,2.59732,0.0651117,0.0816576,-1.02141e-15
grid_turn0.01_speed0.0,straight,0,0.01,100,30,101.233,4.44926,3.81784,0.0810573,0.100187,-1.02141e-15
grid_turn0.01_speed0.0,straight,0,0.01,125,30,126.4,6.41434,5.19101,0.0913206,0.112319,-1.02141e-15
grid_turn0.01_speed0.0,straight,0,0.01,150,30,151.5,8.60049,6.87858,0.105402,0.130112,-4.73547e-14
grid_turn0.01_speed0.0,straight,0,0.01,175,30,176.5,11.1495,8.42365,0.114357,0.135881,-1.02851e-13
grid_turn0.01_speed0.0,straight,0,0.01,200,30,201.533,13.9715,10.1309,0.124439,0.151376,-1.54898e-13
grid_turn0.01_speed0.0,straight,0,0.01,225,30,226.567,16.8087,11.8642,0.134186,0.161899,-2.03075e-13
grid_turn0.01_speed0.0,straight,0,0.01,250,30,251.633,20.0832,13.8258,0.137664,0.167396,-2.50977e-13
grid_turn0.01_speed0.0,straight,0,0.01,275,30,276.7,23.5596,15.8583,0.155099,0.185045,-3.16162e-13
grid_turn0.01_speed0.0,straight,0,0.01,300,30,301.833,26.9017,17.9635,0.141906,0.170565,-4.21744e-13
grid_turn0.01_speed0.0,straight,0,0.01,325,30,326.833,30.1235,20.2723,0.160582,0.19943,-5.38517e-13
grid_turn0.01_speed0.0,straight,0,0.01,350,30,351.867,34.0255,22.6491,0.176628,0.223066,-6.55387e-13
grid_turn0.01_speed0.0,straight,0,0.01,375,30,376.933,38.3044,25.0927,0.186342,0.222023,-7.91471e-13
grid_turn0.01_speed0.0,straight,0,0.01,400,30,401.967,42.6688,27.5869,0.192718,0.233506,-9.35541e-13
grid_turn0.01_speed0.0,straight,0,0.01,425,30,426.967,47.4538,29.8737,0.204884,0.242573,-1.07952e-12
grid_turn0.01_speed0.0,straight,0,0.01,450,30,452.033,52.4384,32.3574,0.222332,0.256557,-1.23244e-12
grid_turn0.01_speed0.0,straight,0,0.01,475,30,477.067,57.4779,35.0562,0.230361,0.265868,-1.3856e-12
grid_turn0.01_speed0.0,straight,0,0.01,500,30,502.067,62.4455,37.8622,0.220453,0.256504,-1.53141e-12
grid_turn0.01_speed0.0,straight,0,0.01,525,30,527.133,67.1447,40.7572,0.216753,0.255912,-1.6838e-12
grid_turn0.01_speed0.0,straight,0,0.01,550,30,552.2,71.7946,43.7146,0.209168,0.252565,-1.78261e-12
grid_turn0.01_speed0.0,straight,0,0.01,575,30,577.233,76.786,46.8653,0.214722,0.26646,-1.87609e-12
grid_turn0.01_speed0.0,straight,0,0.01,600,30,602.367,82.1008,50.172,0.234491,0.287483,-1.9956e-12
grid_turn0.01_speed0.0,straight,0,0.01,625,30,627.5,87.5743,53.7813,0.226417,0.280283,-2.12207e-12
grid_turn0.01_speed0.0,straight,0,0.01,650,30,652.533,93.0121,57.3183,0.232588,0.284712,-2.26022e-12
grid_turn0.01_speed0.0,straight,0,0.01,675,30,677.633,98.0709,61.0358,0.233498,0.276063,-2.39705e-12
grid_turn0.01_speed0.0,straight,0,0.01,700,30,702.7,102.768,64.787,0.228378,0.281075,-2.52027e-12
grid_turn0.01_speed0.0,straight,0,0.01,725,30,727.733,107.604,68.6877,0.235729,0.287045,-2.66015e-12
grid_turn0.01_speed0.0,straight,0,0.01,750,30,752.8,112.304,72.5201,0.235926,0.290589,-2.8108e-12
grid_turn0.01_speed0.0,straight,0,0.01,775,30,777.867,116.873,76.6065,0.248611,0.304472,-2.96364e-12
grid_turn0.01_speed0.0,straight,0,0.01,800,30,802.867,121.568,80.7425,0.250027,0.309736,-3.11648e-12
grid_turn0.01_speed0.0,straight,0,0.01,825,30,827.867,126.447,84.7852,0.256234,0.314847,-3.27092e-12
grid_turn0.01_speed0.0,straight,0,0.01,850,30,852.9,131.641,88.3018,0.258898,0.313814,-3.43783e-12
grid_turn0.01_speed0.0,straight,0,0.01,875,30,877.9,136.922,91.8729,0.262602,0.320788,-3.61412e-12
grid_turn0.01_speed0.0,straight,0,0.01,900,30,902.967,142.259,95.3779,0.259276,0.323479,-3.7984e-12
grid_turn0.01_speed0.0,straight,0,0.01,925,30,927.967,147.767,99.021,0.26203,0.328934,-3.97788e-12
grid_turn0.01_speed0.0,straight,0,0.01,950,30,953,153.037,102.81,0.272591,0.330152,-4.15737e-12
grid_turn0.01_speed0.0,straight,0,0.01,975,30,978.067,158.421,106.747,0.267838,0.333994,-4.37099e-12
grid_turn0.01_speed0.0,straight,0,0.01,1000,30,1003.13,163.782,110.787,0.272287,0.334325,-4.60925e-12
grid_turn0.01_speed0.0,straight,0,0.01,1025,30,1028.13,169.441,114.737,0.275587,0.336689,-4.84831e-12
grid_turn0.01_speed0.0,straight,0,0.01,1050,30,1053.13,174.994,119.03,0.279092,0.341595,-5.09699e-12
grid_turn0.01_speed0.0,straight,0,0.01,1075,30,1078.13,180.634,123.745,0.2891,0.359279,-5.33972e-12
grid_turn0.01_speed0.0,straight,0,0.01,1100,30,1103.17,186.095,128.707,0.290192,0.356963,-5.53029e-12
grid_turn0.01_speed0.0,straight,0,0.01,1125,30,1128.2,191.298,133.884,0.288136,0.353515,-5.6761e-12
grid_turn0.01_speed0.0,straight,0,0.01,1150,30,1153.3,196.244,139.248,0.295051,0.357982,-5.79207e-12
grid_turn0.01_speed0.0,straight,0,0.01,1175,30,1178.4,201.042,144.837,0.30402,0.367346,-5.88053e-12
grid_turn0.01_speed0.0,straight,0,0.01,1200,30,1203.4,206.1,150.167,0.29604,0.369512,-5.94991e-12
grid_turn0.01_speed0.0,straight,0,0.01,1225,30,1228.47,211.481,155.356,0.295363,0.364515,-6.0193e-12
grid_turn0.01_speed0.0,straight,0,0.01,1250,30,1253.47,216.877,160.419,0.286434,0.364893,-6.08042e-12
grid_turn0.01_speed0.0,straight,0,0.01,1275,30,1278.53,222.147,165.5,0.287403,0.375179,-6.13052e-12
grid_turn0.01_speed0.0,straight,0,0.01,1300,30,1303.57,227.268,170.507,0.286015,0.374093,-6.15618e-12
grid_turn0.01_speed0.0,straight,0,0.01,1325,30,1328.63,232.34,175.323,0.280483,0.368084,-6.17931e-12
grid_turn0.01_speed0.0,straight,0,0.01,1350,30,1353.7,237.357,179.997,0.277574,0.360326,-6.20244e-12
grid_turn0.01_speed0.0,straight,0,0.01,1375,30,1378.73,242.392,184.861,0.282903,0.367055,-6.22557e-12
grid_turn0.01_speed0.0,straight,0,0.01,1400,30,1403.73,247.461,190.051,0.294792,0.386206,-6.2487e-12
grid_turn0.01_speed0.0,straight,0,0.01,1425,30,1428.8,252.724,195.224,0.297197,0.38464,-6.25338e-12
grid_turn0.01_speed0.0,straight,0,0.01,1450,30,1453.83,258.02,200.243,0.299367,0.379127,-6.25338e-12
grid_turn0.01_speed0.0,straight,0,0.01,1475,30,1478.87,263.183,204.922,0.29902,0.378797,-6.25338e-12
grid_turn0.01_speed0.0,straight,0,0.01,1500,30,1503.93,268.526,209.36,0.298817,0.377174,-6.25338e-12
grid_turn0.01_speed0.0,straight,0,0.01,1525,30,1528.93,274.04,213.501,0.305913,0.380787,-6.25338e-12
grid_turn0.01_speed0.0,straight,0,0.01,1550,30,1553.97,279.897,217.417,0.300172,0.377463,-6.25338e-12
grid_turn0.01_speed0.0,straight,0,0.01,1575,30,1579,285.774,221.088,0.303142,0.370998,-6.25338e-12
grid_turn0.01_speed0.0,straight,0,0.01,1600,30,1604.03,291.62,224.651,0.303879,0.375605,-6.25338e-12
grid_turn0.01_speed0.0,straight,0,0.01,1625,30,1629.07,297.326,228.737,0.311609,0.383822,-6.25338e-12
grid_turn0.01_speed0.0,straight,0,0.01,1650,30,1654.13,303.161,232.851,0.311697,0.381804,-6.25338e-12
grid_turn0.01_speed0.0,straight,0,0.01,1675,30,1679.13,309.337,236.931,0.331881,0.405636,-6.25338e-12
grid_turn0.01_speed0.0,straight,0,0.01,1700,30,1704.17,315.866,241.076,0.329193,0.407817,-6.29878e-12
grid_turn0.01_speed0.0,straight,0,0.01,1725,30,1729.23,322.402,245.285,0.322867,0.405869,-6.37446e-12
grid_turn0.01_speed0.0,straight,0,0.01,1750,30,1754.23,328.887,249.524,0.324831,0.404099,-6.45014e-12
grid_turn0.01_speed0.0,straight,0,0.01,1775,30,1779.23,334.977,253.883,0.318824,0.390237,-6.52582e-12
grid_turn0.01_speed0.0,straight,0,0.01,1800,30,1804.27,341.105,258.413,0.323727,0.398702,-6.6015e-12
grid_turn0.01_speed0.0,straight,0,0.01,1825,30,1829.3,347.476,262.892,0.330757,0.40359,-6.73167e-12
grid_turn0.01_speed0.0,straight,0,0.01,1850,30,1854.33,354.128,267.289,0.344219,0.411682,-6.9481e-12
grid_turn0.01_speed0.0,straight,0,0.01,1875,30,1879.37,360.831,272.103,0.351583,0.432145,-7.15886e-12
grid_turn0.01_speed0.0,straight,0,0.01,1900,30,1904.37,367.715,276.889,0.347184,0.431999,-7.36962e-12
grid_turn0.01_speed0.0,straight,0,0.01,1925,30,1929.4,374.489,281.545,0.340028,0.432784,-7.58037e-12
grid_turn0.01_speed0.0,straight,0,0.01,1950,30,1954.43,380.863,286.479,0.326649,0.421376,-7.86076e-12
grid_turn0.01_speed0.0,straight,0,0.01,1975,30,1979.5,387.331,291.792,0.33494,0.430669,-8.14719e-12
grid_turn0.01_speed0.0,straight,0,0.01,2000,30,2004.53,393.875,297.134,0.333574,0.425215,-8.40639e-12
grid_turn0.01_speed0.05,straight,0.05,0.01,25,30,26,0.837986,0.444602,0.03868,0.052616,-0.479466
grid_turn0.01_speed0.05,straight,0.05,0.01,50,30,51.0667,2.01686,1.13984,0.0621519,0.0741781,-0.981878
grid_turn0.01_speed0.05,straight,0.05,0.01,75,30,76.1667,3.67444,2.13149,0.0725115,0.0891737,-1.50341
grid_turn0.01_speed0.05,straight,0.05,0.01,100,30,101.233,5.4724,3.26229,0.089842,0.10845,-1.99979
grid_turn0.01_speed0.05,straight,0.05,0.01,125,30,126.4,7.66768,4.63084,0.107402,0.130352,-2.50385
grid_turn0.01_speed0.05,straight,0.05,0.01,150,30,151.5,10.1684,6.24526,0.110598,0.133425,-3.01861
grid_turn0.01_speed0.05,straight,0.05,0.01,175,30,176.5,12.928,7.87327,0.133706,0.159988,-3.49208
grid_turn0.01_speed0.05,straight,0.05,0.01,200,30,201.533,16.2136,9.5641,0.143,0.167204,-3.9767
grid_turn0.01_speed0.05,straight,0.05,0.01,225,30,226.567,19.549,11.5092,0.146246,0.17251,-4.44436
grid_turn0.01_speed0.05,straight,0.05,0.01,250,30,251.633,22.8176,13.4702,0.137323,0.169601,-4.95407
grid_turn0.01_speed0.05,straight,0.05,0.01,275,30,276.7,25.9997,15.3608,0.132897,0.167958,-5.41514
grid_turn0.01_speed0.05,straight,0.05,0.01,300,30,301.833,29.2905,17.3854,0.14158,0.179705,-5.92665
grid_turn0.01_speed0.05,straight,0.05,0.01,325,30,326.833,32.584,19.5085,0.137402,0.176103,-6.4005
grid_turn0.01_speed0.05,straight,0.05,0.01,350,30,351.867,35.5859,21.6991,0.136018,0.180524,-6.84232
grid_turn0.01_speed0.05,straight,0.05,0.01,375,30,376.933,38.7889,23.9918,0.153174,0.198996,-7.30135
grid_turn0.01_speed0.05,straight,0.05,0.01,400,30,401.967,42.1843,26.5226,0.168183,0.21079,-7.79531
grid_turn0.01_speed0.05,straight,0.05,0.01,425,30,426.967,45.7926,29.0182,0.174662,0.207715,-8.26732
grid_turn0.01_speed0.05,straight,0.05,0.01,450,30,452.033,49.4881,31.4324,0.181073,0.217362,-8.7444
grid_turn0.01_speed0.05,straight,0.05,0.01,475,30,477.067,53.1249,33.8986,0.201324,0.232526,-9.229
grid_turn0.01_speed0.05,straight,0.05,0.01,500,30,502.067,56.8529,36.4132,0.200178,0.230409,-9.70321
grid_turn0.01_speed0.05,straight,0.05,0.01,525,30,527.133,60.6058,39.1302,0.208194,0.238355,-10.2329
grid_turn0.01_speed0.05,straight,0.05,0.01,550,30,552.2,64.3841,42.2911,0.218902,0.25527,-10.7038
grid_turn0.01_speed0.05,straight,0.05,0.01,575,30,577.233,68.3517,45.2247,0.229108,0.257305,-11.1847
grid_turn0.01_speed0.05,straight,0.05,0.01,600,30,602.367,72.3999,48.0761,0.212223,0.258957,-11.7155
grid_turn0.01_speed0.05,straight,0.05,0.01,625,30,627.5,76.6507,50.6573,0.220527,0.266423,-12.1631
grid_turn0.01_speed0.05,straight,0.05,0.01,650,30,652.533,81.0028,52.944,0.213004,0.260097,-12.6633
grid_turn0.01_speed0.05,straight,0.05,0.01,675,30,677.633,85.4083,55.1934,0.21475,0.271969,-13.1759
grid_turn0.01_speed0.05,straight,0.05,0.01,700,30,702.7,89.7974,57.372,0.22598,0.272507,-13.6539
grid_turn0.01_speed0.05,straight,0.05,0.01,725,30,727.733,94.2048,59.5399,0.22553,0.272547,-14.1375
grid_turn0.01_speed0.05,straight,0.05,0.01,750,30,752.8,98.6852,61.4071,0.21524,0.260493,-14.6513
grid_turn0.01_speed0.05,straight,0.05,0.01,775,30,777.867,103.05,63.3089,0.220918,0.263087,-15.144
grid_turn0.01_speed0.05,straight,0.05,0.01,800,30,802.867,107.704,65.0673,0.219372,0.263072,-15.6616
grid_turn0.01_speed0.05,straight,0.05,0.01,825,30,827.867,112.3,66.8169,0.224665,0.262643,-16.1856
grid_turn0.01_speed0.05,straight,0.05,0.01,850,30,852.9,117.146,68.632,0.245407,0.283401,-16.7149
grid_turn0.01_speed0.05,straight,0.05,0.01,875,30,877.9,121.934,70.6168,0.246474,0.283926,-17.2207
grid_turn0.01_speed0.05,straight,0.05,0.01,900,30,902.967,126.635,72.7987,0.252539,0.289328,-17.7458
grid_turn0.01_speed0.05,straight,0.05,0.01,925,30,927.967,131.655,75.2452,0.248298,0.285058,-18.2203
grid_turn0.01_speed0.05,straight,0.05,0.01,950,30,953,136.704,77.9006,0.252794,0.291125,-18.7146
grid_turn0.01_speed0.05,straight,0.05,0.01,975,30,978.067,141.807,80.6955,0.260919,0.297176,-19.2026
grid_turn0.01_speed0.05,straight,0.05,0.01,1000,30,1003.13,147.141,83.6491,0.276647,0.309836,-19.6915
grid_turn0.01_speed0.05,straight,0.05,0.01,1025,30,1028.13,152.545,86.8197,0.281762,0.311342,-20.1672
grid_turn0.01_speed0.05,straight,0.05,0.01,1050,30,1053.13,158.08,90.0872,0.282132,0.315568,-20.6858
grid_turn0.01_speed0.05,straight,0.05,0.01,1075,30,1078.13,163.684,93.3898,0.281327,0.323425,-21.1821
grid_turn0.01_speed0.05,straight,0.05,0.01,1100,30,1103.17,169.092,96.5027,0.292088,0.327319,-21.6879
grid_turn0.01_speed0.05,straight,0.05,0.01,1125,30,1128.2,174.787,99.4903,0.278917,0.315598,-22.1879
grid_turn0.01_speed0.05,straight,0.05,0.01,1150,30,1153.3,180.551,102.266,0.284532,0.323248,-22.7298
grid_turn0.01_speed0.05,straight,0.05,0.01,1175,30,1178.4,186.201,104.953,0.279369,0.325135,-23.2264
grid_turn0.01_speed0.05,straight,0.05,0.01,1200,30,1203.4,192.009,107.843,0.284216,0.332895,-23.7359
grid_turn0.01_speed0.05,straight,0.05,0.01,1225,30,1228.47,197.751,111.046,0.281011,0.333052,-24.2136
grid_turn0.01_speed0.05,straight,0.05,0.01,1250,30,1253.47,203.287,114.337,0.268736,0.321013,-24.6741
grid_turn0.01_speed0.05,straight,0.05,0.01,1275,30,1278.53,208.638,117.475,0.26976,0.322162,-25.1736
grid_turn0.01_speed0.05,straight,0.05,0.01,1300,30,1303.57,213.779,120.583,0.255889,0.311029,-25.6721
grid_turn0.01_speed0.05,straight,0.05,0.01,1325,30,1328.63,218.692,123.836,0.243302,0.290374,-26.1268
grid_turn0.01_speed0.05,straight,0.05,0.01,1350,30,1353.7,223.385,127.199,0.253332,0.299794,-26.6073
grid_turn0.01_speed0.05,straight,0.05,0.01,1375,30,1378.73,228.134,130.652,0.245005,0.29099,-27.1008
grid_turn0.01_speed0.05,straight,0.05,0.01,1400,30,1403.73,233.02,133.983,0.244259,0.297698,-27.5569
grid_turn0.01_speed0.05,straight,0.05,0.01,1425,30,1428.8,237.831,137.194,0.240236,0.291915,-28.056
grid_turn0.01_speed0.05,straight,0.05,0.01,1450,30,1453.83,242.687,140.442,0.244015,0.304203,-28.5734
grid_turn0.01_speed0.05,straight,0.05,0.01,1475,30,1478.87,247.804,143.937,0.254947,0.317767,-29.0767
grid_turn0.01_speed0.05,straight,0.05,0.01,1500,30,1503.93,252.861,147.419,0.252084,0.311673,-29.564
grid_turn0.01_speed0.05,straight,0.05,0.01,1525,30,1528.93,258.028,150.808,0.259664,0.323983,-30.0558
grid_turn0.01_speed0.05,straight,0.05,0.01,1550,30,1553.97,263.483,154.216,0.281817,0.339316,-30.5639
grid_turn0.01_speed0.05,straight,0.05,0.01,1575,30,1579,269.15,157.666,0.288473,0.343915,-31.0504
grid_turn0.01_speed0.05,straight,0.05,0.01,1600,30,1604.03,274.848,160.809,0.288009,0.337466,-31.5158
grid_turn0.01_speed0.05,straight,0.05,0.01,1625,30,1629.07,280.428,164.209,0.299414,0.343881,-32.0226
grid_turn0.01_speed0.05,straight,0.05,0.01,1650,30,1654.13,286.146,167.713,0.295463,0.345113,-32.5494
grid_turn0.01_speed0.05,straight,0.05,0.01,1675,30,1679.13,292.016,171.354,0.296306,0.343521,-33.0201
grid_turn0.01_speed0.05,straight,0.05,0.01,1700,30,1704.17,297.809,175.081,0.292945,0.335826,-33.522
grid_turn0.01_speed0.05,straight,0.05,0.01,1725,30,1729.23,303.329,178.421,0.278626,0.32323,-33.9987
grid_turn0.01_speed0.05,straight,0.05,0.01,1750,30,1754.23,308.946,181.479,0.285603,0.33061,-34.526
grid_turn0.01_speed0.05,straight,0.05,0.01,1775,30,1779.23,314.712,184.65,0.282124,0.331073,-35.0281
grid_turn0.01_speed0.05,straight,0.05,0.01,1800,30,1804.27,320.208,187.697,0.268323,0.316355,-35.4988
grid_turn0.01_speed0.05,straight,0.05,0.01,1825,30,1829.3,325.619,190.605,0.258633,0.316114,-36.0021
grid_turn0.01_speed0.05,straight,0.05,0.01,1850,30,1854.33,330.842,193.688,0.255858,0.314626,-36.4753
grid_turn0.01_speed0.05,straight,0.05,0.01,1875,30,1879.37,335.962,196.613,0.262598,0.313475,-37.0232
grid_turn0.01_speed0.05,straight,0.05,0.01,1900,30,1904.37,340.873,199.657,0.260304,0.310696,-37.5066
grid_turn0.01_speed0.05,straight,0.05,0.01,1925,30,1929.4,345.754,202.66,0.248693,0.312629,-37.9619
grid_turn0.01_speed0.05,straight,0.05,0.01,1950,30,1954.43,350.501,205.58,0.242941,0.304882,-38.4669
grid_turn0.01_speed0.05,straight,0.05,0.01,1975,30,1979.5,355.181,208.424,0.243923,0.301623,-38.9473
grid_turn0.01_speed0.05,straight,0.05,0.01,2000,30,2004.53,359.833,211.478,0.250265,0.30995,-39.4274
grid_turn0.01_speed0.1,straight,0.1,0.01,25,30,26,1.21126,0.397679,0.03868,0.052616,-0.958932
grid_turn0.01_speed0.1,straight,0.1,0.01,50,30,51.0667,2.71283,0.980476,0.0621519,0.0741781,-1.96376
grid_turn0.01_speed0.1,straight,0.1,0.01,75,30,76.1667,4.62905,1.81929,0.0725115,0.0891737,-3.00682
grid_turn0.01_speed0.1,straight,0.1,0.01,100,30,101.233,6.67884,2.76707,0.089842,0.10845,-3.99958
grid_turn0.01_speed0.1,straight,0.1,0.01,125,30,126.4,9.07625,3.96418,0.107402,0.130352,-5.0077
grid_turn0.01_speed0.1,straight,0.1,0.01,150,30,151.5,11.7416,5.44293,0.110598,0.133425,-6.03722
grid_turn0.01_speed0.1,straight,0.1,0.01,175,30,176.5,14.6003,7.00159,0.133706,0.159988,-6.98415
grid_turn0.01_speed0.1,straight,0.1,0.01,200,30,201.533,17.9459,8.6354,0.143,0.167204,-7.95341
grid_turn0.01_speed0.1,straight,0.1,0.01,225,30,226.567,21.3809,10.4542,0.146246,0.17251,-8.88872
grid_turn0.01_speed0.1,straight,0.1,0.01,250,30,251.633,24.8026,12.2659,0.137323,0.169601,-9.90814
grid_turn0.01_speed0.1,straight,0.1,0.01,275,30,276.7,28.097,14.0532,0.132897,0.167958,-10.8303
grid_turn0.01_speed0.1,straight,0.1,0.01,300,30,301.833,31.5437,15.9638,0.14158,0.179705,-11.8533
grid_turn0.01_speed0.1,straight,0.1,0.01,325,30,326.833,34.976,17.9715,0.137402,0.176103,-12.801
grid_turn0.01_speed0.1,straight,0.1,0.01,350,30,351.867,38.095,20.0665,0.136018,0.180524,-13.6846
grid_turn0.01_speed0.1,straight,0.1,0.01,375,30,376.933,41.4062,22.2492,0.153174,0.198996,-14.6027
grid_turn0.01_speed0.1,straight,0.1,0.01,400,30,401.967,44.9319,24.6787,0.168183,0.21079,-15.5906
grid_turn0.01_speed0.1,straight,0.1,0.01,425,30,426.967,48.6609,27.0622,0.174662,0.207715,-16.5346
grid_turn0.01_speed0.1,straight,0.1,0.01,450,30,452.033,52.4908,29.3463,0.181073,0.217362,-17.4888
grid_turn0.01_speed0.1,straight,0.1,0.01,475,30,477.067,56.3299,31.5985,0.201324,0.232526,-18.458
grid_turn0.01_speed0.1,straight,0.1,0.01,500,30,502.067,60.2879,33.8357,0.200178,0.230409,-19.4064
grid_turn0.01_speed0.1,straight,0.1,0.01,525,30,527.133,64.3153,36.2324,0.208194,0.238355,-20.4657
grid_turn0.01_speed0.1,straight,0.1,0.01,550,30,552.2,68.3781,39.0176,0.218902,0.25527,-21.4076
grid_turn0.01_speed0.1,straight,0.1,0.01,575,30,577.233,72.5333,41.7327,0.229108,0.257305,-22.3694
grid_turn0.01_speed0.1,straight,0.1,0.01,600,30,602.367,76.7372,44.4587,0.212223,0.258957,-23.431
grid_turn0.01_speed0.1,straight,0.1,0.01,625,30,627.5,81.0314,46.9926,0.220527,0.266423,-24.3262
grid_turn0.01_speed0.1,straight,0.1,0.01,650,30,652.533,85.4137,49.2731,0.213004,0.260097,-25.3266
grid_turn0.01_speed0.1,straight,0.1,0.01,675,30,677.633,89.8485,51.5325,0.21475,0.271969,-26.3519
grid_turn0.01_speed0.1,straight,0.1,0.01,700,30,702.7,94.2385,53.7751,0.22598,0.272507,-27.3078
grid_turn0.01_speed0.1,straight,0.1,0.01,725,30,727.733,98.6589,55.9798,0.22553,0.272547,-28.275
grid_turn0.01_speed0.1,straight,0.1,0.01,750,30,752.8,103.144,57.8464,0.21524,0.260493,-29.3026
grid_turn0.01_speed0.1,straight,0.1,0.01,775,30,777.867,107.537,59.7325,0.220918,0.263087,-30.2879
grid_turn0.01_speed0.1,straight,0.1,0.01,800,30,802.867,112.231,61.4596,0.219372,0.263072,-31.3232
grid_turn0.01_speed0.1,straight,0.1,0.01,825,30,827.867,116.924,63.1227,0.224665,0.262643,-32.3712
grid_turn0.01_speed0.1,straight,0.1,0.01,850,30,852.9,121.884,64.7984,0.245407,0.283401,-33.4299
grid_turn0.01_speed0.1,straight,0.1,0.01,875,30,877.9,126.79,66.6311,0.246474,0.283926,-34.4415
grid_turn0.01_speed0.1,straight,0.1,0.01,900,30,902.967,131.628,68.6129,0.252539,0.289328,-35.4915
grid_turn0.01_speed0.1,straight,0.1,0.01,925,30,927.967,136.773,70.8592,0.248298,0.285058,-36.4406
grid_turn0.01_speed0.1,straight,0.1,0.01,950,30,953,141.972,73.3167,0.252794,0.291125,-37.4292
grid_turn0.01_speed0.1,straight,0.1,0.01,975,30,978.067,147.202,75.9119,0.260919,0.297176,-38.4051
grid_turn0.01_speed0.1,straight,0.1,0.01,1000,30,1003.13,152.677,78.6163,0.276647,0.309836,-39.3829
grid_turn0.01_speed0.1,straight,0.1,0.01,1025,30,1028.13,158.23,81.4896,0.281762,0.311342,-40.3344
grid_turn0.01_speed0.1,straight,0.1,0.01,1050,30,1053.13,163.962,84.4445,0.282132,0.315568,-41.3716
grid_turn0.01_speed0.1,straight,0.1,0.01,1075,30,1078.13,169.732,87.4487,0.281327,0.323425,-42.3641
grid_turn0.01_speed0.1,straight,0.1,0.01,1100,30,1103.17,175.336,90.2614,0.292088,0.327319,-43.3758
grid_turn0.01_speed0.1,straight,0.1,0.01,1125,30,1128.2,181.171,92.9907,0.278917,0.315598,-44.3758
grid_turn0.01_speed0.1,straight,0.1,0.01,1150,30,1153.3,187.037,95.5501,0.284532,0.323248,-45.4595
grid_turn0.01_speed0.1,straight,0.1,0.01,1175,30,1178.4,192.766,98.061,0.279369,0.325135,-46.4528
grid_turn0.01_speed0.1,straight,0.1,0.01,1200,30,1203.4,198.648,100.772,0.284216,0.332895,-47.4718
grid_turn0.01_speed0.1,straight,0.1,0.01,1225,30,1228.47,204.44,103.837,0.281011,0.333052,-48.4272
grid_turn0.01_speed0.1,straight,0.1,0.01,1250,30,1253.47,210.018,107.033,0.268736,0.321013,-49.3482
grid_turn0.01_speed0.1,straight,0.1,0.01,1275,30,1278.53,215.428,110.098,0.26976,0.322162,-50.3472
grid_turn0.01_speed0.1,straight,0.1,0.01,1300,30,1303.57,220.626,113.166,0.255889,0.311029,-51.3443
grid_turn0.01_speed0.1,straight,0.1,0.01,1325,30,1328.63,225.598,116.419,0.243302,0.290374,-52.2535
grid_turn0.01_speed0.1,straight,0.1,0.01,1350,30,1353.7,230.327,119.787,0.253332,0.299794,-53.2146
grid_turn0.01_speed0.1,straight,0.1,0.01,1375,30,1378.73,235.189,123.138,0.245005,0.29099,-54.2015
grid_turn0.01_speed0.1,straight,0.1,0.01,1400,30,1403.73,240.163,126.4,0.244259,0.297698,-55.1137
grid_turn0.01_speed0.1,straight,0.1,0.01,1425,30,1428.8,245.082,129.52,0.240236,0.291915,-56.1121
grid_turn0.01_speed0.1,straight,0.1,0.01,1450,30,1453.83,250.062,132.665,0.244015,0.304203,-57.1468
grid_turn0.01_speed0.1,straight,0.1,0.01,1475,30,1478.87,255.316,136.02,0.254947,0.317767,-58.1535
grid_turn0.01_speed0.1,straight,0.1,0.01,1500,30,1503.93,260.477,139.393,0.252084,0.311673,-59.128
grid_turn0.01_speed0.1,straight,0.1,0.01,1525,30,1528.93,265.724,142.696,0.259664,0.323983,-60.1115
grid_turn0.01_speed0.1,straight,0.1,0.01,1550,30,1553.97,271.228,146.109,0.281817,0.339316,-61.1277
grid_turn0.01_speed0.1,straight,0.1,0.01,1575,30,1579,276.907,149.635,0.288473,0.343915,-62.1007
grid_turn0.01_speed0.1,straight,0.1,0.01,1600,30,1604.03,282.561,152.924,0.288009,0.337466,-63.0316
grid_turn0.01_speed0.1,straight,0.1,0.01,1625,30,1629.07,288.206,156.363,0.299414,0.343881,-64.0453
grid_turn0.01_speed0.1,straight,0.1,0.01,1650,30,1654.13,293.999,159.84,0.295463,0.345113,-65.0988
grid_turn0.01_speed0.1,straight,0.1,0.01,1675,30,1679.13,299.889,163.479,0.296306,0.343521,-66.0403
grid_turn0.01_speed0.1,straight,0.1,0.01,1700,30,1704.17,305.759,167.142,0.292945,0.335826,-67.0441
grid_turn0.01_speed0.1,straight,0.1,0.01,1725,30,1729.23,311.308,170.462,0.278626,0.32323,-67.9975
grid_turn0.01_speed0.1,straight,0.1,0.01,1750,30,1754.23,316.968,173.504,0.285603,0.33061,-69.0521
grid_turn0.01_speed0.1,straight,0.1,0.01,1775,30,1779.23,322.775,176.652,0.282124,0.331073,-70.0561
grid_turn0.01_speed0.1,straight,0.1,0.01,1800,30,1804.27,328.338,179.642,0.268323,0.316355,-70.9977
grid_turn0.01_speed0.1,straight,0.1,0.01,1825,30,1829.3,333.841,182.485,0.258633,0.316114,-72.0043
grid_turn0.01_speed0.1,straight,0.1,0.01,1850,30,1854.33,339.155,185.504,0.255858,0.314626,-72.9505
grid_turn0.01_speed0.1,straight,0.1,0.01,1875,30,1879.37,344.382,188.33,0.262598,0.313475,-74.0464
grid_turn0.01_speed0.1,straight,0.1,0.01,1900,30,1904.37,349.439,191.24,0.260304,0.310696,-75.0131
grid_turn0.01_speed0.1,straight,0.1,0.01,1925,30,1929.4,354.423,194.141,0.248693,0.312629,-75.9238
grid_turn0.01_speed0.1,straight,0.1,0.01,1950,30,1954.43,359.308,196.913,0.242941,0.304882,-76.9339
grid_turn0.01_speed0.1,straight,0.1,0.01,1975,30,1979.5,364.126,199.614,0.243923,0.301623,-77.8946
grid_turn0.01_speed0.1,straight,0.1,0.01,2000,30,2004.53,368.945,202.488,0.250265,0.30995,-78.8548
grid_turn0.02_speed0.0,straight,0,0.02,25,30,26,1.20098,0.85118,0.0817892,0.103259,0
grid_turn0.02_speed0.0,straight,0,0.02,50,30,51.0667,3.3094,2.81328,0.107119,0.142765,-4.73695e-16
grid_turn0.02_speed0.0,straight,0,0.02,75,30,76.1667,5.64101,5.17365,0.130223,0.163315,-1.02141e-15
grid_turn0.02_speed0.0,straight,0,0.02,100,30,101.233,8.89313,7.60524,0.162115,0.200374,-1.02141e-15
grid_turn0.02_speed0.0,straight,0,0.02,125,30,126.4,12.8127,10.344,0.182641,0.224637,-1.02141e-15
grid_turn0.02_speed0.0,straight,0,0.02,150,30,151.5,17.1729,13.6818,0.210803,0.260224,-4.73547e-14
grid_turn0.02_speed0.0,straight,0,0.02,175,30,176.5,22.236,16.7459,0.228713,0.271763,-1.02851e-13
grid_turn0.02_speed0.0,straight,0,0.02,200,30,201.533,27.8469,20.1113,0.248878,0.302751,-1.54898e-13
grid_turn0.02_speed0.0,straight,0,0.02,225,30,226.567,33.4751,23.5507,0.268372,0.323798,-2.03075e-13
grid_turn0.02_speed0.0,straight,0,0.02,250,30,251.633,39.9774,27.4197,0.275327,0.334793,-2.50977e-13
grid_turn0.02_speed0.0,straight,0,0.02,275,30,276.7,46.8738,31.4306,0.310198,0.37009,-3.16162e-13
grid_turn0.02_speed0.0,straight,0,0.02,300,30,301.833,53.4784,35.601,0.283812,0.34113,-4.21744e-13
grid_turn0.02_speed0.0,straight,0,0.02,325,30,326.833,59.8112,40.1842,0.321163,0.39886,-5.38517e-13
grid_turn0.02_speed0.0,straight,0,0.02,350,30,351.867,67.5129,44.7608,0.353257,0.446132,-6.55387e-13
grid_turn0.02_speed0.0,straight,0,0.02,375,30,376.933,75.9336,49.4653,0.372684,0.444046,-7.91471e-13
grid_turn0.02_speed0.0,straight,0,0.02,400,30,401.967,84.5341,54.2948,0.385435,0.467013,-9.35541e-13
grid_turn0.02_speed0.0,straight,0,0.02,425,30,426.967,93.9608,58.6856,0.409768,0.485146,-1.07952e-12
grid_turn0.02_speed0.0,straight,0,0.02,450,30,452.033,103.793,63.4861,0.444664,0.513114,-1.23244e-12
grid_turn0.02_speed0.0,straight,0,0.02,475,30,477.067,113.755,68.7154,0.460721,0.531736,-1.3856e-12
grid_turn0.02_speed0.0,straight,0,0.02,500,30,502.067,123.561,74.1754,0.440906,0.513008,-1.53141e-12
grid_turn0.02_speed0.0,straight,0,0.02,525,30,527.133,132.858,79.7848,0.433506,0.511824,-1.6838e-12
grid_turn0.02_speed0.0,straight,0,0.02,550,30,552.2,142.06,85.505,0.418335,0.50513,-1.78261e-12
grid_turn0.02_speed0.0,straight,0,0.02,575,30,577.233,151.876,91.6562,0.429445,0.53292,-1.87609e-12
grid_turn0.02_speed0.0,straight,0,0.02,600,30,602.367,162.309,98.1171,0.468982,0.574966,-1.9956e-12
grid_turn0.02_speed0.0,straight,0,0.02,625,30,627.5,173.053,105.124,0.452834,0.560566,-2.12207e-12
grid_turn0.02_speed0.0,straight,0,0.02,650,30,652.533,183.729,111.933,0.465177,0.569425,-2.26022e-12
grid_turn0.02_speed0.0,straight,0,0.02,675,30,677.633,193.683,119.049,0.466995,0.552125,-2.39705e-12
grid_turn0.02_speed0.0,straight,0,0.02,700,30,702.7,202.938,126.198,0.456756,0.562151,-2.52027e-12
grid_turn0.02_speed0.0,straight,0,0.02,725,30,727.733,212.476,133.638,0.471458,0.57409,-2.66015e-12
grid_turn0.02_speed0.0,straight,0,0.02,750,30,752.8,221.741,140.919,0.471851,0.581178,-2.8108e-12
grid_turn0.02_speed0.0,straight,0,0.02,775,30,777.867,230.704,148.635,0.497222,0.608944,-2.96364e-12
grid_turn0.02_speed0.0,straight,0,0.02,800,30,802.867,239.89,156.445,0.500055,0.619472,-3.11648e-12
grid_turn0.02_speed0.0,straight,0,0.02,825,30,827.867,249.35,164.001,0.512468,0.629694,-3.27092e-12
grid_turn0.02_speed0.0,straight,0,0.02,850,30,852.9,259.333,170.622,0.517795,0.627627,-3.43783e-12
grid_turn0.02_speed0.0,straight,0,0.02,875,30,877.9,269.552,177.329,0.525205,0.641576,-3.61412e-12
grid_turn0.02_speed0.0,straight,0,0.02,900,30,902.967,279.86,183.861,0.518552,0.646958,-3.7984e-12
grid_turn0.02_speed0.0,straight,0,0.02,925,30,927.967,290.463,190.588,0.524059,0.657868,-3.97788e-12
grid_turn0.02_speed0.0,straight,0,0.02,950,30,953,300.649,197.558,0.545182,0.660304,-4.15737e-12
grid_turn0.02_speed0.0,straight,0,0.02,975,30,978.067,310.963,204.794,0.535676,0.667988,-4.37099e-12
grid_turn0.02_speed0.0,straight,0,0.02,1000,30,1003.13,321.213,212.132,0.544573,0.668651,-4.60925e-12
grid_turn0.02_speed0.0,straight,0,0.02,1025,30,1028.13,332.055,219.326,0.551175,0.673377,-4.84831e-12
grid_turn0.02_speed0.0,straight,0,0.02,1050,30,1053.13,342.786,227.237,0.558184,0.68319,-5.09699e-12
grid_turn0.02_speed0.0,straight,0,0.02,1075,30,1078.13,353.627,235.817,0.578199,0.718558,-5.33972e-12
grid_turn0.02_speed0.0,straight,0,0.02,1100,30,1103.17,364.143,244.747,0.580384,0.713926,-5.53029e-12
grid_turn0.02_speed0.0,straight,0,0.02,1125,30,1128.2,374.215,254.03,0.576272,0.70703,-5.6761e-12
grid_turn0.02_speed0.0,straight,0,0.02,1150,30,1153.3,384.018,263.591,0.590103,0.715964,-5.79207e-12
grid_turn0.02_speed0.0,straight,0,0.02,1175,30,1178.4,393.738,273.283,0.60804,0.734692,-5.88053e-12
grid_turn0.02_speed0.0,straight,0,0.02,1200,30,1203.4,403.958,282.554,0.59208,0.739023,-5.94991e-12
grid_turn0.02_speed0.0,straight,0,0.02,1225,30,1228.47,414.757,291.706,0.590726,0.729031,-6.0193e-12
grid_turn0.02_speed0.0,straight,0,0.02,1250,30,1253.47,425.354,300.949,0.572868,0.729786,-6.08042e-12
grid_turn0.02_speed0.0,straight,0,0.02,1275,30,1278.53,435.53,310.167,0.574805,0.750357,-6.13052e-12
grid_turn0.02_speed0.0,straight,0,0.02,1300,30,1303.57,445.502,319.095,0.572031,0.748187,-6.15618e-12
grid_turn0.02_speed0.0,straight,0,0.02,1325,30,1328.63,455.505,327.583,0.560967,0.736168,-6.17931e-12
grid_turn0.02_speed0.0,straight,0,0.02,1350,30,1353.7,465.497,335.624,0.555148,0.720651,-6.20244e-12
grid_turn0.02_speed0.0,straight,0,0.02,1375,30,1378.73,475.618,343.93,0.565805,0.73411,-6.22557e-12
grid_turn0.02_speed0.0,straight,0,0.02,1400,30,1403.73,485.924,352.468,0.589584,0.772412,-6.2487e-12
grid_turn0.02_speed0.0,straight,0,0.02,1425,30,1428.8,496.588,360.857,0.594393,0.76928,-6.25338e-12
grid_turn0.02_speed0.0,straight,0,0.02,1450,30,1453.83,507.192,369.329,0.598734,0.758255,-6.25338e-12
grid_turn0.02_speed0.0,straight,0,0.02,1475,30,1478.87,517.345,377.418,0.598041,0.757594,-6.25338e-12
grid_turn0.02_speed0.0,straight,0,0.02,1500,30,1503.93,527.631,385.236,0.597634,0.754349,-6.25338e-12
grid_turn0.02_speed0.0,straight,0,0.02,1525,30,1528.93,538.22,392.84,0.611826,0.761575,-6.25338e-12
grid_turn0.02_speed0.0,straight,0,0.02,1550,30,1553.97,549.385,400.118,0.600344,0.754925,-6.25338e-12
grid_turn0.02_speed0.0,straight,0,0.02,1575,30,1579,560.607,407.095,0.606284,0.741996,-6.25338e-12
grid_turn0.02_speed0.0,straight,0,0.02,1600,30,1604.03,571.706,413.899,0.607758,0.75121,-6.25338e-12
grid_turn0.02_speed0.0,straight,0,0.02,1625,30,1629.07,582.466,421.728,0.623217,0.767643,-6.25338e-12
grid_turn0.02_speed0.0,straight,0,0.02,1650,30,1654.13,593.488,429.666,0.623393,0.763608,-6.25338e-12
grid_turn0.02_speed0.0,straight,0,0.02,1675,30,1679.13,605.182,437.66,0.663762,0.811271,-6.25338e-12
grid_turn0.02_speed0.0,straight,0,0.02,1700,30,1704.17,617.499,445.713,0.658385,0.815633,-6.29878e-12
grid_turn0.02_speed0.0,straight,0,0.02,1725,30,1729.23,629.774,453.84,0.645734,0.811739,-6.37446e-12
grid_turn0.02_speed0.0,straight,0,0.02,1750,30,1754.23,641.944,462.133,0.649662,0.808198,-6.45014e-12
grid_turn0.02_speed0.0,straight,0,0.02,1775,30,1779.23,653.483,470.527,0.637647,0.780473,-6.52582e-12
grid_turn0.02_speed0.0,straight,0,0.02,1800,30,1804.27,665.192,478.953,0.647454,0.797404,-6.6015e-12
grid_turn0.02_speed0.0,straight,0,0.02,1825,30,1829.3,677.229,487.299,0.661515,0.807181,-6.73167e-12
grid_turn0.02_speed0.0,straight,0,0.02,1850,30,1854.33,689.966,495.237,0.688438,0.823364,-6.9481e-12
grid_turn0.02_speed0.0,straight,0,0.02,1875,30,1879.37,702.771,503.534,0.703165,0.864289,-7.15886e-12
grid_turn0.02_speed0.0,straight,0,0.02,1900,30,1904.37,715.732,511.731,0.694368,0.863998,-7.36962e-12
grid_turn0.02_speed0.0,straight,0,0.02,1925,30,1929.4,728.414,519.736,0.680056,0.865568,-7.58037e-12
grid_turn0.02_speed0.0,straight,0,0.02,1950,30,1954.43,740.274,528.226,0.653299,0.842751,-7.86076e-12
grid_turn0.02_speed0.0,straight,0,0.02,1975,30,1979.5,752.269,537.352,0.66988,0.861339,-8.14719e-12
grid_turn0.02_speed0.0,straight,0,0.02,2000,30,2004.53,764.515,546.582,0.667149,0.85043,-8.40639e-12
grid_turn0.02_speed0.05,straight,0.05,0.02,25,30,26,1.37745,0.983372,0.07736,0.105232,-0.479466
grid_turn0.02_speed0.05,straight,0.05,0.02,50,30,51.0667,3.50921,2.4709,0.124304,0.148356,-0.981878
grid_turn0.02_speed0.05,straight,0.05,0.02,75,30,76.1667,6.64534,4.56736,0.145023,0.178347,-1.50341
grid_turn0.02_speed0.05,straight,0.05,0.02,100,30,101.233,10.054,6.96818,0.179684,0.216901,-1.99979
grid_turn0.02_speed0.05,straight,0.05,0.02,125,30,126.4,14.2998,9.8122,0.214803,0.260703,-2.50385
grid_turn0.02_speed0.05,straight,0.05,0.02,150,30,151.5,19.2105,13.0568,0.221197,0.26685,-3.01861
grid_turn0.02_speed0.05,straight,0.05,0.02,175,30,176.5,24.7106,16.2249,0.267411,0.319975,-3.49208
grid_turn0.02_speed0.05,straight,0.05,0.02,200,30,201.533,31.219,19.5594,0.286,0.334408,-3.9767
grid_turn0.02_speed0.05,straight,0.05,0.02,225,30,226.567,37.7532,23.4828,0.292493,0.345021,-4.44436
grid_turn0.02_speed0.05,straight,0.05,0.02,250,30,251.633,44.099,27.4795,0.274645,0.339203,-4.95407
grid_turn0.02_speed0.05,straight,0.05,0.02,275,30,276.7,50.3438,31.2363,0.265795,0.335916,-5.41514
grid_turn0.02_speed0.05,straight,0.05,0.02,300,30,301.833,56.7394,35.2746,0.283159,0.359409,-5.92665
grid_turn0.02_speed0.05,straight,0.05,0.02,325,30,326.833,63.1783,39.4978,0.274804,0.352205,-6.4005
grid_turn0.02_speed0.05,straight,0.05,0.02,350,30,351.867,69.0566,43.8096,0.272037,0.361049,-6.84232
grid_turn0.02_speed0.05,straight,0.05,0.02,375,30,376.933,75.3413,48.3278,0.306348,0.397992,-7.30135
grid_turn0.02_speed0.05,straight,0.05,0.02,400,30,401.967,82.0378,53.2257,0.336366,0.42158,-7.79531
grid_turn0.02_speed0.05,straight,0.05,0.02,425,30,426.967,89.1793,58.0441,0.349325,0.41543,-8.26732
grid_turn0.02_speed0.05,straight,0.05,0.02,450,30,452.033,96.4633,62.7428,0.362146,0.434724,-8.7444
grid_turn0.02_speed0.05,straight,0.05,0.02,475,30,477.067,103.55,67.6431,0.402649,0.465052,-9.229
grid_turn0.02_speed0.05,straight,0.05,0.02,500,30,502.067,110.823,72.6791,0.400357,0.460818,-9.70321
grid_turn0.02_speed0.05,straight,0.05,0.02,525,30,527.133,118.098,78.1415,0.416388,0.47671,-10.2329
grid_turn0.02_speed0.05,straight,0.05,0.02,550,30,552.2,125.514,84.4411,0.437804,0.51054,-10.7038
grid_turn0.02_speed0.05,straight,0.05,0.02,575,30,577.233,133.387,90.249,0.458216,0.514611,-11.1847
grid_turn0.02_speed0.05,straight,0.05,0.02,600,30,602.367,141.462,95.86,0.424447,0.517913,-11.7155
grid_turn0.02_speed0.05,straight,0.05,0.02,625,30,627.5,150.052,100.713,0.441053,0.532846,-12.1631
grid_turn0.02_speed0.05,straight,0.05,0.02,650,30,652.533,158.786,104.996,0.426008,0.520193,-12.6633
grid_turn0.02_speed0.05,straight,0.05,0.02,675,30,677.633,167.594,109.18,0.4295,0.543937,-13.1759
grid_turn0.02_speed0.05,straight,0.05,0.02,700,30,702.7,176.33,113.269,0.451961,0.545014,-13.6539
grid_turn0.02_speed0.05,straight,0.05,0.02,725,30,727.733,185.037,117.41,0.45106,0.545094,-14.1375
grid_turn0.02_speed0.05,straight,0.05,0.02,750,30,752.8,193.851,121.047,0.43048,0.520986,-14.6513
grid_turn0.02_speed0.05,straight,0.05,0.02,775,30,777.867,202.462,124.761,0.441836,0.526173,-15.144
grid_turn0.02_speed0.05,straight,0.05,0.02,800,30,802.867,211.641,128.201,0.438745,0.526143,-15.6616
grid_turn0.02_speed0.05,straight,0.05,0.02,825,30,827.867,220.671,131.654,0.449331,0.525285,-16.1856
grid_turn0.02_speed0.05,straight,0.05,0.02,850,30,852.9,230.189,135.28,0.490815,0.566802,-16.7149
grid_turn0.02_speed0.05,straight,0.05,0.02,875,30,877.9,239.585,139.219,0.492948,0.567852,-17.2207
grid_turn0.02_speed0.05,straight,0.05,0.02,900,30,902.967,248.812,143.536,0.505078,0.578656,-17.7458
grid_turn0.02_speed0.05,straight,0.05,0.02,925,30,927.967,258.611,148.402,0.496595,0.570116,-18.2203
grid_turn0.02_speed0.05,straight,0.05,0.02,950,30,953,268.451,153.613,0.505588,0.582251,-18.7146
grid_turn0.02_speed0.05,straight,0.05,0.02,975,30,978.067,278.457,159.011,0.521839,0.594351,-19.2026
grid_turn0.02_speed0.05,straight,0.05,0.02,1000,30,1003.13,288.909,164.724,0.553293,0.619671,-19.6915
grid_turn0.02_speed0.05,straight,0.05,0.02,1025,30,1028.13,299.514,170.861,0.563524,0.622685,-20.1672
grid_turn0.02_speed0.05,straight,0.05,0.02,1050,30,1053.13,310.32,177.156,0.564263,0.631135,-20.6858
grid_turn0.02_speed0.05,straight,0.05,0.02,1075,30,1078.13,321.304,183.44,0.562654,0.64685,-21.1821
grid_turn0.02_speed0.05,straight,0.05,0.02,1100,30,1103.17,331.965,189.265,0.584175,0.654637,-21.6879
grid_turn0.02_speed0.05,straight,0.05,0.02,1125,30,1128.2,343.228,194.82,0.557834,0.631195,-22.1879
grid_turn0.02_speed0.05,straight,0.05,0.02,1150,30,1153.3,354.67,199.905,0.569063,0.646496,-22.7298
grid_turn0.02_speed0.05,straight,0.05,0.02,1175,30,1178.4,365.896,204.754,0.558737,0.650271,-23.2264
grid_turn0.02_speed0.05,straight,0.05,0.02,1200,30,1203.4,377.329,210.078,0.568433,0.665791,-23.7359
grid_turn0.02_speed0.05,straight,0.05,0.02,1225,30,1228.47,388.648,216.002,0.562023,0.666105,-24.2136
grid_turn0.02_speed0.05,straight,0.05,0.02,1250,30,1253.47,399.543,222.124,0.537472,0.642025,-24.6741
grid_turn0.02_speed0.05,straight,0.05,0.02,1275,30,1278.53,410.075,227.957,0.53952,0.644325,-25.1736
grid_turn0.02_speed0.05,straight,0.05,0.02,1300,30,1303.57,420.146,233.751,0.511779,0.622057,-25.6721
grid_turn0.02_speed0.05,straight,0.05,0.02,1325,30,1328.63,429.688,239.913,0.486604,0.580749,-26.1268
grid_turn0.02_speed0.05,straight,0.05,0.02,1350,30,1353.7,438.807,246.254,0.506664,0.599588,-26.6073
grid_turn0.02_speed0.05,straight,0.05,0.02,1375,30,1378.73,448.054,252.759,0.49001,0.581979,-27.1008
grid_turn0.02_speed0.05,straight,0.05,0.02,1400,30,1403.73,457.619,258.899,0.488519,0.595397,-27.5569
grid_turn0.02_speed0.05,straight,0.05,0.02,1425,30,1428.8,467.084,264.756,0.480471,0.583831,-28.056
grid_turn0.02_speed0.05,straight,0.05,0.02,1450,30,1453.83,476.639,270.581,0.488029,0.608406,-28.5734
grid_turn0.02_speed0.05,straight,0.05,0.02,1475,30,1478.87,486.619,276.853,0.509894,0.635533,-29.0767
grid_turn0.02_speed0.05,straight,0.05,0.02,1500,30,1503.93,496.538,283.033,0.504168,0.623347,-29.564
grid_turn0.02_speed0.05,straight,0.05,0.02,1525,30,1528.93,506.644,289.129,0.519329,0.647966,-30.0558
grid_turn0.02_speed0.05,straight,0.05,0.02,1550,30,1553.97,517.099,295.509,0.563635,0.678632,-30.5639
grid_turn0.02_speed0.05,straight,0.05,0.02,1575,30,1579,527.878,302.04,0.576945,0.687829,-31.0504
grid_turn0.02_speed0.05,straight,0.05,0.02,1600,30,1604.03,538.736,308.004,0.576017,0.674932,-31.5158
grid_turn0.02_speed0.05,straight,0.05,0.02,1625,30,1629.07,549.354,314.467,0.598828,0.687762,-32.0226
grid_turn0.02_speed0.05,straight,0.05,0.02,1650,30,1654.13,560.265,321.148,0.590927,0.690227,-32.5494
grid_turn0.02_speed0.05,straight,0.05,0.02,1675,30,1679.13,571.535,328.037,0.592613,0.687042,-33.0201
grid_turn0.02_speed0.05,straight,0.05,0.02,1700,30,1704.17,582.731,335.096,0.585889,0.671652,-33.522
grid_turn0.02_speed0.05,straight,0.05,0.02,1725,30,1729.23,593.467,341.415,0.557252,0.646461,-33.9987
grid_turn0.02_speed0.05,straight,0.05,0.02,1750,30,1754.23,604.324,347.159,0.571205,0.66122,-34.526
grid_turn0.02_speed0.05,straight,0.05,0.02,1775,30,1779.23,615.444,352.974,0.564247,0.662147,-35.0281
grid_turn0.02_speed0.05,straight,0.05,0.02,1800,30,1804.27,626.099,358.546,0.536646,0.632709,-35.4988
grid_turn0.02_speed0.05,straight,0.05,0.02,1825,30,1829.3,636.582,363.832,0.517267,0.632227,-36.0021
grid_turn0.02_speed0.05,straight,0.05,0.02,1850,30,1854.33,646.682,369.455,0.511717,0.629253,-36.4753
grid_turn0.02_speed0.05,straight,0.05,0.02,1875,30,1879.37,656.582,374.82,0.525196,0.626949,-37.0232
grid_turn0.02_speed0.05,straight,0.05,0.02,1900,30,1904.37,666.121,380.433,0.520608,0.621393,-37.5066
grid_turn0.02_speed0.05,straight,0.05,0.02,1925,30,1929.4,675.621,385.934,0.497386,0.625259,-37.9619
grid_turn0.02_speed0.05,straight,0.05,0.02,1950,30,1954.43,684.908,391.269,0.485882,0.609763,-38.4669
grid_turn0.02_speed0.05,straight,0.05,0.02,1975,30,1979.5,694.116,396.443,0.487846,0.603245,-38.9473
grid_turn0.02_speed0.05,straight,0.05,0.02,2000,30,2004.53,703.317,402.047,0.50053,0.619901,-39.4274
grid_turn0.02_speed0.1,straight,0.1,0.02,25,30,26,1.66984,0.875745,0.07736,0.105232,-0.958932
grid_turn0.02_speed0.1,straight,0.1,0.02,50,30,51.0667,4.02398,2.23834,0.124304,0.148356,-1.96376
grid_turn0.02_speed0.1,straight,0.1,0.02,75,30,76.1667,7.31999,4.17458,0.145023,0.178347,-3.00682
grid_turn0.02_speed0.1,straight,0.1,0.02,100,30,101.233,10.9081,6.3907,0.179684,0.216901,-3.99958
grid_turn0.02_speed0.1,straight,0.1,0.02,125,30,126.4,15.2727,9.07357,0.214803,0.260703,-5.0077
grid_turn0.02_speed0.1,straight,0.1,0.02,150,30,151.5,20.2297,12.2293,0.221197,0.26685,-6.03722
grid_turn0.02_speed0.1,straight,0.1,0.02,175,30,176.5,25.7157,15.397,0.267411,0.319975,-6.98415
grid_turn0.02_speed0.1,straight,0.1,0.02,200,30,201.533,32.2069,18.6945,0.286,0.334408,-7.95341
grid_turn0.02_speed0.1,straight,0.1,0.02,225,30,226.567,38.8107,22.4583,0.292493,0.345021,-8.88872
grid_turn0.02_speed0.1,straight,0.1,0.02,250,30,251.633,45.2827,26.2356,0.274645,0.339203,-9.90814
grid_turn0.02_speed0.1,straight,0.1,0.02,275,30,276.7,51.5742,29.9018,0.265795,0.335916,-10.8303
grid_turn0.02_speed0.1,straight,0.1,0.02,300,30,301.833,58.0529,33.8226,0.283159,0.359409,-11.8533
grid_turn0.02_speed0.1,straight,0.1,0.02,325,30,326.833,64.5541,37.9591,0.274804,0.352205,-12.801
grid_turn0.02_speed0.1,straight,0.1,0.02,350,30,351.867,70.4649,42.2049,0.272037,0.361049,-13.6846
grid_turn0.02_speed0.1,straight,0.1,0.02,375,30,376.933,76.7714,46.6431,0.306348,0.397992,-14.6027
grid_turn0.02_speed0.1,straight,0.1,0.02,400,30,401.967,83.4974,51.4935,0.336366,0.42158,-15.5906
grid_turn0.02_speed0.1,straight,0.1,0.02,425,30,426.967,90.6674,56.2639,0.349325,0.41543,-16.5346
grid_turn0.02_speed0.1,straight,0.1,0.02,450,30,452.033,98.0195,60.8507,0.362146,0.434724,-17.4888
grid_turn0.02_speed0.1,straight,0.1,0.02,475,30,477.067,105.275,65.5107,0.402649,0.465052,-18.458
grid_turn0.02_speed0.1,straight,0.1,0.02,500,30,502.067,112.781,70.2112,0.400357,0.460818,-19.4064
grid_turn0.02_speed0.1,straight,0.1,0.02,525,30,527.133,120.327,75.2712,0.416388,0.47671,-20.4657
grid_turn0.02_speed0.1,straight,0.1,0.02,550,30,552.2,128.061,81.0798,0.437804,0.51054,-21.4076
grid_turn0.02_speed0.1,straight,0.1,0.02,575,30,577.233,136.127,86.5859,0.458216,0.514611,-22.3694
grid_turn0.02_speed0.1,straight,0.1,0.02,600,30,602.367,144.376,91.9366,0.424447,0.517913,-23.431
grid_turn0.02_speed0.1,straight,0.1,0.02,625,30,627.5,152.961,96.732,0.441053,0.532846,-24.3262
grid_turn0.02_speed0.1,straight,0.1,0.02,650,30,652.533,161.656,101.01,0.426008,0.520193,-25.3266
grid_turn0.02_speed0.1,straight,0.1,0.02,675,30,677.633,170.396,105.256,0.4295,0.543937,-26.3519
grid_turn0.02_speed0.1,straight,0.1,0.02,700,30,702.7,179.051,109.462,0.451961,0.545014,-27.3078
grid_turn0.02_speed0.1,straight,0.1,0.02,725,30,727.733,187.72,113.64,0.45106,0.545094,-28.275
grid_turn0.02_speed0.1,straight,0.1,0.02,750,30,752.8,196.482,117.279,0.43048,0.520986,-29.3026
grid_turn0.02_speed0.1,straight,0.1,0.02,775,30,777.867,205.057,121.015,0.441836,0.526173,-30.2879
grid_turn0.02_speed0.1,straight,0.1,0.02,800,30,802.867,214.197,124.459,0.438745,0.526143,-31.3232
grid_turn0.02_speed0.1,straight,0.1,0.02,825,30,827.867,223.26,127.858,0.449331,0.525285,-32.3712
grid_turn0.02_speed0.1,straight,0.1,0.02,850,30,852.9,232.85,131.343,0.490815,0.566802,-33.4299
grid_turn0.02_speed0.1,straight,0.1,0.02,875,30,877.9,242.339,135.1,0.492948,0.567852,-34.4415
grid_turn0.02_speed0.1,straight,0.1,0.02,900,30,902.967,251.677,139.176,0.505078,0.578656,-35.4915
grid_turn0.02_speed0.1,straight,0.1,0.02,925,30,927.967,261.572,143.819,0.496595,0.570116,-36.4406
grid_turn0.02_speed0.1,straight,0.1,0.02,950,30,953,271.531,148.796,0.505588,0.582251,-37.4292
grid_turn0.02_speed0.1,straight,0.1,0.02,975,30,978.067,281.622,153.969,0.521839,0.594351,-38.4051
grid_turn0.02_speed0.1,straight,0.1,0.02,1000,30,1003.13,292.177,159.416,0.553293,0.619671,-39.3829
grid_turn0.02_speed0.1,straight,0.1,0.02,1025,30,1028.13,302.91,165.208,0.563524,0.622685,-40.3344
grid_turn0.02_speed0.1,straight,0.1,0.02,1050,30,1053.13,313.884,171.128,0.564263,0.631135,-41.3716
grid_turn0.02_speed0.1,straight,0.1,0.02,1075,30,1078.13,325.009,177.069,0.562654,0.64685,-42.3641
grid_turn0.02_speed0.1,straight,0.1,0.02,1100,30,1103.17,335.839,182.555,0.584175,0.654637,-43.3758
grid_turn0.02_speed0.1,straight,0.1,0.02,1125,30,1128.2,347.213,187.809,0.557834,0.631195,-44.3758
grid_turn0.02_speed0.1,straight,0.1,0.02,1150,30,1153.3,358.703,192.648,0.569063,0.646496,-45.4595
grid_turn0.02_speed0.1,straight,0.1,0.02,1175,30,1178.4,369.963,197.307,0.558737,0.650271,-46.4528
grid_turn0.02_speed0.1,straight,0.1,0.02,1200,30,1203.4,381.429,202.421,0.568433,0.665791,-47.4718
grid_turn0.02_speed0.1,straight,0.1,0.02,1225,30,1228.47,392.748,208.186,0.562023,0.666105,-48.4272
grid_turn0.02_speed0.1,straight,0.1,0.02,1250,30,1253.47,403.643,214.193,0.537472,0.642025,-49.3482
grid_turn0.02_speed0.1,straight,0.1,0.02,1275,30,1278.53,414.173,219.961,0.53952,0.644325,-50.3472
grid_turn0.02_speed0.1,straight,0.1,0.02,1300,30,1303.57,424.258,225.699,0.511779,0.622057,-51.3443
grid_turn0.02_speed0.1,straight,0.1,0.02,1325,30,1328.63,433.844,231.795,0.486604,0.580749,-52.2535
grid_turn0.02_speed0.1,straight,0.1,0.02,1350,30,1353.7,442.969,238.074,0.506664,0.599588,-53.2146
grid_turn0.02_speed0.1,straight,0.1,0.02,1375,30,1378.73,452.303,244.415,0.49001,0.581979,-54.2015
grid_turn0.02_speed0.1,straight,0.1,0.02,1400,30,1403.73,461.925,250.441,0.488519,0.595397,-55.1137
grid_turn0.02_speed0.1,straight,0.1,0.02,1425,30,1428.8,471.445,256.181,0.480471,0.583831,-56.1121
grid_turn0.02_speed0.1,straight,0.1,0.02,1450,30,1453.83,481.055,261.9,0.488029,0.608406,-57.1468
grid_turn0.02_speed0.1,straight,0.1,0.02,1475,30,1478.87,491.098,268.047,0.509894,0.635533,-58.1535
grid_turn0.02_speed0.1,straight,0.1,0.02,1500,30,1503.93,501.046,274.15,0.504168,0.623347,-59.128
grid_turn0.02_speed0.1,straight,0.1,0.02,1525,30,1528.93,511.164,280.146,0.519329,0.647966,-60.1115
grid_turn0.02_speed0.1,straight,0.1,0.02,1550,30,1553.97,521.645,286.464,0.563635,0.678632,-61.1277
grid_turn0.02_speed0.1,straight,0.1,0.02,1575,30,1579,532.447,292.973,0.576945,0.687829,-62.1007
grid_turn0.02_speed0.1,straight,0.1,0.02,1600,30,1604.03,543.263,299.001,0.576017,0.674932,-63.0316
grid_turn0.02_speed0.1,straight,0.1,0.02,1625,30,1629.07,553.948,305.431,0.598828,0.687762,-64.0453
grid_turn0.02_speed0.1,straight,0.1,0.02,1650,30,1654.13,564.912,312.022,0.590927,0.690227,-65.0988
grid_turn0.02_speed0.1,straight,0.1,0.02,1675,30,1679.13,576.175,318.861,0.592613,0.687042,-66.0403
grid_turn0.02_speed0.1,straight,0.1,0.02,1700,30,1704.17,587.413,325.831,0.585889,0.671652,-67.0441
grid_turn0.02_speed0.1,straight,0.1,0.02,1725,30,1729.23,598.142,332.086,0.557252,0.646461,-67.9975
grid_turn0.02_speed0.1,straight,0.1,0.02,1750,30,1754.23,608.99,337.786,0.571205,0.66122,-69.0521
grid_turn0.02_speed0.1,straight,0.1,0.02,1775,30,1779.23,620.107,343.559,0.564247,0.662147,-70.0561
grid_turn0.02_speed0.1,straight,0.1,0.02,1800,30,1804.27,630.79,349.065,0.536646,0.632709,-70.9977
grid_turn0.02_speed0.1,straight,0.1,0.02,1825,30,1829.3,641.308,354.294,0.517267,0.632227,-72.0043
grid_turn0.02_speed0.1,straight,0.1,0.02,1850,30,1854.33,651.454,359.852,0.511717,0.629253,-72.9505
grid_turn0.02_speed0.1,straight,0.1,0.02,1875,30,1879.37,661.403,365.12,0.525196,0.626949,-74.0464
grid_turn0.02_speed0.1,straight,0.1,0.02,1900,30,1904.37,671.049,370.6,0.520608,0.621393,-75.0131
grid_turn0.02_speed0.1,straight,0.1,0.02,1925,30,1929.4,680.608,376.007,0.497386,0.625259,-75.9238
grid_turn0.02_speed0.1,straight,0.1,0.02,1950,30,1954.43,689.978,381.203,0.485882,0.609763,-76.9339
grid_turn0.02_speed0.1,straight,0.1,0.02,1975,30,1979.5,699.269,386.244,0.487846,0.603245,-77.8946
grid_turn0.02_speed0.1,straight,0.1,0.02,2000,30,2004.53,708.574,391.69,0.50053,0.619901,-78.8548
speed_only_turning,turning,0.05,0,25,30,42.5,0.316672,0.122381,5.32907e-16,6.8798e-16,-0.359868
speed_only_turning,turning,0.05,0,50,30,83.2667,0.53561,0.21367,5.18104e-16,7.819e-16,-0.72946
speed_only_turning,turning,0.05,0,75,30,124.233,0.745366,0.273716,6.06922e-16,8.61884e-16,-1.10853
speed_only_turning,turning,0.05,0,100,30,165.733,0.929575,0.338767,6.80937e-16,9.45538e-16,-1.52348
speed_only_turning,turning,0.05,0,125,30,206.733,1.07159,0.363336,6.06922e-16,8.30815e-16,-1.87743
speed_only_turning,turning,0.05,0,150,30,247.8,1.22763,0.432125,6.21725e-16,8.7325e-16,-2.27151
speed_only_turning,turning,0.05,0,175,30,289.067,1.35693,0.518047,5.92119e-16,8.426e-16,-2.65684
speed_only_turning,turning,0.05,0,200,30,330.367,1.39451,0.610161,6.66134e-16,9.49008e-16,-2.99773
speed_only_turning,turning,0.05,0,225,30,372.5,1.46629,0.751735,6.9574e-16,1.02237e-15,-3.37739
speed_only_turning,turning,0.05,0,250,30,412.067,1.48146,0.830552,5.62513e-16,9.3856e-16,-3.72688
speed_only_turning,turning,0.05,0,275,30,452.567,1.53841,0.892506,5.92119e-16,9.52465e-16,-4.04011
speed_only_turning,turning,0.05,0,300,30,492.5,1.71315,0.949839,6.06922e-16,9.42055e-16,-4.3957
speed_only_turning,turning,0.05,0,325,30,532.667,1.81946,0.957803,6.9574e-16,1.00289e-15,-4.7692
speed_only_turning,turning,0.05,0,350,30,573.933,1.90702,1.01314,6.06922e-16,9.96318e-16,-5.14869
speed_only_turning,turning,0.05,0,375,30,614.833,1.99924,1.02934,6.51331e-16,1.01268e-15,-5.55695
speed_only_turning,turning,0.05,0,400,30,655.833,2.08559,1.0369,7.10543e-16,1.04463e-15,-5.87167
speed_only_turning,turning,0.05,0,425,30,696.033,2.19784,1.00811,7.10543e-16,1.07564e-15,-6.20105
speed_only_turning,turning,0.05,0,450,30,736.267,2.28302,1.08466,6.80937e-16,1.05091e-15,-6.53064
speed_only_turning,turning,0.05,0,475,30,777.5,2.31136,1.13389,7.10543e-16,1.06334e-15,-6.88662
speed_only_turning,turning,0.05,0,500,30,817.833,2.35705,1.20306,6.9574e-16,1.03515e-15,-7.29069
speed_only_turning,turning,0.05,0,525,30,859.2,2.39776,1.16194,7.54952e-16,1.09081e-15,-7.62357
speed_only_turning,turning,0.05,0,550,30,900.1,2.46039,1.13562,7.25346e-16,1.09682e-15,-7.99677
speed_only_turning,turning,0.05,0,575,30,941.533,2.48595,1.16643,8.73375e-16,1.22695e-15,-8.37544
speed_only_turning,turning,0.05,0,600,30,981.433,2.50917,1.17523,7.84558e-16,1.16088e-15,-8.75049
speed_only_turning,turning,0.05,0,625,30,1022.73,2.56805,1.23161,6.51331e-16,1.04463e-15,-9.14851
speed_only_turning,turning,0.05,0,650,30,1062.87,2.54012,1.3354,7.10543e-16,1.09382e-15,-9.51505
speed_only_turning,turning,0.05,0,675,30,1102.67,2.47923,1.44252,7.84558e-16,1.1495e-15,-9.89017
speed_only_turning,turning,0.05,0,700,30,1143.5,2.51428,1.43824,9.4739e-16,1.27168e-15,-10.2422
speed_only_turning,turning,0.05,0,725,30,1185.3,2.61231,1.44503,8.88178e-16,1.22963e-15,-10.5817
speed_only_turning,turning,0.05,0,750,30,1225.2,2.68933,1.44357,9.62193e-16,1.27426e-15,-10.9664
speed_only_turning,turning,0.05,0,775,30,1266.03,2.64671,1.4297,8.73375e-16,1.19437e-15,-11.3607
speed_only_turning,turning,0.05,0,800,30,1306.2,2.60119,1.4505,8.43769e-16,1.18885e-15,-11.6796
speed_only_turning,turning,0.05,0,825,30,1348.17,2.55448,1.49867,9.62193e-16,1.27941e-15,-12.0672
speed_only_turning,turning,0.05,0,850,30,1388.77,2.63113,1.52953,9.17784e-16,1.25083e-15,-12.4411
speed_only_turning,turning,0.05,0,875,30,1429.73,2.80931,1.56847,6.9574e-16,1.07869e-15,-12.8079
speed_only_turning,turning,0.05,0,900,30,1470,2.94013,1.50455,8.28967e-16,1.19162e-15,-13.2045
speed_only_turning,turning,0.05,0,925,30,1511,3.04102,1.45859,8.43769e-16,1.19437e-15,-13.5401
speed_only_turning,turning,0.05,0,950,30,1551.87,3.08784,1.46616,8.58572e-16,1.19712e-15,-13.9135
speed_only_turning,turning,0.05,0,975,30,1593.23,3.08413,1.47089,8.14164e-16,1.16653e-15,-14.2979
speed_only_turning,turning,0.05,0,1000,30,1632.8,3.0605,1.56239,8.14164e-16,1.16088e-15,-14.7318
speed_only_turning,turning,0.05,0,1025,30,1673.3,3.06362,1.68398,8.88178e-16,1.21889e-15,-15.0771
speed_only_turning,turning,0.05,0,1050,30,1713.77,3.12894,1.8462,8.88178e-16,1.25607e-15,-15.4603
speed_only_turning,turning,0.05,0,1075,30,1755.4,3.16241,1.94751,8.43769e-16,1.19437e-15,-15.8621
speed_only_turning,turning,0.05,0,1100,30,1794.43,3.27439,1.9992,8.88178e-16,1.23496e-15,-16.2253
speed_only_turning,turning,0.05,0,1125,30,1835.3,3.42367,2.02155,8.14164e-16,1.18331e-15,-16.6415
speed_only_turning,turning,0.05,0,1150,30,1875.7,3.51295,1.99096,9.17784e-16,1.24556e-15,-17.0319
speed_only_turning,turning,0.05,0,1175,30,1916.5,3.58863,1.99677,8.88178e-16,1.23496e-15,-17.3516
speed_only_turning,turning,0.05,0,1200,30,1956.2,3.53634,1.9955,8.58572e-16,1.21889e-15,-17.7335
speed_only_turning,turning,0.05,0,1225,30,1996.87,3.55853,1.9418,9.32587e-16,1.27941e-15,-18.0761
speed_only_turning,turning,0.05,0,1250,30,2037.47,3.59544,1.95685,8.43769e-16,1.17774e-15,-18.4121
speed_only_turning,turning,0.05,0,1275,30,2078.77,3.68585,1.94146,7.10543e-16,1.10577e-15,-18.7781
speed_only_turning,turning,0.05,0,1300,30,2120.37,3.77291,1.968,8.28967e-16,1.18053e-15,-19.1439
speed_only_turning,turning,0.05,0,1325,30,2159.97,3.81697,1.97979,7.99361e-16,1.15235e-15,-19.5106
speed_only_turning,turning,0.05,0,1350,30,2199.77,3.78596,2.01959,7.84558e-16,1.16088e-15,-19.846
speed_only_turning,turning,0.05,0,1375,30,2240.7,3.79222,2.10858,7.25346e-16,1.11466e-15,-20.1548
speed_only_turning,turning,0.05,0,1400,30,2282.83,3.80003,2.12396,7.54952e-16,1.1495e-15,-20.5207
speed_only_turning,turning,0.05,0,1425,30,2322.7,3.81992,2.11948,7.54952e-16,1.1495e-15,-20.9632
speed_only_turning,turning,0.05,0,1450,30,2362.57,3.84882,2.1373,7.84558e-16,1.16088e-15,-21.3223
speed_only_turning,turning,0.05,0,1475,30,2404.37,3.90494,2.12554,9.02981e-16,1.31987e-15,-21.6845
speed_only_turning,turning,0.05,0,1500,30,2446.23,3.94373,2.13819,8.73375e-16,1.31987e-15,-22.0385
speed_only_turning,turning,0.05,0,1525,30,2486.93,3.92004,2.17899,8.28967e-16,1.27684e-15,-22.3757
speed_only_turning,turning,0.05,0,1550,30,2526.7,4.00357,2.15931,6.80937e-16,1.08779e-15,-22.7085
speed_only_turning,turning,0.05,0,1575,30,2567.2,4.03025,2.13944,7.69755e-16,1.14663e-15,-23.0858
speed_only_turning,turning,0.05,0,1600,30,2608.67,4.05367,2.22685,8.88178e-16,1.29727e-15,-23.4639
speed_only_turning,turning,0.05,0,1625,30,2649.43,3.99128,2.27311,9.4739e-16,1.35671e-15,-23.8169
speed_only_turning,turning,0.05,0,1650,30,2691,3.9622,2.31957,9.62193e-16,1.36877e-15,-24.1425
speed_only_turning,turning,0.05,0,1675,30,2732.87,3.97045,2.38007,8.14164e-16,1.16653e-15,-24.534
speed_only_turning,turning,0.05,0,1700,30,2774.37,4.04081,2.44247,7.99361e-16,1.18053e-15,-24.8928
speed_only_turning,turning,0.05,0,1725,30,2815.43,4.06839,2.541,8.43769e-16,1.20533e-15,-25.2643
speed_only_turning,turning,0.05,0,1750,30,2856.47,4.07884,2.59479,8.14164e-16,1.18331e-15,-25.6423
speed_only_turning,turning,0.05,0,1775,30,2896.53,4.11758,2.56825,8.73375e-16,1.22695e-15,-26.0032
speed_only_turning,turning,0.05,0,1800,30,2937.8,4.12507,2.5242,7.99361e-16,1.17495e-15,-26.3855
speed_only_turning,turning,0.05,0,1825,30,2978.23,4.11211,2.46437,8.88178e-16,1.25607e-15,-26.7385
speed_only_turning,turning,0.05,0,1850,30,3019.9,4.0842,2.50126,8.14164e-16,1.18331e-15,-27.1281
speed_only_turning,turning,0.05,0,1875,30,3061.83,4.11721,2.48999,7.54952e-16,1.138e-15,-27.4787
speed_only_turning,turning,0.05,0,1900,30,3102.03,4.07538,2.4949,8.43769e-16,1.19437e-15,-27.8248
speed_only_turning,turning,0.05,0,1925,30,3141.8,4.13083,2.54579,8.28967e-16,1.17495e-15,-28.2123
speed_only_turning,turning,0.05,0,1950,30,3182.83,4.26039,2.59438,8.43769e-16,1.1495e-15,-28.5708
speed_only_turning,turning,0.05,0,1975,30,3225.2,4.36884,2.5775,7.84558e-16,1.12054e-15,-28.9221
speed_only_turning,turning,0.05,0,2000,30,3265.2,4.4593,2.53292,7.40149e-16,1.08779e-15,-29.3256
turn_only_turning,turning,0,0.01,25,30,42.6333,0.687382,0.577021,0.0493017,0.0662698,-4.06342e-15
turn_only_turning,turning,0,0.01,50,30,83.8333,1.54161,1.13294,0.0762285,0.0948441,-1.05027e-14
turn_only_turning,turning,0,0.01,75,30,124.5,2.86497,1.95796,0.0882242,0.108794,-1.55801e-14
turn_only_turning,turning,0,0.01,100,30,166.133,4.35281,3.29022,0.115296,0.141152,-2.33369e-14
turn_only_turning,turning,0,0.01,125,30,207.7,6.15262,4.54558,0.111106,0.137132,-3.35879e-14
turn_only_turning,turning,0,0.01,150,30,249,7.97366,5.88201,0.136909,0.165738,-4.76064e-14
turn_only_turning,turning,0,0.01,175,30,290.633,9.45816,6.95953,0.142393,0.172517,-6.14842e-14
turn_only_turning,turning,0,0.01,200,30,332.1,10.97,7.23627,0.169873,0.206172,-7.8441e-14
turn_only_turning,turning,0,0.01,225,30,374.067,12.9968,8.5463,0.185159,0.227964,-9.74924e-14
turn_only_turning,turning,0,0.01,250,30,414.3,14.3462,9.29334,0.204287,0.245969,-1.23213e-13
turn_only_turning,turning,0,0.01,275,30,455.233,16.0134,10.3222,0.223184,0.258202,-1.58273e-13
turn_only_turning,turning,0,0.01,300,30,495.667,18.3373,13.0476,0.223978,0.2602,-1.84645e-13
turn_only_turning,turning,0,0.01,325,30,535.733,19.9716,14.1509,0.209812,0.246999,-2.23118e-13
turn_only_turning,turning,0,0.01,350,30,576.9,20.8681,14.8402,0.226281,0.275614,-2.52605e-13
turn_only_turning,turning,0,0.01,375,30,618.267,21.5419,15.1846,0.239072,0.289829,-2.85468e-13
turn_only_turning,turning,0,0.01,400,30,659.2,22.1283,14.981,0.222266,0.280524,-3.11958e-13
turn_only_turning,turning,0,0.01,425,30,699.8,23.1398,15.716,0.22848,0.284193,-3.48773e-13
turn_only_turning,turning,0,0.01,450,30,740.667,24.5578,18.2037,0.24688,0.299059,-3.85055e-13
turn_only_turning,turning,0,0.01,475,30,781.9,26.5645,20.0142,0.254735,0.313703,-4.23358e-13
turn_only_turning,turning,0,0.01,500,30,822.5,28.3025,19.924,0.257138,0.316479,-4.66486e-13
turn_only_turning,turning,0,0.01,525,30,864.133,29.5399,19.7249,0.247865,0.306477,-5.03597e-13
turn_only_turning,turning,0,0.01,550,30,905.867,31.6232,21.3966,0.248268,0.309175,-5.35105e-13
turn_only_turning,turning,0,0.01,575,30,946.567,32.8078,22.8541,0.263955,0.328567,-5.76021e-13
turn_only_turning,turning,0,0.01,600,30,987.533,33.9077,24.2293,0.275864,0.341612,-6.18898e-13
turn_only_turning,turning,0,0.01,625,30,1028.77,35.5743,25.3232,0.275198,0.335817,-6.69353e-13
turn_only_turning,turning,0,0.01,650,30,1068.67,36.9353,25.4156,0.28909,0.361222,-7.15598e-13
turn_only_turning,turning,0,0.01,675,30,1108.83,36.3234,25.4847,0.29385,0.36036,-7.56706e-13
turn_only_turning,turning,0,0.01,700,30,1150.07,35.1346,25.8151,0.301747,0.361903,-7.89265e-13
turn_only_turning,turning,0,0.01,725,30,1191.93,36.7899,27.2192,0.296594,0.368113,-8.2061e-13
turn_only_turning,turning,0,0.01,750,30,1232.37,38.4047,27.8471,0.285652,0.361587,-8.55205e-13
turn_only_turning,turning,0,0.01,775,30,1273.6,39.3148,28.2562,0.284982,0.363742,-9.01227e-13
turn_only_turning,turning,0,0.01,800,30,1314.03,41.2056,28.9603,0.277754,0.363857,-9.43453e-13
turn_only_turning,turning,0,0.01,825,30,1356.57,43.1066,30.0015,0.277312,0.363599,-9.78617e-13
turn_only_turning,turning,0,0.01,850,30,1396.63,44.972,30.0229,0.283161,0.373398,-1.02817e-12
turn_only_turning,turning,0,0.01,875,30,1438.27,44.798,29.2352,0.286402,0.370557,-1.07703e-12
turn_only_turning,turning,0,0.01,900,30,1478.37,44.5622,30.1105,0.296207,0.372983,-1.13178e-12
turn_only_turning,turning,0,0.01,925,30,1519.73,45.5211,30.1475,0.294142,0.368485,-1.19085e-12
turn_only_turning,turning,0,0.01,950,30,1560.87,48.415,31.6264,0.29204,0.368129,-1.24439e-12
turn_only_turning,turning,0,0.01,975,30,1601.8,50.7147,33.1727,0.297946,0.370546,-1.29224e-12
turn_only_turning,turning,0,0.01,1000,30,1642.03,51.9814,34.5045,0.311106,0.387966,-1.34517e-12
turn_only_turning,turning,0,0.01,1025,30,1683.6,52.3681,36.1951,0.332356,0.399503,-1.40246e-12
turn_only_turning,turning,0,0.01,1050,30,1724.03,53.6645,36.9604,0.321662,0.40206,-1.46907e-12
turn_only_turning,turning,0,0.01,1075,30,1764.93,54.0672,36.3262,0.314329,0.390514,-1.52352e-12
turn_only_turning,turning,0,0.01,1100,30,1804.83,55.4544,36.3212,0.333463,0.4064,-1.56287e-12
turn_only_turning,turning,0,0.01,1125,30,1846.4,56.9002,37.9683,0.342633,0.416318,-1.62227e-12
turn_only_turning,turning,0,0.01,1150,30,1887.4,58.3267,40.3113,0.341621,0.42902,-1.68439e-12
turn_only_turning,turning,0,0.01,1175,30,1927.9,60.4842,43.3271,0.343578,0.429942,-1.75614e-12
turn_only_turning,turning,0,0.01,1200,30,1968.3,62.0556,46.9168,0.335606,0.423462,-1.81259e-12
turn_only_turning,turning,0,0.01,1225,30,2008.87,64.5261,49.4168,0.339321,0.435009,-1.8735e-12
turn_only_turning,turning,0,0.01,1250,30,2050.43,67.0997,52.0533,0.350089,0.435285,-1.93985e-12
turn_only_turning,turning,0,0.01,1275,30,2091.87,69.4463,54.7456,0.362151,0.448813,-1.99793e-12
turn_only_turning,turning,0,0.01,1300,30,2132.87,72.5038,56.3094,0.36578,0.447179,-2.05026e-12
turn_only_turning,turning,0,0.01,1325,30,2173.03,74.0531,55.0572,0.351864,0.436798,-2.11737e-12
turn_only_turning,turning,0,0.01,1350,30,2213.23,75.3194,55.6084,0.359061,0.448643,-2.18188e-12
turn_only_turning,turning,0,0.01,1375,30,2254.53,79.3898,58.5138,0.383157,0.471099,-2.25402e-12
turn_only_turning,turning,0,0.01,1400,30,2296.07,82.4681,60.3333,0.36547,0.448594,-2.31651e-12
turn_only_turning,turning,0,0.01,1425,30,2336.03,84.5697,62.9397,0.360413,0.446636,-2.38819e-12
turn_only_turning,turning,0,0.01,1450,30,2376.5,86.5483,65.0321,0.368766,0.45257,-2.44659e-12
turn_only_turning,turning,0,0.01,1475,30,2418.9,86.5822,65.4321,0.365979,0.442847,-2.5034e-12
turn_only_turning,turning,0,0.01,1500,30,2460.27,86.9104,65.0133,0.379898,0.456513,-2.5581e-12
turn_only_turning,turning,0,0.01,1525,30,2501.5,86.7011,61.5625,0.375355,0.464031,-2.61403e-12
turn_only_turning,turning,0,0.01,1550,30,2541.6,86.3295,59.2353,0.396841,0.483094,-2.67644e-12
turn_only_turning,turning,0,0.01,1575,30,2582.97,87.9036,57.2124,0.406141,0.478028,-2.72942e-12
turn_only_turning,turning,0,0.01,1600,30,2624.23,88.5413,58.2935,0.406006,0.477381,-2.79206e-12
turn_only_turning,turning,0,0.01,1625,30,2665.7,87.7253,59.4537,0.405744,0.478576,-2.85772e-12
turn_only_turning,turning,0,0.01,1650,30,2707.23,88.1727,60.4001,0.394637,0.462381,-2.92792e-12
turn_only_turning,turning,0,0.01,1675,30,2749.7,88.1388,62.4797,0.405775,0.47266,-2.99234e-12
turn_only_turning,turning,0,0.01,1700,30,2790.97,89.6269,65.2265,0.381646,0.458197,-3.06713e-12
turn_only_turning,turning,0,0.01,1725,30,2832.17,89.6244,69.0472,0.379116,0.455889,-3.13275e-12
turn_only_turning,turning,0,0.01,1750,30,2872.73,90.1579,69.5864,0.390906,0.469734,-3.20257e-12
turn_only_turning,turning,0,0.01,1775,30,2914.1,91.7258,68.0749,0.377127,0.456494,-3.26511e-12
turn_only_turning,turning,0,0.01,1800,30,2956.03,93.6817,66.5439,0.389964,0.468232,-3.33146e-12
turn_only_turning,turning,0,0.01,1825,30,2996.77,93.5536,65.7473,0.401859,0.47972,-3.38827e-12
turn_only_turning,turning,0,0.01,1850,30,3039.17,96.7381,65.7469,0.391584,0.473231,-3.4494e-12
turn_only_turning,turning,0,0.01,1875,30,3081.2,100.666,65.8408,0.407986,0.497318,-3.50952e-12
turn_only_turning,turning,0,0.01,1900,30,3120.67,103.262,64.5955,0.407619,0.496653,-3.5923e-12
turn_only_turning,turning,0,0.01,1925,30,3160.83,105.242,65.11,0.406062,0.494326,-3.66546e-12
turn_only_turning,turning,0,0.01,1950,30,3203.27,106.363,67.4923,0.403546,0.49928,-3.733e-12
turn_only_turning,turning,0,0.01,1975,30,3244.37,106.767,69.4044,0.419288,0.513765,-3.81393e-12
turn_only_turning,turning,0,0.01,2000,30,3284.43,108.184,72.4097,0.413521,0.500966,-3.91031e-12
both_turning,turning,0.05,0.01,25,30,42.6333,0.815386,0.486058,0.0552908,0.0679907,-0.356083
both_turning,turning,0.05,0.01,50,30,83.8333,1.79013,1.02084,0.0775579,0.0918368,-0.738246
both_turning,turning,0.05,0.01,75,30,124.5,3.23429,1.897,0.106441,0.128167,-1.14137
both_turning,turning,0.05,0.01,100,30,166.133,4.84027,3.25286,0.131,0.156675,-1.49656
both_turning,turning,0.05,0.01,125,30,207.7,6.77536,4.27561,0.147442,0.172671,-1.85824
both_turning,turning,0.05,0.01,150,30,249,8.42402,5.58295,0.144008,0.175302,-2.20528
both_turning,turning,0.05,0.01,175,30,290.633,9.96614,7.08953,0.138327,0.178784,-2.55277
both_turning,turning,0.05,0.01,200,30,332.1,10.9898,7.47083,0.131795,0.178407,-2.90462
both_turning,turning,0.05,0.01,225,30,374.067,11.9282,8.40742,0.144704,0.196988,-3.21825
both_turning,turning,0.05,0.01,250,30,414.3,12.7878,8.90171,0.178627,0.210527,-3.58175
both_turning,turning,0.05,0.01,275,30,455.233,14.7225,10.2357,0.184477,0.221318,-3.93638
both_turning,turning,0.05,0.01,300,30,495.667,16.7077,11.9594,0.203046,0.233573,-4.29264
both_turning,turning,0.05,0.01,325,30,535.733,18.5658,13.1561,0.220701,0.253285,-4.67114
both_turning,turning,0.05,0.01,350,30,576.9,19.6501,14.7808,0.23667,0.275706,-5.0218
both_turning,turning,0.05,0.01,375,30,618.267,21.0705,15.5706,0.210685,0.25757,-5.37362
both_turning,turning,0.05,0.01,400,30,659.2,21.9813,15.5094,0.215173,0.266117,-5.74122
both_turning,turning,0.05,0.01,425,30,699.8,22.5359,15.2122,0.222547,0.268027,-6.08633
both_turning,turning,0.05,0.01,450,30,740.667,22.4297,15.7623,0.218505,0.259561,-6.45278
both_turning,turning,0.05,0.01,475,30,781.9,24.1074,16.6556,0.216964,0.258475,-6.81165
both_turning,turning,0.05,0.01,500,30,822.5,26.0339,17.6576,0.225921,0.266798,-7.23281
both_turning,turning,0.05,0.01,525,30,864.133,27.0868,18.3194,0.245359,0.285045,-7.59721
both_turning,turning,0.05,0.01,550,30,905.867,28.4654,18.7316,0.248604,0.288972,-7.95219
both_turning,turning,0.05,0.01,575,30,946.567,28.981,17.8244,0.250452,0.28915,-8.319
both_turning,turning,0.05,0.01,600,30,987.533,30.0104,17.8666,0.261003,0.293564,-8.69725
both_turning,turning,0.05,0.01,625,30,1028.77,31.9132,18.6939,0.283589,0.313152,-9.04936
both_turning,turning,0.05,0.01,650,30,1068.67,33.2419,19.8214,0.27951,0.314292,-9.43857
both_turning,turning,0.05,0.01,675,30,1108.83,33.5664,19.5714,0.281052,0.321215,-9.80073
both_turning,turning,0.05,0.01,700,30,1150.07,32.5078,20.1096,0.2816,0.323394,-10.1988
both_turning,turning,0.05,0.01,725,30,1191.93,31.9232,21.4253,0.2879,0.33648,-10.5881
both_turning,turning,0.05,0.01,750,30,1232.37,30.9269,22.2225,0.283882,0.331176,-10.9617
both_turning,turning,0.05,0.01,775,30,1273.6,31.5528,22.9198,0.268017,0.322325,-11.3041
both_turning,turning,0.05,0.01,800,30,1314.03,32.6416,23.2017,0.259624,0.315025,-11.6778
both_turning,turning,0.05,0.01,825,30,1356.57,33.7905,23.1075,0.244682,0.28757,-12.0004
both_turning,turning,0.05,0.01,850,30,1396.63,35.1839,23.3956,0.241104,0.286891,-12.337
both_turning,turning,0.05,0.01,875,30,1438.27,34.6115,23.4975,0.248877,0.304041,-12.6727
both_turning,turning,0.05,0.01,900,30,1478.37,34.5254,23.0674,0.264169,0.31794,-13.0485
both_turning,turning,0.05,0.01,925,30,1519.73,36.2153,22.6095,0.262185,0.320976,-13.4057
both_turning,turning,0.05,0.01,950,30,1560.87,38.919,23.6138,0.287126,0.350361,-13.7576
both_turning,turning,0.05,0.01,975,30,1601.8,40.6252,24.6316,0.286408,0.338255,-14.1185
both_turning,turning,0.05,0.01,1000,30,1642.03,42.2467,25.5419,0.287586,0.336057,-14.5153
both_turning,turning,0.05,0.01,1025,30,1683.6,42.1101,27.2439,0.282749,0.327717,-14.8975
both_turning,turning,0.05,0.01,1050,30,1724.03,42.7256,27.2602,0.281828,0.328205,-15.2488
both_turning,turning,0.05,0.01,1075,30,1764.93,43.1132,27.2356,0.269635,0.312741,-15.5957
both_turning,turning,0.05,0.01,1100,30,1804.83,44.5736,27.6601,0.274046,0.322249,-15.9908
both_turning,turning,0.05,0.01,1125,30,1846.4,45.6285,28.1176,0.264981,0.319495,-16.3253
both_turning,turning,0.05,0.01,1150,30,1887.4,46.2112,28.4859,0.248304,0.307028,-16.6841
both_turning,turning,0.05,0.01,1175,30,1927.9,48.0271,29.328,0.249596,0.306246,-17.0335
both_turning,turning,0.05,0.01,1200,30,1968.3,50.6488,29.8737,0.25009,0.309814,-17.3911
both_turning,turning,0.05,0.01,1225,30,2008.87,52.1478,31.0108,0.241989,0.299214,-17.795
both_turning,turning,0.05,0.01,1250,30,2050.43,54.2574,32.7072,0.246493,0.312363,-18.1657
both_turning,turning,0.05,0.01,1275,30,2091.87,56.1773,34.1302,0.230434,0.307323,-18.5465
both_turning,turning,0.05,0.01,1300,30,2132.87,58.1865,36.251,0.237332,0.323449,-18.8865
both_turning,turning,0.05,0.01,1325,30,2173.03,59.3546,37.7015,0.254353,0.343707,-19.2507
both_turning,turning,0.05,0.01,1350,30,2213.23,60.3879,39.1421,0.269645,0.354987,-19.6009
both_turning,turning,0.05,0.01,1375,30,2254.53,62.4814,41.627,0.292561,0.390303,-19.995
both_turning,turning,0.05,0.01,1400,30,2296.07,63.5602,42.2718,0.299456,0.388666,-20.403
both_turning,turning,0.05,0.01,1425,30,2336.03,65.8427,44.1823,0.294289,0.384593,-20.7562
both_turning,turning,0.05,0.01,1450,30,2376.5,68.4363,47.8814,0.30705,0.396382,-21.1642
both_turning,turning,0.05,0.01,1475,30,2418.9,68.8755,50.4294,0.305514,0.391508,-21.579
both_turning,turning,0.05,0.01,1500,30,2460.27,69.0592,50.5558,0.337583,0.421231,-21.9115
both_turning,turning,0.05,0.01,1525,30,2501.5,69.1702,51.2523,0.34148,0.433072,-22.2651
both_turning,turning,0.05,0.01,1550,30,2541.6,70.0815,51.6092,0.361269,0.449946,-22.6692
both_turning,turning,0.05,0.01,1575,30,2582.97,70.5354,53.9388,0.345153,0.434458,-23.0243
both_turning,turning,0.05,0.01,1600,30,2624.23,70.8676,54.9085,0.349651,0.43636,-23.3993
both_turning,turning,0.05,0.01,1625,30,2665.7,70.7372,55.8077,0.350911,0.444936,-23.7714
both_turning,turning,0.05,0.01,1650,30,2707.23,72.1766,56.2516,0.36101,0.442859,-24.1153
both_turning,turning,0.05,0.01,1675,30,2749.7,74.3216,56.633,0.379354,0.460611,-24.4584
both_turning,turning,0.05,0.01,1700,30,2790.97,76.6803,57.1369,0.404287,0.493787,-24.7878
both_turning,turning,0.05,0.01,1725,30,2832.17,79.1411,58.1256,0.400121,0.494223,-25.1401
both_turning,turning,0.05,0.01,1750,30,2872.73,80.3484,57.4492,0.37689,0.476978,-25.517
both_turning,turning,0.05,0.01,1775,30,2914.1,83.0641,59.9054,0.391861,0.498081,-25.8978
both_turning,turning,0.05,0.01,1800,30,2956.03,82.3882,60.4335,0.387554,0.495629,-26.2599
both_turning,turning,0.05,0.01,1825,30,2996.77,80.3136,61.5179,0.377398,0.48835,-26.6609
both_turning,turning,0.05,0.01,1850,30,3039.17,80.3008,64.515,0.375846,0.480417,-27.049
both_turning,turning,0.05,0.01,1875,30,3081.2,82.7977,68.7762,0.379636,0.475789,-27.4323
both_turning,turning,0.05,0.01,1900,30,3120.67,84.6263,69.8491,0.377482,0.484504,-27.8189
both_turning,turning,0.05,0.01,1925,30,3160.83,85.696,70.7617,0.37985,0.472592,-28.1993
both_turning,turning,0.05,0.01,1950,30,3203.27,86.5088,69.6689,0.393281,0.483264,-28.5107
both_turning,turning,0.05,0.01,1975,30,3244.37,86.2445,69.676,0.41058,0.505478,-28.8835
both_turning,turning,0.05,0.01,2000,30,3284.43,86.9839,71.3969,0.411479,0.516827,-29.2702
